0,0,0,0,0,0,0,0,0,0,0,0,0,0,0,0,0,0,0,1.59543944278084e-07,0.000273442245088518,0.00142050290014595,0.019934406504035,0.0743987932801247,0.0841292887926102,0.0711031705141068,0.0763666033744812,0.081814132630825,0.0764824226498604,0.0701147317886353
0,0,0,0,0,0,0,0,0,0,0,0,0,0,0,0,0,0,0,5.37517599874526e-12,9.9893870356027e-05,0.000796879583504051,0.0146356150507927,0.0671457424759865,0.0765812024474144,0.0651959627866745,0.0731386989355087,0.080126591026783,0.0749144107103348,0.0691218748688698
0,0,0,0,0,0,0,0,0,0,0,0,0,0,0,0,0,0,0,0,2.09831305255648e-05,0.000461162737337872,0.0104510290548205,0.0595065988600254,0.0690312907099724,0.0590592697262764,0.0702122747898102,0.0782195851206779,0.0731294378638268,0.068186528980732
0,0,0,0,0,0,0,0,0,0,0,0,0,0,0,0,0,0,0,0,2.47193543145841e-06,0.000282293913187459,0.00740948598831892,0.0512107722461224,0.0612100921571255,0.0531434789299965,0.0671192482113838,0.0762951001524925,0.071408674120903,0.0673857480287552
0,0,0,0,0,0,0,0,0,0,0,0,0,0,0,0,0,0,0,0,4.82096673692922e-08,0.000190523322089575,0.00528347585350275,0.0422645881772041,0.0531015619635582,0.0471969470381737,0.0642675757408142,0.0743210762739182,0.069634921848774,0.0664666593074799
0,NaN,0,0,0,0,0,0,0,0,0,0,0,0,0,0,0,0,0,0,1.16584764064953e-09,0.00016273588698823,0.00389623758383095,0.0334725715219975,0.044764157384634,0.0414108224213123,0.0613668113946915,0.0722427517175674,0.0676778331398964,0.0654322281479836
NaN,NaN,0,0,0,0,0,0,0,0,0,0,0,0,0,0,0,0,0,0,1.41735967407186e-09,0.00014757203462068,0.00288580893538892,0.0260195080190897,0.0365068502724171,0.0353589728474617,0.0585290342569351,0.0701869502663612,0.0657420083880424,0.0644447058439255
NaN,NaN,NaN,0,0,0,0,0,0,0,0,0,0,0,0,0,0,0,0,0,0,0.000122555225971155,0.00220495159737766,0.0197475235909224,0.0289495643228292,0.0293259359896183,0.0554330013692379,0.0679407864809036,0.0638123601675034,0.0634675398468971
NaN,NaN,NaN,0,0,0,0,0,0,0,0,0,0,0,0,0,0,0,0,0,1.33667183224717e-11,9.62182239163667e-05,0.00179127382580191,0.0142225315794349,0.0221872329711914,0.0240022465586662,0.0523863062262535,0.0656190887093544,0.0617250539362431,0.0625123456120491
NaN,NaN,NaN,0,0,0,0,0,0,0,0,0,0,0,0,0,0,0,0,0,5.05357778193827e-12,6.92209141561761e-05,0.00146138551644981,0.0102981617674232,0.0167405046522617,0.0198480635881424,0.0489572808146477,0.0634210631251335,0.0594789981842041,0.0616117343306541
NaN,NaN,NaN,NaN,0,0,0,0,0,0,0,0,0,0,0,0,0,0,0,0,2.96804708631651e-13,4.55102599516977e-05,0.00118611694779247,0.00776082649827003,0.0122840516269207,0.0160788334906101,0.0455874726176262,0.0610334128141403,0.0572271272540092,0.0607208535075188
NaN,NaN,NaN,NaN,0,0,0,0,0,0,0,0,0,0,0,0,0,0,0,0,6.78882677070808e-13,3.17945341521408e-05,0.000959056313149631,0.00566456792876124,0.0091410493478179,0.013155372813344,0.0419498197734356,0.0585661865770817,0.0549816899001598,0.0598494932055473
NaN,NaN,NaN,NaN,NaN,0,0,0,0,0,0,0,0,0,0,0,0,0,0,0,1.02502792139473e-15,2.01084185391665e-05,0.000768943573348224,0.0043096705339849,0.00718317180871964,0.0107155852019787,0.0384693406522274,0.0561604648828506,0.0527336858212948,0.0589963383972645
NaN,NaN,NaN,NaN,NaN,NaN,0,0,0,0,0,0,0,0,0,0,0,0,0,0,2.92367279203839e-14,1.28491774376016e-05,0.000618697784375399,0.00339429522864521,0.00583919510245323,0.00906046200543642,0.0348855704069138,0.0535340495407581,0.0507921874523163,0.0579480677843094
NaN,NaN,NaN,NaN,NaN,NaN,NaN,0,0,0,0,0,0,0,0,0,0,0,0,0,0,7.71248141973047e-06,0.000507666845805943,0.00264712772332132,0.00474411249160767,0.00773662328720093,0.0313025303184986,0.0509063415229321,0.0489780455827713,0.056873083114624
NaN,NaN,NaN,NaN,NaN,NaN,NaN,0,0,0,0,0,0,0,0,0,0,0,0,0,0,3.60385024578136e-06,0.000414433132391423,0.00207076384685934,0.00334961852058768,0.00661840662360191,0.0278651434928179,0.0482798106968403,0.0471900328993797,0.0558016560971737
NaN,NaN,NaN,NaN,NaN,NaN,NaN,NaN,0,0,0,0,0,0,0,0,0,0,NaN,0,0,2.25295752898091e-06,0.000333584117470309,0.00169039040338248,0.00209172302857041,0.00566353602334857,0.024680158123374,0.0457000210881233,0.0454095751047134,0.0547461025416851
0,0,0,NaN,NaN,NaN,NaN,NaN,NaN,0,0,0,0,0,0,0,0,0,NaN,0,0,9.10693870537216e-07,0.000270255433861166,0.00137915031518787,0.00150971487164497,0.00476345047354698,0.0217669736593962,0.0432712286710739,0.0435917899012566,0.0537891052663326
0,0,0,0,NaN,NaN,NaN,NaN,NaN,0,0,0,0,0,0,0,0,0,0,0,0,6.45736577098432e-07,0.000222503877012059,0.00113481504376978,0.00129909138195217,0.00402200827375054,0.0191234741359949,0.0408525839447975,0.0417422205209732,0.0528458394110203
0,0,0,0,NaN,NaN,NaN,NaN,NaN,NaN,0,0,0,0,0,0,0,0,0,0,0,2.93536430717722e-07,0.000182743373443373,0.00095608492847532,0.00111601443495601,0.00340280588716269,0.0169260241091251,0.0381434485316277,0.039942279458046,0.0518939830362797
0,0,0,0,NaN,NaN,NaN,NaN,NaN,NaN,0,0,0,0,0,0,0,0,0,0,0,2.2435467883497e-07,0.000145897298352793,0.000774413696490228,0.000984543934464455,0.00291155441664159,0.0149276973679662,0.0354489162564278,0.0382652170956135,0.0509546995162964
0,0,0,0,0,0,NaN,NaN,NaN,NaN,0,0,0,0,0,0,0,0,0,0,0,1.01053309720101e-07,0.000113463342131581,0.0006060567102395,0.000876697595231235,0.00248934864066541,0.0130397081375122,0.0329421795904636,0.0367995090782642,0.0503174960613251
0,NaN,NaN,0,0,0,NaN,NaN,NaN,NaN,0,0,0,0,0,0,0,0,0,0,0,8.84483668528446e-08,8.57452032505535e-05,0.000453513232059777,0.000756852037739009,0.00215039774775505,0.0114426258951426,0.0305731818079948,0.0354217477142811,0.0496855862438679
NaN,NaN,NaN,NaN,0,0,NaN,NaN,NaN,NaN,0,0,0,0,0,0,0,0,0,0,0,3.45558497372167e-08,6.23547748546116e-05,0.000314844510285184,0.000648220826406032,0.00189889932516962,0.0102230925112963,0.0282537899911404,0.0340552181005478,0.0490352921187878
0,NaN,NaN,NaN,0,0,NaN,NaN,NaN,NaN,0,0,0,0,0,0,0,0,0,0,0,2.0440335646299e-08,4.34156027040444e-05,0.000205896445550025,0.000533546844962984,0.00167673442047089,0.00930464640259743,0.0261167380958796,0.0327075235545635,0.0483800657093525
0,NaN,NaN,NaN,0,0,NaN,NaN,NaN,NaN,0,0,0,0,0,0,0,0,0,0,0,5.7395075359068e-09,2.77764593192842e-05,0.000113286383566447,0.000421193893998861,0.00148816197179258,0.00850359443575144,0.0241504646837711,0.0313943214714527,0.047722440212965
0,NaN,NaN,NaN,NaN,NaN,NaN,NaN,NaN,NaN,0,0,0,0,0,0,0,0,0,0,0,2.23397789156365e-09,1.57501890498679e-05,4.73650106869172e-05,0.000318064034217969,0.00133141479454935,0.00774490181356668,0.022360360249877,0.0301251038908958,0.0470624193549156
0,NaN,NaN,NaN,NaN,NaN,NaN,NaN,NaN,NaN,0,0,0,0,0,0,0,0,0,0,0,0,6.76546687827795e-06,1.36652752189548e-05,0.00023753366258461,0.00117019889876246,0.00698526296764612,0.0209418069571257,0.0288149565458298,0.0463989228010178
0,NaN,NaN,NaN,NaN,NaN,NaN,NaN,NaN,NaN,NaN,0,0,0,0,0,0,0,0,0,0,0,1.25671385831083e-06,2.39098267229565e-06,0.000178189016878605,0.0010363879846409,0.00636996841058135,0.0196454413235188,0.0276353005319834,0.045707568526268
NaN,NaN,NaN,NaN,NaN,NaN,NaN,NaN,NaN,NaN,0,0,0,0,0,0,0,0,0,0,0,0,5.59246160491966e-08,2.43501744989771e-07,0.000134800633531995,0.000910561939235777,0.00591918965801597,0.0183287244290113,0.0267626699060202,0.0449972748756409
NaN,NaN,NaN,NaN,NaN,NaN,NaN,NaN,NaN,NaN,0,0,0,0,0,0,0,0,0,0,0,0,0,3.09217718097443e-08,0.000106339233752806,0.000805149378720671,0.005560711491853,0.0170566737651825,0.0258873850107193,0.0442769005894661
NaN,NaN,NaN,NaN,NaN,NaN,NaN,NaN,NaN,0,0,0,0,0,0,0,0,0,0,0,0,0,0,4.14717238328421e-09,8.54603131301701e-05,0.000730592641048133,0.00511862384155393,0.015989426523447,0.0250471141189337,0.0435530841350555
NaN,NaN,NaN,NaN,NaN,NaN,0,NaN,NaN,0,0,0,0,0,0,0,0,0,0,0,0,0,0,3.22293636223492e-10,6.97064242558554e-05,0.000678126350976527,0.00472236983478069,0.0150340013206005,0.0242702085524797,0.0428805649280548
NaN,NaN,NaN,NaN,NaN,NaN,0,NaN,NaN,0,0,0,0,0,0,0,0,0,0,0,0,0,0,1.11538686273227e-11,5.92825563217048e-05,0.000633219489827752,0.00439163437113166,0.0141290845349431,0.0235759112983942,0.0421925485134125
NaN,NaN,NaN,NaN,NaN,0,0,NaN,NaN,0,0,0,0,0,0,0,0,0,0,0,0,0,0,0,5.05862844875082e-05,0.000596120371483266,0.00411531096324325,0.013348969630897,0.0229412987828255,0.0414090342819691
NaN,NaN,NaN,NaN,0,0,0,NaN,NaN,0,0,0,0,0,0,0,0,0,0,0,0,0,0,0,4.35485526395496e-05,0.000569938507396728,0.00387078104540706,0.0126803694292903,0.0223267953842878,0.0409118644893169
NaN,NaN,NaN,NaN,0,0,0,NaN,NaN,0,0,0,0,0,0,0,0,0,0,0,0,0,0,0,3.83734404749703e-05,0.000546380877494812,0.00361562916077673,0.0119941560551524,0.0218219254165888,0.0406547077000141
NaN,NaN,NaN,0,0,0,0,NaN,0,0,0,0,0,0,0,0,0,0,0,0,0,0,0,0,3.35635413648561e-05,0.000524052942637354,0.00336587335914373,0.0114375296980143,0.021355489268899,0.0403967760503292
NaN,NaN,NaN,NaN,0,0,0,NaN,0,0,0,0,0,0,0,0,0,0,0,0,0,0,0,0,2.83508579741465e-05,0.000501143629662693,0.00315641425549984,0.0110209807753563,0.0209348537027836,0.040138017386198
NaN,NaN,NaN,NaN,0,0,0,NaN,0,0,0,0,0,0,0,0,0,0,0,0,0,0,0,0,2.48734722845256e-05,0.000472575600724667,0.00298767327331007,0.0105820978060365,0.020548963919282,0.03988953307271
NaN,NaN,NaN,NaN,0,0,0,0,0,0,0,0,0,0,0,0,0,0,0,0,0,0,0,0,2.14488736673957e-05,0.000434661051258445,0.00280246208421886,0.0102237714454532,0.0201742555946112,0.0396676734089851
NaN,NaN,NaN,NaN,NaN,NaN,0,0,0,0,0,0,0,0,0,0,0,0,0,0,0,0,0,0,1.64319590112427e-05,0.00039324612589553,0.00262196431867778,0.00999048445373774,0.019754184409976,0.0394455790519714
NaN,NaN,NaN,NaN,NaN,NaN,0,0,0,0,0,0,0,0,0,0,0,0,0,0,0,0,0,0,1.38336263262318e-05,0.000341433566063643,0.00247881282120943,0.00971151236444712,0.0194329507648945,0.0392469242215157
NaN,NaN,NaN,NaN,NaN,NaN,0,0,0,0,0,0,0,0,0,0,0,0,0,0,0,0,0,0,1.10059372673277e-05,0.000281344342511147,0.00236540520563722,0.00934323109686375,0.0191896259784698,0.0391934365034103
NaN,NaN,NaN,NaN,NaN,NaN,0,0,0,0,0,0,0,0,0,0,0,0,0,0,0,0,0,0,6.85999157212791e-06,0.000236360458075069,0.00229184841737151,0.00904982723295689,0.0189174190163612,0.0391707010567188
NaN,NaN,NaN,NaN,NaN,NaN,0,0,0,0,0,0,0,0,0,0,0,0,0,0,0,0,0,0,5.45394095752272e-06,0.000208193712751381,0.00222060852684081,0.0088791735470295,0.0186186954379082,0.0392783917486668
NaN,NaN,NaN,NaN,NaN,NaN,0,0,0,0,0,0,0,0,0,0,0,0,0,0,0,0,0,0,2.67630457528867e-06,0.000197372923139483,0.00220783520489931,0.00873629003763199,0.0182819981127977,0.0394897237420082
NaN,NaN,NaN,NaN,NaN,NaN,0,0,0,0,0,0,0,0,0,0,0,0,0,0,0,0,0,0,1.71650196989503e-06,0.000189042766578496,0.00222407653927803,0.00862759165465832,0.0178630705922842,0.0398712642490864
NaN,NaN,NaN,NaN,NaN,NaN,NaN,0,0,0,0,0,0,0,0,0,0,0,0,0,0,0,0,0,1.31638512357313e-06,0.000199072557734326,0.0022080959752202,0.00842638593167067,0.0177766419947147,0.0399783030152321
NaN,NaN,NaN,NaN,NaN,NaN,NaN,NaN,0,0,0,0,0,0,0,0,0,0,0,0,0,0,0,0,9.10457572445011e-07,0.000227872355026193,0.00217337696813047,0.00814440380781889,0.0179736539721489,0.0399187467992306
NaN,NaN,NaN,NaN,NaN,NaN,NaN,NaN,0,0,0,0,0,0,0,0,0,0,0,0,0,0,0,0,8.13188648862706e-07,0.000231642814469524,0.00220785615965724,0.00775316683575511,0.0182934049516916,0.0398594886064529
NaN,NaN,NaN,NaN,NaN,NaN,NaN,NaN,0,0,0,0,0,0,0,0,0,0,0,0,0,0,0,0,9.07585615550488e-07,0.00024913065135479,0.00223062187433243,0.00733941048383713,0.0186272189021111,0.0398005284368992
NaN,NaN,NaN,NaN,NaN,NaN,NaN,NaN,0,0,0,0,0,0,0,0,0,0,0,0,0,0,0,0,7.32881744625047e-07,0.00027361506363377,0.0022406552452594,0.00718295620754361,0.0191913526505232,0.0397418700158596
NaN,NaN,NaN,NaN,NaN,NaN,NaN,NaN,0,0,0,0,NaN,0,0,0,0,0,0,0,0,0,0,0,8.78282833127741e-07,0.00026965283905156,0.00239922781474888,0.00714714545756578,0.0201126039028168,0.0396835096180439
NaN,NaN,NaN,NaN,NaN,NaN,NaN,NaN,0,0,0,0,NaN,0,0,0,0,0,0,0,0,0,0,0,8.48473291625851e-07,0.00029318017186597,0.00247041671536863,0.00744869140908122,0.0206636190414429,0.0396254509687424
NaN,NaN,NaN,NaN,NaN,NaN,NaN,NaN,0,0,0,0,0,NaN,0,0,0,0,0,0,0,0,0,0,1.1317148391754e-06,0.000318068865453824,0.00244944076985121,0.00826018024235964,0.0206350721418858,0.0395676903426647
NaN,NaN,NaN,NaN,NaN,NaN,NaN,NaN,0,0,0,0,0,0,0,0,0,0,0,0,0,0,0,0,1.33907053623261e-06,0.000313285127049312,0.00254611298441887,0.00876878201961517,0.0206065624952316,0.0395102314651012
NaN,NaN,NaN,NaN,NaN,NaN,NaN,NaN,0,0,0,0,0,0,0,0,0,0,0,0,0,0,0,0,1.19258095310215e-06,0.00029633950907737,0.00263422331772745,0.0087535697966814,0.0205780901014805,0.0394530743360519
NaN,NaN,NaN,NaN,NaN,NaN,NaN,NaN,NaN,0,0,0,0,0,0,0,0,0,0,0,0,0,0,0,9.22389915558597e-07,0.00029098498634994,0.00262525607831776,0.00873821508139372,0.0205496549606323,0.0393962152302265
NaN,NaN,NaN,NaN,NaN,NaN,NaN,NaN,0,0,0,0,0,0,0,NaN,0,0,0,0,0,0,0,0,9.0392251195226e-07,0.00028922816272825,0.00261631235480309,0.0087228724732995,0.0205212589353323,0.039339654147625
NaN,NaN,NaN,NaN,NaN,NaN,NaN,NaN,0,0,0,0,0,0,0,0,0,0,0,0,0,0,0,0,2.47128991759382e-06,0.000389182358048856,0.00306453835219145,0.0103929443284869,0.0193596258759499,0.041032861918211
NaN,NaN,NaN,NaN,NaN,NaN,NaN,NaN,NaN,0,0,0,0,0,0,0,0,0,0,0,0,0,0,0,2.50837911153212e-06,0.000391275796573609,0.00307491910643876,0.0104075446724892,0.0193854961544275,0.0411100685596466
NaN,NaN,NaN,NaN,NaN,NaN,NaN,NaN,NaN,0,0,0,0,0,0,0,0,0,0,0,0,0,0,0,7.39317044917698e-07,0.000325793778756633,0.00308416178449988,0.0104221552610397,0.0194113999605179,0.0411876998841763
NaN,NaN,NaN,NaN,NaN,NaN,NaN,NaN,NaN,0,0,0,0,0,0,0,0,0,0,0,0,0,0,0,2.61239136989388e-08,0.000135320762638003,0.00226331828162074,0.0104360319674015,0.0194373410195112,0.0412657521665096
NaN,NaN,NaN,NaN,NaN,NaN,NaN,NaN,NaN,0,0,0,0,0,0,0,0,0,0,0,0,0,0,0,5.43525011664769e-08,0.000138332310598344,0.00117875065188855,0.00858373288065195,0.0194633174687624,0.0413442328572273
NaN,NaN,NaN,NaN,NaN,NaN,NaN,NaN,NaN,0,0,0,0,0,0,0,0,0,0,0,0,0,0,0,1.00091789079215e-07,0.000154435081640258,0.00118640728760511,0.00655957497656345,0.0194893274456263,0.0414231345057487
NaN,NaN,NaN,NaN,NaN,NaN,NaN,NaN,NaN,0,0,0,0,0,0,0,0,0,0,0,0,0,0,0,1.10987016910258e-07,0.000168148544616997,0.0011998942354694,0.00566095300018787,0.0182259306311607,0.0415024645626545
NaN,NaN,NaN,NaN,NaN,NaN,NaN,NaN,0,0,0,0,0,0,0,0,0,0,0,0,0,0,0,0,1.74744783976166e-07,0.000174446249729954,0.0012246856931597,0.00569692952558398,0.0162341725081205,0.041582215577364
NaN,NaN,NaN,NaN,NaN,NaN,NaN,NaN,0,0,NaN,0,0,0,0,0,0,0,0,0,0,0,0,0,2.51743074386468e-07,0.000185572862392291,0.00126198574434966,0.0057600480504334,0.0151331536471844,0.0416623912751675
NaN,NaN,NaN,NaN,NaN,NaN,NaN,NaN,0,0,NaN,NaN,0,0,0,0,0,0,0,0,0,0,0,0,4.35350784755428e-07,0.000195451939362101,0.00127803406212479,0.00582945207133889,0.0143913244828582,0.0417429953813553
NaN,NaN,NaN,NaN,NaN,NaN,NaN,NaN,NaN,NaN,NaN,NaN,NaN,0,0,0,0,0,0,0,0,0,0,0,6.04917545388162e-07,0.000209733363590203,0.00128683249931782,0.00590594485402107,0.0138124562799931,0.0418240204453468
NaN,NaN,NaN,NaN,NaN,NaN,NaN,NaN,NaN,NaN,NaN,0,NaN,0,0,0,0,0,0,0,0,0,0,0,7.94991535713052e-07,0.000231405996601097,0.00130208057817072,0.00597263919189572,0.0133802909404039,0.0419054739177227
NaN,NaN,NaN,NaN,NaN,NaN,NaN,NaN,NaN,0,0,0,0,0,0,0,0,0,0,0,0,0,0,0,1.04193122751894e-06,0.000250462268013507,0.00133734161499888,0.00604567583650351,0.0131686590611935,0.0416272692382336
NaN,NaN,NaN,NaN,NaN,NaN,NaN,NaN,0,0,0,0,0,0,0,0,0,0,0,0,0,0,0,0,1.25686779028911e-06,0.000268228410277516,0.00136490899603814,0.0059270984493196,0.0132029037922621,0.0407017916440964
NaN,NaN,NaN,NaN,NaN,NaN,NaN,NaN,0,0,0,0,0,0,0,0,0,0,0,0,0,0,0,0,1.87947534868727e-06,0.000288039009319618,0.00138553825672716,0.00550701096653938,0.0131078092381358,0.039987850934267
NaN,NaN,NaN,NaN,NaN,NaN,NaN,NaN,NaN,NaN,NaN,0,0,0,0,0,0,0,0,0,0,0,0,0,2.75085085377214e-06,0.000306767469737679,0.00139680574648082,0.00523135904222727,0.0128867272287607,0.0394155643880367
NaN,NaN,NaN,NaN,NaN,NaN,NaN,NaN,NaN,NaN,NaN,0,0,0,0,0,0,0,0,0,0,0,0,0,1.77328627160023e-06,0.000325968081597239,0.00140935031231493,0.00514299841597676,0.0126211335882545,0.0390063971281052
NaN,NaN,NaN,NaN,NaN,NaN,NaN,NaN,NaN,NaN,NaN,0,0,0,0,0,0,0,0,0,0,0,0,0,1.20183619856107e-06,0.000331308780005202,0.00141830439679325,0.00514843873679638,0.0123482579365373,0.0386511236429214
NaN,NaN,NaN,NaN,NaN,NaN,NaN,NaN,NaN,NaN,NaN,NaN,0,0,0,0,0,0,0,0,0,0,0,0,1.10497080640926e-06,0.000317475758492947,0.00140854844357818,0.00516096223145723,0.0121446708217263,0.0384493432939053
NaN,NaN,NaN,NaN,NaN,NaN,NaN,NaN,NaN,NaN,NaN,NaN,0,0,0,0,0,0,0,0,0,0,0,0,3.03602512019552e-08,0.000288067822111771,0.00138987426180393,0.00506169814616442,0.011965767480433,0.0382873974740505
NaN,NaN,NaN,NaN,NaN,NaN,NaN,NaN,NaN,NaN,NaN,NaN,0,0,0,0,0,0,0,0,0,0,0,0,4.60654199230248e-08,0.000252316676778719,0.00136883114464581,0.00480204867199063,0.0117848319932818,0.0381471924483776
NaN,NaN,NaN,NaN,NaN,NaN,NaN,NaN,NaN,NaN,NaN,NaN,0,0,0,0,0,0,0,0,0,0,0,0,1.33446192762676e-07,0.000242734386119992,0.00134016736410558,0.00452311709523201,0.0116351759061217,0.0381194241344929
NaN,NaN,NaN,NaN,NaN,NaN,NaN,NaN,NaN,NaN,NaN,0,0,0,0,0,0,0,0,0,0,0,0,0,3.76646539734793e-07,0.00027815526118502,0.00128006760496646,0.00427638972178102,0.0115021634846926,0.0381397493183613
NaN,NaN,NaN,NaN,NaN,NaN,NaN,NaN,NaN,NaN,NaN,NaN,0,0,0,0,0,0,0,0,0,0,0,0,8.6522408082601e-07,0.00034147544647567,0.00124384951777756,0.00410790601745248,0.0113928765058517,0.038168378174305
NaN,NaN,NaN,NaN,NaN,NaN,NaN,NaN,NaN,NaN,NaN,NaN,NaN,0,0,0,0,0,0,0,0,0,0,0,1.94498102246143e-06,0.00041694488027133,0.00125772797036916,0.00398440752178431,0.0112627297639847,0.0382052585482597
NaN,NaN,NaN,NaN,NaN,NaN,NaN,NaN,NaN,NaN,NaN,NaN,NaN,0,0,0,0,0,0,0,0,0,0,0,3.4558365769044e-06,0.000465241173515096,0.00134317995980382,0.00385233806446195,0.0111652351915836,0.0380860678851604
NaN,NaN,NaN,NaN,NaN,NaN,NaN,NaN,NaN,NaN,NaN,NaN,NaN,NaN,0,0,0,0,0,0,0,0,0,0,5.86445503358846e-06,0.000499761488754302,0.00143705203663558,0.00366584141738713,0.0111170308664441,0.0379076339304447
NaN,NaN,NaN,NaN,NaN,NaN,NaN,NaN,NaN,NaN,NaN,NaN,NaN,NaN,0,0,0,0,0,0,0,0,0,0,7.84534404374426e-06,0.000517512555234134,0.00147923792246729,0.00339603354223073,0.0110839270055294,0.0377156250178814
NaN,NaN,NaN,NaN,NaN,NaN,NaN,NaN,NaN,NaN,NaN,NaN,NaN,NaN,NaN,0,0,0,0,0,0,0,0,0,1.04418795672245e-05,0.000523699854966253,0.00151265400927514,0.00304711610078812,0.0110412649810314,0.0375685505568981
NaN,NaN,NaN,NaN,NaN,NaN,NaN,NaN,NaN,NaN,NaN,NaN,NaN,NaN,NaN,0,0,0,0,0,0,0,0,0,1.16797991722706e-05,0.000520389236044139,0.0015580061590299,0.00269675627350807,0.0109977377578616,0.037583515048027
NaN,NaN,NaN,NaN,NaN,NaN,NaN,NaN,NaN,NaN,NaN,NaN,NaN,NaN,NaN,0,0,0,0,0,0,0,0,0,1.29704849314294e-05,0.000499959103763103,0.00163562351372093,0.00240181642584503,0.010977347381413,0.0376241877675056
NaN,NaN,NaN,NaN,NaN,NaN,NaN,NaN,NaN,NaN,NaN,NaN,NaN,NaN,NaN,0,0,0,0,0,0,0,0,0,1.41997561513563e-05,0.00047316393465735,0.0016919948393479,0.002207494340837,0.0109628476202488,0.0376746542751789
NaN,NaN,NaN,NaN,NaN,NaN,NaN,NaN,NaN,NaN,NaN,NaN,NaN,NaN,NaN,0,0,0,0,0,0,0,0,0,1.34477222673013e-05,0.000454683700809255,0.00174271769355983,0.00218694191426039,0.0107474531978369,0.0377756766974926
NaN,NaN,NaN,NaN,NaN,NaN,NaN,NaN,NaN,NaN,NaN,NaN,NaN,NaN,NaN,0,0,0,0,0,0,0,0,0,1.41818045449327e-05,0.000432027649367228,0.00181482976768166,0.00222021876834333,0.0104916784912348,0.0379884131252766
NaN,NaN,NaN,NaN,NaN,NaN,NaN,NaN,NaN,NaN,NaN,NaN,NaN,NaN,NaN,NaN,0,0,0,0,0,0,0,0,1.39123258122709e-05,0.000416170427342877,0.00187339575495571,0.00228279246948659,0.0102615049108863,0.0382140167057514
NaN,NaN,NaN,NaN,NaN,NaN,NaN,NaN,NaN,NaN,NaN,NaN,NaN,NaN,NaN,NaN,0,0,0,0,NaN,0,0,0,1.218597026309e-05,0.000418186304159462,0.00190626399125904,0.0023682254832238,0.0100348405539989,0.0384474359452724
NaN,NaN,NaN,NaN,NaN,NaN,NaN,NaN,NaN,NaN,NaN,NaN,NaN,NaN,NaN,NaN,0,0,0,0,NaN,0,0,0,1.14969907372142e-05,0.000423343182774261,0.00193952198605984,0.00245604757219553,0.00986895896494389,0.0386886708438396
NaN,NaN,NaN,NaN,NaN,NaN,NaN,NaN,NaN,NaN,NaN,NaN,NaN,NaN,NaN,NaN,0,0,0,0,0,0,0,0,9.90764874586603e-06,0.000434582500020042,0.0019843908958137,0.00255877268500626,0.00975192990154028,0.0389614626765251
NaN,NaN,NaN,NaN,NaN,NaN,NaN,NaN,NaN,NaN,NaN,NaN,NaN,NaN,NaN,NaN,0,0,0,0,0,0,0,0,7.60399234422948e-06,0.000453387823654339,0.00202693603932858,0.00265994179062545,0.00969062186777592,0.0392701737582684
NaN,NaN,NaN,NaN,NaN,NaN,NaN,NaN,NaN,NaN,NaN,NaN,NaN,NaN,NaN,NaN,0,0,0,0,0,0,0,0,6.27126701147063e-06,0.000469006423372775,0.00206504669040442,0.00276356237009168,0.00971636269241571,0.0394294075667858
NaN,NaN,NaN,NaN,NaN,NaN,NaN,NaN,NaN,NaN,NaN,NaN,NaN,NaN,NaN,NaN,0,0,0,0,0,0,0,0,3.97624899051152e-06,0.000490866019390523,0.00210220017470419,0.00284597603604198,0.00977388583123684,0.0393714569509029
NaN,NaN,NaN,NaN,NaN,NaN,NaN,NaN,NaN,NaN,NaN,NaN,NaN,NaN,NaN,NaN,0,0,0,0,0,0,0,0,1.79633980224025e-06,0.000511869788169861,0.00213584420271218,0.00291314371861517,0.00984218902885914,0.0393123999238014
NaN,NaN,NaN,NaN,NaN,NaN,NaN,NaN,NaN,NaN,NaN,NaN,NaN,NaN,NaN,NaN,NaN,0,0,0,0,0,0,0,2.0660959307861e-06,0.000519327353686094,0.00217044400051236,0.00295938807539642,0.00989709794521332,0.0392656847834587
NaN,NaN,NaN,NaN,NaN,NaN,NaN,NaN,NaN,NaN,NaN,NaN,NaN,NaN,NaN,NaN,NaN,0,0,0,0,0,0,0,1.64576533734362e-06,0.000543257687240839,0.00220495043322444,0.00298989517614245,0.00992940086871386,0.0392791628837585
NaN,NaN,NaN,NaN,NaN,NaN,NaN,NaN,NaN,NaN,NaN,NaN,NaN,NaN,NaN,NaN,NaN,0,0,0,0,0,0,0,4.77711466828623e-07,0.00056379270972684,0.00224575470201671,0.00299451081082225,0.00988999661058187,0.0395211651921272
NaN,NaN,NaN,NaN,NaN,NaN,NaN,NaN,NaN,NaN,NaN,NaN,NaN,NaN,NaN,NaN,NaN,0,0,0,0,0,0,0,3.17086730206029e-08,0.000588493305258453,0.00229181372560561,0.00299485609866679,0.00985261704772711,0.0398039184510708
NaN,NaN,NaN,NaN,NaN,NaN,NaN,NaN,NaN,NaN,NaN,NaN,NaN,0,NaN,NaN,NaN,0,0,0,0,0,0,0,9.67101243531943e-08,0.0006172857247293,0.00234673009254038,0.00300214951857924,0.00983766373246908,0.0401013158261776
NaN,NaN,NaN,NaN,NaN,NaN,NaN,NaN,NaN,NaN,NaN,NaN,NaN,0,NaN,NaN,0,0,0,0,0,0,0,0,4.20281878632522e-07,0.00065905402880162,0.00241227122023702,0.00301794777624309,0.00986212585121393,0.0403904840350151
NaN,NaN,NaN,NaN,NaN,NaN,NaN,NaN,NaN,NaN,NaN,NaN,NaN,0,0,NaN,0,0,0,0,0,0,0,0,3.44375450822554e-07,0.000714798050466925,0.00248378422111273,0.00305931828916073,0.00988965388387442,0.0405509658157825
NaN,NaN,NaN,NaN,NaN,NaN,NaN,NaN,NaN,NaN,NaN,NaN,NaN,0,0,NaN,0,0,0,0,0,0,0,0,8.65504262037575e-07,0.000791418307926506,0.00258204340934753,0.00314701278693974,0.00996678043156862,0.0408090017735958
NaN,NaN,NaN,NaN,NaN,NaN,NaN,NaN,NaN,NaN,NaN,NaN,NaN,0,0,NaN,0,0,0,0,0,0,0,0,3.42782800544228e-06,0.000913546129595488,0.00266594905406237,0.00326112844049931,0.0100649436935782,0.0411109142005444
NaN,NaN,NaN,NaN,NaN,NaN,NaN,NaN,NaN,NaN,NaN,NaN,NaN,0,0,NaN,0,0,0,0,0,0,0,0,4.0439804251946e-06,0.00108807883225381,0.00274659809656441,0.00343827996402979,0.0101594915613532,0.0414320975542068
NaN,NaN,NaN,NaN,NaN,NaN,NaN,NaN,NaN,NaN,NaN,NaN,NaN,0,0,0,0,0,0,0,0,0,0,0,1.95950315173832e-06,0.00132878287695348,0.00282600498758256,0.00364960357546806,0.0102345934137702,0.0418320782482624
NaN,NaN,NaN,NaN,NaN,NaN,NaN,NaN,NaN,NaN,NaN,NaN,NaN,0,0,0,0,0,0,0,0,0,0,0,3.38144241140981e-06,0.00156760273966938,0.00284788385033607,0.00393312005326152,0.0102756218984723,0.0422649644315243
NaN,NaN,NaN,NaN,NaN,NaN,NaN,NaN,NaN,NaN,NaN,NaN,NaN,0,0,0,0,0,0,0,0,0,0,0,7.1187873800227e-06,0.00178154755849391,0.00288994470611215,0.00422223471105099,0.0103193763643503,0.0427149534225464
NaN,NaN,NaN,NaN,NaN,NaN,NaN,NaN,NaN,NaN,NaN,NaN,NaN,0,0,0,0,0,0,0,0,0,0,0,1.514110226708e-05,0.00198539276607335,0.00294684153050184,0.00448334123939276,0.0103768948465586,0.043233759701252
NaN,NaN,NaN,NaN,NaN,NaN,NaN,NaN,NaN,NaN,NaN,NaN,NaN,0,0,0,0,0,0,0,0,0,0,0,2.18439108721213e-05,0.00221829931251705,0.00301706558093429,0.00476221460849047,0.0104683190584183,0.0436668731272221
NaN,NaN,NaN,NaN,NaN,NaN,NaN,NaN,NaN,NaN,NaN,NaN,NaN,0,0,0,0,0,0,0,0,0,0,0,5.22575901413802e-05,0.00246628187596798,0.00307741179130971,0.00498060695827007,0.0105450125411153,0.0439858548343182
NaN,NaN,NaN,NaN,NaN,NaN,NaN,NaN,NaN,NaN,NaN,NaN,NaN,0,0,0,0,0,0,0,0,0,0,0,0.000110120221506804,0.00265159131959081,0.00312159419991076,0.00517791463062167,0.0106618944555521,0.0441600419580936
NaN,NaN,NaN,NaN,NaN,NaN,NaN,NaN,NaN,NaN,NaN,NaN,NaN,0,0,0,0,0,0,0,0,0,0,3.61462602742075e-14,0.000182264411705546,0.00290701608173549,0.00321147381328046,0.00534216221421957,0.0108609208837152,0.0442879982292652
NaN,NaN,NaN,NaN,NaN,NaN,NaN,NaN,NaN,NaN,NaN,NaN,NaN,0,0,0,0,0,0,0,0,0,0,6.27215767930005e-14,0.000302615197142586,0.00312807876616716,0.00337317236699164,0.00567052327096462,0.0110149933025241,0.0444313809275627
NaN,NaN,NaN,NaN,NaN,NaN,NaN,NaN,NaN,NaN,NaN,NaN,NaN,0,0,0,0,0,0,0,0,0,0,2.29965937785515e-12,0.000412658380810171,0.00331222196109593,0.00370841519907117,0.00593499047681689,0.0111536309123039,0.0445901863276958
NaN,NaN,NaN,NaN,NaN,NaN,NaN,NaN,NaN,NaN,NaN,NaN,NaN,0,0,0,0,0,0,0,0,0,0,6.33876458266958e-12,0.000541713088750839,0.0033623029012233,0.00410004425793886,0.00603898614645004,0.0113387797027826,0.0449284538626671
NaN,NaN,NaN,NaN,NaN,NaN,NaN,NaN,NaN,NaN,NaN,NaN,NaN,0,0,0,0,0,0,0,0,0,0,1.19346399429787e-09,0.000670419191010296,0.00348503026179969,0.00454516755416989,0.00602835323661566,0.0115724839270115,0.0455283746123314
NaN,NaN,NaN,NaN,NaN,NaN,NaN,NaN,NaN,NaN,NaN,NaN,NaN,0,0,0,0,0,0,0,0,0,0,1.27652164394476e-08,0.000749788421671838,0.00357605307362974,0.00510085141286254,0.00602374318987131,0.0117866359651089,0.0459830649197102
NaN,NaN,NaN,NaN,NaN,NaN,NaN,NaN,NaN,NaN,NaN,NaN,NaN,0,0,0,0,0,0,0,0,0,0,9.92038025060538e-08,0.000810488301794976,0.00367740960791707,0.00563068548217416,0.0060562901198864,0.0120273688808084,0.0464590080082417
NaN,NaN,NaN,NaN,NaN,NaN,NaN,NaN,NaN,NaN,NaN,NaN,NaN,0,0,0,0,0,0,0,0,0,0,7.06525270288694e-07,0.000836134946439415,0.00382167310453951,0.00607503112405539,0.00613698968663812,0.0123054245486856,0.0469678826630116
NaN,NaN,NaN,NaN,NaN,NaN,NaN,NaN,NaN,NaN,NaN,NaN,NaN,0,0,0,0,0,0,0,0,0,5.83237402818071e-10,5.49388005310902e-06,0.000894406926818192,0.00401305919513106,0.00632462278008461,0.00631824787706137,0.0124376555904746,0.0475096888840199
NaN,NaN,NaN,NaN,NaN,NaN,NaN,NaN,NaN,NaN,NaN,NaN,NaN,0,0,0,0,0,0,0,0,0,2.47209381853963e-08,2.58212185144657e-05,0.00100916670635343,0.0041794627904892,0.00647755712270737,0.00661290064454079,0.0124957319349051,0.0481155216693878
NaN,NaN,NaN,NaN,NaN,NaN,NaN,NaN,NaN,NaN,NaN,0,0,0,0,0,0,0,0,0,0,0,2.83283299040704e-07,7.98327964730561e-05,0.00115139875560999,0.0044168489985168,0.00651994161307812,0.00695517472922802,0.0126704834401608,0.0488796383142471
NaN,NaN,NaN,NaN,NaN,NaN,NaN,NaN,NaN,NaN,0,0,0,0,0,0,0,0,0,0,0,7.11373945860849e-11,2.1445428046718e-06,0.000171943174791522,0.00131614890415221,0.00474900472909212,0.00662107300013304,0.0073780776001513,0.0128786247223616,0.0495538599789143
NaN,NaN,NaN,NaN,NaN,NaN,NaN,NaN,NaN,NaN,0,0,0,0,0,0,0,0,0,0,0,1.33107480593253e-09,1.87383739103097e-05,0.000340670987498015,0.00150622706860304,0.00515461061149836,0.00683385413140059,0.00787451397627592,0.0130717158317566,0.0500429607927799
NaN,NaN,NaN,NaN,NaN,NaN,NaN,NaN,NaN,NaN,NaN,0,0,0,0,0,0,0,0,0,0,1.03124744299521e-08,8.39265121612698e-05,0.000688425148837268,0.00171094143297523,0.00559011148288846,0.00726052094250917,0.00836800131946802,0.0132948439568281,0.0505937822163105
NaN,NaN,NaN,NaN,NaN,NaN,NaN,NaN,NaN,NaN,NaN,0,0,0,0,0,0,0,0,0,0,5.31798676206563e-08,0.000230666031711735,0.00116460223216563,0.00198895507492125,0.00592662859708071,0.00780537677928805,0.0087152486667037,0.0134961046278477,0.0511861033737659
NaN,NaN,NaN,NaN,NaN,NaN,NaN,NaN,NaN,NaN,NaN,0,0,0,0,0,0,0,0,0,0,1.87468458534568e-07,0.000400311982957646,0.0016262560384348,0.00234466698020697,0.0060101835988462,0.00834431126713753,0.00908745918422937,0.0136740580201149,0.0518199279904366
NaN,NaN,NaN,NaN,NaN,NaN,NaN,NaN,NaN,NaN,NaN,0,0,0,0,0,0,0,0,0,0,3.31400258346548e-07,0.000497475382871926,0.00195619696751237,0.00270749605260789,0.00616621086373925,0.0089907068759203,0.00938623584806919,0.0138395149260759,0.0527125783264637
NaN,NaN,NaN,NaN,NaN,NaN,NaN,NaN,NaN,NaN,NaN,0,0,0,0,0,0,0,0,0,0,2.35356040434453e-07,0.000576967431697994,0.00219316221773624,0.00305344234220684,0.00655954796820879,0.00954207219183445,0.0096952710300684,0.0140272276476026,0.0541519597172737
NaN,NaN,NaN,NaN,NaN,NaN,NaN,NaN,NaN,NaN,NaN,0,0,0,0,0,0,0,0,0,0,1.70188457104814e-07,0.000772220024373382,0.00241212709806859,0.00323504651896656,0.00685931649059057,0.00998296774923801,0.00995337776839733,0.0144026419147849,0.0550888143479824
NaN,NaN,NaN,NaN,NaN,NaN,NaN,NaN,NaN,NaN,NaN,0,0,0,0,0,0,0,0,0,0,8.56276614058515e-08,0.00106914318166673,0.00254592252895236,0.00360204628668725,0.00742291705682874,0.0104276882484555,0.0101884193718433,0.0148676475510001,0.0555485524237156
NaN,NaN,NaN,NaN,NaN,NaN,NaN,NaN,NaN,NaN,NaN,0,0,0,0,NaN,0,0,0,0,0,3.81542939464907e-08,0.0013568407157436,0.00268438667990267,0.00407968368381262,0.00812209583818913,0.010785928927362,0.0104518868029118,0.0153119284659624,0.0560536831617355
NaN,NaN,NaN,NaN,NaN,NaN,NaN,NaN,NaN,NaN,NaN,NaN,0,0,0,0,0,0,0,0,0,2.25757670335724e-08,0.00160142686218023,0.00290446472354233,0.00434262957423925,0.00858661811798811,0.0111664012074471,0.0106343924999237,0.0156705547124147,0.0567875877022743
NaN,NaN,NaN,NaN,NaN,NaN,NaN,NaN,NaN,NaN,NaN,NaN,0,0,0,0,0,0,0,0,0,2.00710861264497e-08,0.00182936189230531,0.00305694248527288,0.00453328248113394,0.00901441089808941,0.0114300632849336,0.0107564590871334,0.0158457681536674,0.0578200183808804
NaN,NaN,NaN,NaN,NaN,NaN,NaN,NaN,NaN,NaN,NaN,NaN,0,0,0,0,0,0,0,0,0,7.53849178636301e-08,0.00207571173086762,0.00325986021198332,0.00473719229921699,0.00948024541139603,0.0115489615127444,0.010904829017818,0.0160523168742657,0.0590593591332436
NaN,NaN,NaN,NaN,NaN,NaN,NaN,NaN,NaN,NaN,NaN,NaN,0,0,0,0,0,0,0,0,0,7.53796086883085e-07,0.00232282746583223,0.00356947956606746,0.00494001200422645,0.0098578929901123,0.0117179360240698,0.0109428204596043,0.016274718567729,0.0606598034501076
NaN,NaN,NaN,NaN,NaN,NaN,NaN,NaN,NaN,NaN,NaN,NaN,0,0,0,0,0,0,0,0,0,3.91491767004482e-06,0.00261503015644848,0.00395372649654746,0.00517768925055861,0.01007488835603,0.0115587003529072,0.0110823474824429,0.016998378559947,0.060890581458807
NaN,NaN,NaN,NaN,NaN,NaN,NaN,NaN,NaN,NaN,NaN,NaN,0,0,0,0,0,0,0,0,0,1.17876779768267e-05,0.00287375878542662,0.00426431884989142,0.00544024165719748,0.0104216011241078,0.0115982452407479,0.0111837200820446,0.0181350223720074,0.0608373731374741
NaN,NaN,NaN,NaN,NaN,NaN,NaN,NaN,NaN,NaN,NaN,NaN,0,0,0,0,0,0,0,0,0,2.98326031042961e-05,0.00308569148182869,0.00459200469776988,0.00572652230039239,0.0107384985312819,0.0112672094255686,0.0111667150631547,0.0198490656912327,0.060784250497818
NaN,NaN,NaN,NaN,NaN,NaN,NaN,NaN,NaN,NaN,NaN,NaN,0,0,0,0,0,0,0,0,4.60029529660705e-13,6.34238094789907e-05,0.00325449532829225,0.00499775493517518,0.00604845769703388,0.0110417893156409,0.0111604342237115,0.0115135768428445,0.020463889464736,0.0607312135398388
NaN,NaN,NaN,NaN,NaN,NaN,NaN,NaN,NaN,NaN,NaN,NaN,0,0,0,0,0,0,0,0,1.27673718819388e-10,0.000112451270979363,0.00340701499953866,0.00544971413910389,0.00638931756839156,0.0112387407571077,0.0109012853354216,0.0116610554978251,0.020440811291337,0.0606782622635365
NaN,NaN,NaN,NaN,NaN,NaN,NaN,NaN,NaN,NaN,NaN,0,0,0,0,0,0,0,0,0,2.03319827640769e-09,0.000175842142198235,0.00353370443917811,0.0058462549932301,0.00671458477154374,0.0114315235987306,0.0108461445197463,0.0116567658260465,0.0204177498817444,0.0606254003942013
NaN,NaN,NaN,NaN,NaN,NaN,NaN,NaN,NaN,NaN,NaN,0,0,0,0,0,0,0,0,0,3.05816953982685e-08,0.000266347167780623,0.00367094669491053,0.00650168908759952,0.00717841368168592,0.0114745460450649,0.0104504553601146,0.012134812772274,0.0229715220630169,0.0697215721011162
NaN,NaN,NaN,NaN,NaN,NaN,NaN,NaN,NaN,NaN,NaN,0,0,0,0,0,0,0,0,0,2.38687846376706e-07,0.000368601875379682,0.00391841260716319,0.00728683918714523,0.00751412846148014,0.0115619925782084,0.010373835451901,0.0121396109461784,0.0230011716485023,0.0697769448161125
NaN,NaN,NaN,NaN,NaN,NaN,NaN,NaN,NaN,NaN,0,0,0,0,0,0,0,0,0,0,1.47625519275607e-06,0.000495008658617735,0.00422728154808283,0.00808538869023323,0.00788864400237799,0.0116784200072289,0.0102541856467724,0.0124772004783154,0.0230308417230844,0.069832406938076
NaN,NaN,NaN,NaN,NaN,NaN,NaN,NaN,NaN,NaN,0,0,0,0,0,0,0,0,0,0,7.7581571531482e-06,0.000648399465717375,0.00472981343045831,0.00880800094455481,0.00827586557716131,0.0119425961747766,0.0101948603987694,0.0129407048225403,0.0232229605317116,0.0698879584670067
0,NaN,NaN,NaN,NaN,NaN,NaN,NaN,NaN,NaN,0,0,0,0,0,0,0,0,0,0,2.69777683570283e-05,0.000853155390359461,0.00537092424929142,0.00949777942150831,0.00869123730808496,0.0120364520698786,0.0102838296443224,0.0130763426423073,0.0243154987692833,0.0699435919523239
0,NaN,NaN,NaN,NaN,NaN,NaN,NaN,NaN,NaN,0,0,0,0,0,0,0,0,0,0,6.08901427767705e-05,0.0011523962020874,0.00606901943683624,0.0099980141967535,0.0090640839189291,0.012135379947722,0.0102669456973672,0.0136852916330099,0.0260202959179878,0.0699993222951889
0,0,NaN,NaN,NaN,NaN,NaN,NaN,NaN,NaN,NaN,0,0,0,0,0,0,0,0,0,0.000132171669974923,0.00160770153161138,0.00682241143658757,0.0106366975232959,0.00944371894001961,0.0123195648193359,0.0104094902053475,0.0144163463264704,0.0273334234952927,0.0704008713364601
0,0,NaN,NaN,NaN,NaN,NaN,NaN,NaN,NaN,NaN,0,0,0,0,0,0,0,0,2.98741156257165e-08,0.000288344308501109,0.00223469990305603,0.00745804375037551,0.0111790467053652,0.00990363396704197,0.0126114971935749,0.0104904603213072,0.0147656723856926,0.0281478650867939,0.072434090077877
0,0,NaN,NaN,NaN,NaN,NaN,NaN,NaN,NaN,0,0,0,0,0,0,0,0,1.71003429515551e-13,1.06431059521128e-06,0.000542606925591826,0.00299710850231349,0.00782679300755262,0.0116627747192979,0.0104245422407985,0.0128924809396267,0.0107496213167906,0.0155073273926973,0.0293461177498102,0.0738089308142662
0,0,NaN,NaN,NaN,NaN,NaN,NaN,NaN,NaN,0,0,0,0,0,0,0,0,2.98595759229414e-10,7.98910332378e-06,0.000906733039300889,0.00382841960527003,0.00800993479788303,0.0122534381225705,0.0108741018921137,0.0132434424012899,0.0110126137733459,0.0166953857988119,0.0306674670428038,0.07492995262146
0,NaN,NaN,NaN,NaN,NaN,NaN,NaN,NaN,0,0,0,0,0,0,0,0,0,7.54671258818007e-09,3.03883625747403e-05,0.00141059188172221,0.0045522078871727,0.00813915487378836,0.0128516433760524,0.0112854856997728,0.0135427452623844,0.0112616829574108,0.0169973224401474,0.0326004400849342,0.0757195129990578
0,0,NaN,NaN,NaN,NaN,NaN,NaN,NaN,0,0,0,0,0,0,0,0,0,9.13077400355178e-08,8.20302375359461e-05,0.00202657515183091,0.00512194773182273,0.00830706488341093,0.0134099051356316,0.0118427155539393,0.0140013992786407,0.011524667032063,0.0172315202653408,0.034510001540184,0.0762530714273453
0,0,NaN,NaN,NaN,NaN,NaN,NaN,NaN,0,0,0,0,0,0,0,0,0,5.37274786438502e-07,0.000159705974510871,0.00263813766650856,0.0055148690007627,0.00867543090134859,0.0137644493952394,0.0123333893716335,0.014438753016293,0.0119756888598204,0.0176744926720858,0.0361357741057873,0.0767593234777451
NaN,0,NaN,NaN,NaN,NaN,NaN,NaN,NaN,0,0,0,0,0,0,0,0,2.33129135570817e-13,2.60561228060396e-06,0.000273824465693906,0.00319002149626613,0.00602597696706653,0.00916682556271553,0.0143444268032908,0.0130130285397172,0.014971537515521,0.0124660152941942,0.018499705940485,0.0374818369746208,0.0778756588697433
0,NaN,NaN,NaN,NaN,NaN,NaN,NaN,NaN,0,0,0,0,0,0,0,0,9.81482811690526e-11,6.42811937723309e-06,0.000430171814514324,0.00376817001961172,0.00673036091029644,0.00956164114177227,0.0147294029593468,0.0137352282181382,0.0154452603310347,0.0130372503772378,0.0193841196596622,0.0388282723724842,0.0796385332942009
0,NaN,NaN,NaN,NaN,NaN,NaN,NaN,NaN,0,0,0,0,0,0,0,0,2.70327693563388e-09,1.99061978491955e-05,0.000655011914204806,0.00449802679941058,0.00792468897998333,0.0103498548269272,0.0152260269969702,0.0142266638576984,0.015733253210783,0.0137802036479115,0.0204099621623755,0.0403538756072521,0.0809218287467957
0,NaN,NaN,NaN,NaN,NaN,NaN,NaN,NaN,0,0,0,0,0,0,0,0,2.05593693181072e-08,5.01235663250554e-05,0.00101230107247829,0.00531803164631128,0.00967031344771385,0.0117122083902359,0.0155660025775433,0.0146223157644272,0.016014413908124,0.0144488243386149,0.0217065047472715,0.0421347767114639,0.0819771885871887
0,NaN,NaN,NaN,NaN,NaN,NaN,NaN,NaN,0,0,0,0,0,0,0,0,1.13197742734883e-07,0.000100524688605219,0.00149017293006182,0.00632016733288765,0.0120069226250052,0.01353619992733,0.01603052765131,0.0150917507708073,0.0163080934435129,0.0152325313538313,0.0228486228734255,0.0444386936724186,0.0829909667372704
0,NaN,NaN,NaN,NaN,NaN,NaN,NaN,NaN,0,0,0,0,0,0,0,0,9.22923106827511e-07,0.00017831455625128,0.00199238141067326,0.00765780918300152,0.0150432726368308,0.0157247595489025,0.0163632910698652,0.0156143140047789,0.0165820922702551,0.0159676112234592,0.024149103090167,0.0465504266321659,0.0839631631970406
0,NaN,NaN,NaN,NaN,NaN,NaN,NaN,0,0,0,0,0,0,0,0,0,4.67945483251242e-06,0.000281546410406008,0.002436667913571,0.00919225066900253,0.0183664616197348,0.0183554515242577,0.0169314593076706,0.0159262605011463,0.0167710166424513,0.0166908577084541,0.0254260580986738,0.0483917370438576,0.0848606377840042
0,NaN,NaN,NaN,NaN,NaN,NaN,NaN,0,0,0,0,0,0,0,0,0,1.66788086062297e-05,0.000444584002252668,0.00287195388227701,0.0109329922124743,0.0222230944782495,0.0213341787457466,0.0177958495914936,0.0163130704313517,0.0170913245528936,0.0172900501638651,0.0264954566955566,0.0503204949200153,0.0861564204096794
0,NaN,NaN,NaN,NaN,NaN,NaN,NaN,NaN,NaN,0,0,0,0,0,0,7.05849961812888e-11,3.57252974936273e-05,0.000718544877599925,0.00351594993844628,0.012578658759594,0.0253888182342052,0.0241668205708265,0.0187904872000217,0.0165043510496616,0.0173606984317303,0.0178811326622963,0.0275493822991848,0.0521916933357716,0.0876476690173149
0,0,NaN,NaN,NaN,NaN,NaN,NaN,NaN,0,0,0,0,0,0,0,0,5.22958362125792e-05,0.00106852292083204,0.00444188946858048,0.0139106567949057,0.0279437024146318,0.0261497069150209,0.0198357813060284,0.0166328139603138,0.0175438914448023,0.0185052212327719,0.0286831874400377,0.0539754815399647,0.0888498947024345
0,0,NaN,NaN,NaN,NaN,NaN,NaN,NaN,0,0,0,0,0,0,0,0,6.66396954329684e-05,0.00146641198080033,0.00538646429777145,0.0151683380827308,0.0302992556244135,0.0275587141513824,0.0210054703056812,0.0170921441167593,0.0176420975476503,0.0190750621259212,0.0298281759023666,0.0557534024119377,0.0899605378508568
0,0,NaN,NaN,NaN,NaN,NaN,NaN,NaN,0,0,0,0,0,0,0,0,4.98820409120526e-05,0.0018916183616966,0.00605242745950818,0.0163203068077564,0.0329932942986488,0.0293723586946726,0.0223516505211592,0.0176302511245012,0.0176187269389629,0.0197425223886967,0.0307969469577074,0.0575707852840424,0.0910440161824226
0,0,0,NaN,NaN,NaN,NaN,NaN,NaN,0,0,0,0,0,0,0,0,1.75633813341847e-05,0.00191220152191818,0.00672632595524192,0.0174510963261127,0.0357980579137802,0.03163206204772,0.0237936731427908,0.0183634571731091,0.0175651591271162,0.0202832743525505,0.0317726731300354,0.0593996681272984,0.0921003296971321
0,0,0,NaN,NaN,NaN,NaN,NaN,NaN,0,0,0,0,0,0,0,0,4.69744736619759e-06,0.00156989123206586,0.0069291926920414,0.0185721535235643,0.0394286401569843,0.0345705188810825,0.0254150070250034,0.0192931238561869,0.0176143608987331,0.0208225343376398,0.0327356867492199,0.0612618401646614,0.0931554436683655
0,0,0,NaN,0,NaN,NaN,NaN,NaN,0,0,0,0,0,0,0,0,2.95633890345925e-06,0.00111943949013948,0.0070088510401547,0.0201044697314501,0.0435793325304985,0.0381502099335194,0.0278471726924181,0.0202213134616613,0.0176294725388288,0.0213230736553669,0.0336737595498562,0.0630862265825272,0.0945858582854271
0,0,0,0,0,NaN,NaN,NaN,NaN,0,0,0,0,0,0,0,0,2.4549135559937e-06,0.000938106328248978,0.00698672607541084,0.0216424632817507,0.0484022833406925,0.0425944440066814,0.0309150703251362,0.0211871769279242,0.0176009107381105,0.0218111146241426,0.034572210162878,0.0647339299321175,0.0957534909248352
0,0,0,0,0,NaN,NaN,NaN,NaN,0,0,0,0,0,0,0,0,1.80472545707744e-06,0.00086851476226002,0.00696487026289105,0.0234805028885603,0.0540618598461151,0.0475692674517632,0.0344453230500221,0.022049892693758,0.0177106708288193,0.0223286878317595,0.0354330018162727,0.066265843808651,0.096699632704258
0,0,0,0,0,0,0,NaN,0,0,0,0,0,0,0,0,0,1.7216124206243e-06,0.000758079055231065,0.00678155431523919,0.0260340962558985,0.0601268224418163,0.052906695753336,0.03850432112813,0.022924093529582,0.0177996549755335,0.0227488782256842,0.0362797118723392,0.0678364709019661,0.0976377874612808
0,0,0,0,0,0,0,NaN,0,0,0,0,0,0,0,0,0,1.55973475557403e-06,0.000631919130682945,0.00646296376362443,0.0293499678373337,0.066649004817009,0.0590413771569729,0.0429602563381195,0.0239026937633753,0.0178683921694756,0.0230819974094629,0.0370242930948734,0.0695235505700111,0.0985679551959038
0,0,0,0,0,0,NaN,NaN,0,0,0,0,0,0,0,0,0,2.31503645409248e-06,0.00054776162141934,0.00642775790765882,0.0326264910399914,0.0742021277546883,0.0655250698328018,0.0475910194218159,0.0249833837151527,0.0178960356861353,0.0233111828565598,0.037819117307663,0.0711649060249329,0.0994174480438232
0,0,0,0,0,0,NaN,0,0,0,0,0,0,0,0,0,0,2.79536334346631e-06,0.000557766004931182,0.00649122754111886,0.0358866341412067,0.0825503543019295,0.072312630712986,0.0521834529936314,0.0261321626603603,0.0179320778697729,0.0235790070146322,0.0387218073010445,0.0725684836506844,0.100070059299469
0,0,0,0,0,0,NaN,0,0,0,0,0,0,0,0,0,0,1.87564194220613e-06,0.000606716494075954,0.00693978648632765,0.0391881130635738,0.0912791639566422,0.0798117443919182,0.0564091093838215,0.0272841062396765,0.0180610883980989,0.0238836985081434,0.0396086573600769,0.0739248618483543,0.100768372416496
0,0,0,0,0,NaN,0,0,0,0,0,0,0,0,0,0,0,1.49121217418724e-06,0.000592230528127402,0.00685737142339349,0.0422059930860996,0.100633196532726,0.0880801901221275,0.0604353845119476,0.0284494031220675,0.0181783754378557,0.0242020953446627,0.0404997318983078,0.0753006115555763,0.101519763469696
0,0,0,0,0,NaN,NaN,0,0,0,0,0,0,0,0,0,0,8.34426657547738e-07,0.000565469032153487,0.00710552185773849,0.0468209683895111,0.109745971858501,0.0973171293735504,0.064416691660881,0.0295979734510183,0.0182689018547535,0.0244835186749697,0.0414368808269501,0.0766275450587273,0.102248623967171
0,0,0,0,0,NaN,0,0,0,0,0,0,0,0,0,0,0,1.83029044364957e-06,0.000615863362327218,0.00782651826739311,0.0520123206079006,0.119360581040382,0.107733532786369,0.0685210675001144,0.0306707005947828,0.01834118925035,0.0247566029429436,0.042334109544754,0.0779313445091248,0.102969504892826
0,0,0,0,0,0,0,0,0,0,0,0,0,0,0,0,0,1.76594426193333e-06,0.000788709963671863,0.00883530266582966,0.0573737397789955,0.129797622561455,0.119209483265877,0.0731507763266563,0.0317871607840061,0.018426114693284,0.0251002293080091,0.0431771352887154,0.0792334824800491,0.103676214814186
0,0,0,0,0,0,0,0,0,0,0,0,0,0,0,0,0,3.03642218568712e-06,0.00100309262052178,0.0107169151306152,0.0631039291620255,0.139701321721077,0.131125152111053,0.0782700255513191,0.0328504852950573,0.0185559038072824,0.0254604797810316,0.0439239926636219,0.0805504992604256,0.104352548718452
0,0,0,0,0,0,0,0,0,0,0,0,0,0,0,0,0,1.84203020126006e-06,0.00128673599101603,0.0127416662871838,0.0683091953396797,0.149686232209206,0.143904328346252,0.0837987586855888,0.0337525233626366,0.0186087153851986,0.0259190630167723,0.0444741807878017,0.0818706527352333,0.105023190379143
0,0,0,0,0,0,0,0,0,0,0,0,0,0,0,0,0,2.44764169110567e-06,0.00132592394948006,0.0149735361337662,0.0745414569973946,0.159311637282372,0.15627409517765,0.089623712003231,0.0348057337105274,0.0186047442257404,0.0263310447335243,0.0450135059654713,0.0832036212086678,0.105696342885494
0,0,0,0,0,0,0,0,0,0,0,0,0,0,0,0,0,1.88236117537599e-06,0.0012913461541757,0.0168624203652143,0.0811706408858299,0.169170513749123,0.169221416115761,0.0952643156051636,0.03574238717556,0.018716724589467,0.0267241820693016,0.0456251092255116,0.0843878611922264,0.106399945914745
0,0,0,0,0,0,0,0,0,0,0,0,0,0,0,0,0,3.22090681947884e-06,0.00132737262174487,0.0189968813210726,0.0892120078206062,0.178687572479248,0.182718530297279,0.100944310426712,0.0363935269415379,0.0188432205468416,0.0270098764449358,0.0464989468455315,0.0851011723279953,0.107164636254311
0,0,0,0,0,NaN,0,0,0,0,0,0,0,0,0,0,0,2.9870795970055e-06,0.00148031779099256,0.021029606461525,0.0974545851349831,0.188402369618416,0.195971816778183,0.106919407844543,0.0370984151959419,0.0188462603837252,0.0271645579487085,0.0474438481032848,0.0856781080365181,0.107937648892403
0,NaN,0,0,0,NaN,0,0,0,0,0,0,0,0,0,0,0,5.03131059303996e-06,0.00145914778113365,0.0231186579912901,0.10535342246294,0.198500990867615,0.208677262067795,0.112694457173347,0.0377759225666523,0.018837608397007,0.0273483190685511,0.0483512841165066,0.086223304271698,0.108710087835789
0,NaN,NaN,0,0,NaN,0,0,NaN,0,0,0,0,0,0,0,0,7.4195581873937e-06,0.00146096455864608,0.0246949344873428,0.112600445747375,0.209193900227547,0.219738706946373,0.119362480938435,0.0380897410213947,0.0190575197339058,0.0276895817369223,0.0490835793316364,0.0867881402373314,0.109497398138046
0,NaN,NaN,0,0,NaN,0,NaN,NaN,0,0,0,0,0,0,0,0,1.51088934217114e-05,0.00143286527600139,0.0258844085037708,0.119197688996792,0.219833567738533,0.230540379881859,0.125321745872498,0.0387118682265282,0.0193913895636797,0.0280877482146025,0.0498665943741798,0.0874317660927773,0.110413156449795
NaN,NaN,NaN,0,0,NaN,0,NaN,NaN,NaN,0,0,0,0,0,0,0,3.31626615661662e-05,0.00164283195044845,0.0268731564283371,0.126716032624245,0.230555102229118,0.239985883235931,0.131288394331932,0.0395195074379444,0.019777487963438,0.0284467842429876,0.0507167018949986,0.0881146565079689,0.111366204917431
NaN,NaN,NaN,NaN,NaN,NaN,NaN,NaN,NaN,NaN,0,0,0,0,0,0,0,6.14294767729007e-05,0.00204050540924072,0.0288048125803471,0.13367971777916,0.240353003144264,0.248057901859283,0.137806788086891,0.0400691591203213,0.0203739311546087,0.0288401078432798,0.0515909418463707,0.0888929888606071,0.112329587340355
NaN,NaN,NaN,NaN,NaN,NaN,NaN,NaN,NaN,NaN,0,0,0,0,0,0,0,0.000131148539367132,0.00257903547026217,0.0304967723786831,0.141847893595695,0.249629870057106,0.255131363868713,0.142773479223251,0.0410637371242046,0.021050525829196,0.0292144026607275,0.0525104887783527,0.0899182036519051,0.11328336596489
NaN,NaN,NaN,NaN,NaN,NaN,NaN,NaN,NaN,NaN,0,0,0,0,0,0,0,0.000260396074736491,0.00355079863220453,0.0340485014021397,0.149965986609459,0.257889002561569,0.261419594287872,0.147513225674629,0.0419809371232986,0.0218831021338701,0.0296674743294716,0.0535363145172596,0.0908496752381325,0.113933496177197
NaN,NaN,NaN,NaN,NaN,NaN,NaN,NaN,NaN,NaN,0,0,0,0,0,0,1.40609168752803e-08,0.000391784880775958,0.00464105466380715,0.0376237109303474,0.158925831317902,0.266690373420715,0.266915410757065,0.151574581861496,0.042932216078043,0.0228818338364363,0.0302089396864176,0.0545285232365131,0.0917556583881378,0.114480517804623
NaN,NaN,NaN,NaN,NaN,NaN,NaN,NaN,NaN,NaN,NaN,0,0,0,0,0,1.44781301969488e-06,0.000506399432197213,0.00575355160981417,0.0426025837659836,0.168291196227074,0.274392068386078,0.271783441305161,0.155028626322746,0.0441091768443584,0.0240391809493303,0.030750485137105,0.055667906999588,0.0928271859884262,0.115084029734135
NaN,NaN,NaN,NaN,NaN,NaN,NaN,NaN,NaN,NaN,NaN,0,0,0,0,0,1.646706914471e-05,0.000683015154208988,0.00683622853830457,0.0487750098109245,0.17651341855526,0.28367155790329,0.276560962200165,0.157477527856827,0.0450857393443584,0.0253779347985983,0.0312283914536238,0.0569876246154308,0.0940614119172096,0.115726426243782
NaN,NaN,NaN,NaN,NaN,NaN,NaN,NaN,NaN,NaN,NaN,0,0,0,0,0,4.60191004094668e-05,0.000888668757397681,0.00856216717511415,0.0548109859228134,0.185220673680305,0.292277693748474,0.281486719846725,0.159723147749901,0.0465511195361614,0.0266236942261457,0.031619418412447,0.0584593191742897,0.0954682230949402,0.116376131772995
NaN,NaN,NaN,NaN,NaN,NaN,NaN,NaN,NaN,NaN,NaN,0,0,0,0,2.37626501808919e-10,7.16619761078618e-05,0.00120349507778883,0.0103060938417912,0.0606744363903999,0.193635821342468,0.301060289144516,0.286616563796997,0.161967843770981,0.0476928763091564,0.0279789939522743,0.0320998840034008,0.0598653592169285,0.0971279516816139,0.117033168673515
0,NaN,NaN,NaN,NaN,NaN,NaN,NaN,NaN,NaN,0,0,0,0,0,1.85801063423696e-09,0.000106781430076808,0.00170233962126076,0.0119166513904929,0.0653970688581467,0.201542794704437,0.309477508068085,0.292245358228683,0.164128929376602,0.0485661774873734,0.0293992459774017,0.0329986698925495,0.0611577443778515,0.0989395827054977,0.117699883878231
0,NaN,NaN,NaN,NaN,NaN,NaN,NaN,NaN,NaN,0,0,0,0,0,8.84047750560057e-08,0.000201098198886029,0.00236646994017065,0.0132736852392554,0.0684807673096657,0.209950149059296,0.316920816898346,0.297437638044357,0.165619745850563,0.0501137785613537,0.0310369711369276,0.0341111719608307,0.062817171216011,0.100712463259697,0.118432089686394
NaN,NaN,NaN,NaN,NaN,NaN,NaN,NaN,NaN,NaN,0,0,0,0,0,7.55894188841921e-06,0.000457060465123504,0.00322517473250628,0.014635544270277,0.0716104283928871,0.21731835603714,0.324655950069427,0.303164035081863,0.167046338319778,0.0509392432868481,0.0330268032848835,0.0351203195750713,0.0651246383786201,0.101920455694199,0.119204171001911
0,NaN,NaN,NaN,NaN,NaN,NaN,NaN,NaN,NaN,0,0,0,0,0,4.04036254622042e-05,0.00104455801192671,0.00451050139963627,0.0178742371499538,0.0774579495191574,0.224840223789215,0.332082837820053,0.308533191680908,0.167978286743164,0.0524926409125328,0.0350328795611858,0.0360246375203133,0.0676693543791771,0.103259898722172,0.11999374628067
0,NaN,NaN,NaN,NaN,NaN,NaN,NaN,NaN,NaN,0,0,0,0,0,0.000125951744848862,0.001886494923383,0.00735371373593807,0.0231607668101788,0.0874300226569176,0.233528017997742,0.339184939861298,0.314406126737595,0.169316962361336,0.0535843223333359,0.0369962528347969,0.0375323668122292,0.0699123591184616,0.104799650609493,0.120813511312008
0,0,NaN,NaN,NaN,NaN,NaN,NaN,NaN,NaN,0,0,0,0,8.19956956760165e-16,0.000264340895228088,0.00269317347556353,0.0128584867343307,0.0315592251718044,0.101409703493118,0.243236407637596,0.346964299678802,0.320231705904007,0.170945107936859,0.0554988794028759,0.0396530479192734,0.0393418446183205,0.0721485465764999,0.106482543051243,0.121774330735207
0,NaN,NaN,NaN,NaN,NaN,NaN,NaN,NaN,NaN,0,0,0,0,0,0.000271411845460534,0.00461010867729783,0.0212052445858717,0.0442935936152935,0.117386758327484,0.25443696975708,0.355049461126328,0.326348423957825,0.173415571451187,0.0581467635929585,0.0428885444998741,0.0409125722944736,0.0747025012969971,0.108365528285503,0.122789666056633
0,NaN,NaN,NaN,NaN,NaN,NaN,NaN,NaN,NaN,0,0,0,0,0,0.000233986953389831,0.00746626174077392,0.0315454788506031,0.059990655630827,0.133960857987404,0.265712827444077,0.363221406936646,0.333034664392471,0.176232472062111,0.0617884397506714,0.0459770895540714,0.042878869920969,0.07762411236763,0.110446453094482,0.123828046023846
0,NaN,NaN,NaN,NaN,NaN,NaN,NaN,NaN,NaN,0,0,0,0,0,0.000184691307367757,0.0105533832684159,0.0423650220036507,0.0779587253928185,0.153126448392868,0.278463572263718,0.371982961893082,0.33965128660202,0.180330723524094,0.0660599321126938,0.0509424731135368,0.0457987412810326,0.0807667821645737,0.112608321011066,0.124519534409046
0,NaN,NaN,NaN,NaN,NaN,NaN,NaN,NaN,NaN,0,0,0,0,0,0.000141373151564039,0.0133316842839122,0.0535445287823677,0.0985680967569351,0.173523008823395,0.293010473251343,0.381349384784698,0.346234172582626,0.184900879859924,0.0724344179034233,0.0572608113288879,0.0492948219180107,0.0832714810967445,0.114236608147621,0.124725610017776
0,NaN,NaN,NaN,NaN,NaN,NaN,NaN,NaN,NaN,0,0,0,0,0,0.000121602286526468,0.0149805042892694,0.0668118521571159,0.120195537805557,0.19366018474102,0.309013545513153,0.390495270490646,0.353492677211761,0.191369876265526,0.0805190876126289,0.0642362907528877,0.0532922968268394,0.0861075446009636,0.116098970174789,0.124936111271381
0,NaN,NaN,NaN,NaN,NaN,NaN,NaN,NaN,0,0,0,0,0,0,0.000122348646982573,0.0156458783894777,0.0810951367020607,0.143708631396294,0.21508714556694,0.323885202407837,0.399882167577744,0.360983282327652,0.198941618204117,0.0892685502767563,0.0722930952906609,0.0583652257919312,0.0896140933036804,0.118222646415234,0.125151187181473
NaN,NaN,NaN,NaN,NaN,NaN,NaN,NaN,NaN,0,0,0,0,0,0,0.000128154104459099,0.0163664855062962,0.096269428730011,0.170357674360275,0.239458695054054,0.339438736438751,0.409638732671738,0.369158685207367,0.207641452550888,0.100416630506516,0.0806065052747726,0.0627661794424057,0.0937587469816208,0.120617486536503,0.125408500432968
NaN,NaN,NaN,NaN,NaN,NaN,NaN,NaN,NaN,0,0,0,0,0,3.88430851068836e-13,0.00013588328147307,0.0174126792699099,0.111549593508244,0.198649927973747,0.265231609344482,0.35604926943779,0.418823093175888,0.377638101577759,0.217490509152412,0.111720152199268,0.0910230055451393,0.0689154490828514,0.0961790010333061,0.123391643166542,0.125770404934883
NaN,NaN,NaN,NaN,NaN,NaN,NaN,NaN,NaN,0,0,0,0,0,2.0151526280987e-10,0.000155841102241538,0.0186912398785353,0.124789580702782,0.224904492497444,0.291400671005249,0.372858464717865,0.427846938371658,0.386364579200745,0.22925329208374,0.123560100793839,0.100105740129948,0.0773492604494095,0.0984521880745888,0.126489296555519,0.126152217388153
NaN,NaN,NaN,NaN,NaN,NaN,NaN,NaN,NaN,0,0,0,0,0,6.97581659103719e-10,0.000191321218153462,0.0194641221314669,0.135191813111305,0.248629242181778,0.316950440406799,0.388259887695313,0.43630376458168,0.394653350114822,0.241087824106216,0.13855953514576,0.111323028802872,0.0846011713147163,0.102514691650867,0.128200978040695,0.126590922474861
NaN,NaN,NaN,NaN,NaN,NaN,NaN,NaN,NaN,0,0,0,0,0,6.08914252353543e-09,0.000239403438172303,0.0196618996560574,0.143023267388344,0.269934833049774,0.340697646141052,0.403263926506042,0.444572329521179,0.403137713670731,0.255471169948578,0.151500806212425,0.126713305711746,0.0905675739049911,0.108038879930973,0.129671111702919,0.127292603254318
NaN,NaN,NaN,NaN,NaN,NaN,NaN,NaN,NaN,0,0,0,0,0,1.03331307954591e-08,0.000280962412944064,0.0194924548268318,0.148417502641678,0.288224726915359,0.361909002065659,0.419678717851639,0.452406585216522,0.411821931600571,0.268382579088211,0.170252248644829,0.13792710006237,0.100648567080498,0.111879885196686,0.131378307938576,0.128075510263443
NaN,NaN,NaN,NaN,NaN,NaN,NaN,NaN,NaN,0,0,0,0,0,4.46179910795763e-08,0.000305580033455044,0.0194240268319845,0.152588352560997,0.303069651126862,0.381374180316925,0.4350565969944,0.459782540798187,0.419371217489243,0.284444063901901,0.184824079275131,0.153465956449509,0.110950119793415,0.114529155194759,0.133365869522095,0.129099488258362
NaN,NaN,NaN,NaN,NaN,NaN,NaN,NaN,NaN,0,0,0,0,0,7.9571165656489e-08,0.000331924093188718,0.0196259487420321,0.155986130237579,0.314612597227097,0.399022787809372,0.448780030012131,0.466283202171326,0.428415298461914,0.298160344362259,0.203645572066307,0.168659225106239,0.118470683693886,0.118099398910999,0.135984808206558,0.130336955189705
NaN,NaN,NaN,NaN,NaN,NaN,NaN,NaN,NaN,0,0,0,0,0,5.08688948741565e-08,0.000393266789615154,0.0209654606878757,0.158779844641685,0.323235660791397,0.414647191762924,0.458742588758469,0.472020387649536,0.437903076410294,0.314146786928177,0.218516662716866,0.181578040122986,0.128143563866615,0.122943542897701,0.139582723379135,0.131955832242966
NaN,NaN,NaN,NaN,NaN,NaN,NaN,NaN,NaN,NaN,0,0,0,0,4.06871798475095e-08,0.000534431426785886,0.0226806309074163,0.161478787660599,0.329039752483368,0.427791625261307,0.463663518428802,0.476724684238434,0.447009384632111,0.327378660440445,0.234328046441078,0.196296364068985,0.138751581311226,0.127761676907539,0.141753032803535,0.132583320140839
NaN,NaN,NaN,NaN,NaN,NaN,NaN,NaN,NaN,NaN,0,0,0,0,1.69821447570939e-07,0.000765181321185082,0.0252339784055948,0.164717346429825,0.332491457462311,0.434740960597992,0.467151254415512,0.481497824192047,0.45501720905304,0.34213849902153,0.249525412917137,0.208846345543861,0.147882148623466,0.131509184837341,0.142836809158325,0.132648944854736
NaN,NaN,NaN,NaN,NaN,NaN,NaN,NaN,NaN,NaN,0,0,0,0,8.38610048958799e-07,0.00113202235661447,0.0278399810194969,0.168112516403198,0.334074437618256,0.438274294137955,0.469772428274155,0.485311537981033,0.461573630571365,0.353747755289078,0.263617038726807,0.222393557429314,0.160387739539146,0.136208280920982,0.144461691379547,0.132714241743088
NaN,NaN,NaN,NaN,NaN,NaN,NaN,NaN,NaN,NaN,0,0,0,0,1.59508476826886e-06,0.00163150683511049,0.0315686203539371,0.170581921935081,0.333783537149429,0.441048204898834,0.47032818198204,0.488269925117493,0.467288672924042,0.367080628871918,0.277439057826996,0.231257572770119,0.169687420129776,0.142542839050293,0.146731466054916,0.132779195904732
NaN,NaN,NaN,NaN,NaN,NaN,NaN,NaN,NaN,NaN,0,0,0,0,2.59795660895179e-06,0.00194855313748121,0.0358082056045532,0.171735525131226,0.333099335432053,0.441932290792465,0.470052629709244,0.489375829696655,0.472693294286728,0.376213878393173,0.290713161230087,0.246329769492149,0.174934834241867,0.147058323025703,0.149660930037498,0.132843837141991
NaN,NaN,NaN,NaN,NaN,NaN,NaN,NaN,NaN,0,0,0,0,0,1.63686581799993e-06,0.00201564049348235,0.041116438806057,0.17218866944313,0.331204563379288,0.44080263376236,0.469103246927261,0.487984299659729,0.476888447999954,0.388491481542587,0.300939053297043,0.255441308021545,0.18866366147995,0.147148996591568,0.154356747865677,0.132908135652542
NaN,NaN,NaN,NaN,NaN,NaN,NaN,NaN,NaN,0,0,0,0,0,5.75965896132402e-06,0.00240321876481175,0.0485897809267044,0.173462465405464,0.328625977039337,0.438524663448334,0.468095183372498,0.485071867704391,0.4811871945858,0.395867377519608,0.314827412366867,0.263591587543488,0.19953815639019,0.150178089737892,0.157297715544701,0.132972121238708
NaN,NaN,NaN,NaN,NaN,NaN,NaN,NaN,NaN,0,0,0,0,0,2.86227768810932e-05,0.0030510020442307,0.0597518496215343,0.179863482713699,0.326834470033646,0.435667723417282,0.46554970741272,0.48229444026947,0.484050959348679,0.405558705329895,0.320895671844482,0.280198812484741,0.200110644102097,0.160198494791985,0.157326027750969,0.133035764098167
NaN,NaN,NaN,NaN,NaN,NaN,NaN,NaN,NaN,0,0,0,NaN,NaN,7.86156524554826e-05,0.00548812095075846,0.0804343521595001,0.192911252379417,0.327625840902328,0.432337760925293,0.459730952978134,0.479670256376266,0.48609122633934,0.412946879863739,0.335644006729126,0.281958669424057,0.209863498806953,0.168369337916374,0.157354295253754,0.13309907913208
NaN,NaN,NaN,NaN,NaN,NaN,NaN,NaN,NaN,0,0,0,NaN,NaN,0.000228808392421342,0.0114926295354962,0.11341904103756,0.211854889988899,0.330740302801132,0.42704576253891,0.452392101287842,0.475160777568817,0.488528668880463,0.419467926025391,0.338599115610123,0.295902878046036,0.225914940237999,0.168408170342445,0.157382518053055,0.133162081241608
NaN,NaN,NaN,NaN,NaN,NaN,NaN,NaN,NaN,0,0,0,NaN,NaN,0.000885603600181639,0.0136627610772848,0.132867261767387,0.236077174544334,0.33630159497261,0.421866863965988,0.44409054517746,0.470221340656281,0.489674776792526,0.42765411734581,0.355179131031036,0.304488062858582,0.226135805249214,0.168443948030472,0.157410711050034,0.133224740624428
NaN,NaN,NaN,NaN,NaN,NaN,NaN,NaN,NaN,0,0,0,0,NaN,0.000604035391006619,0.00817332416772842,0.0795049518346786,0.261981189250946,0.343751847743988,0.417976260185242,0.435603529214859,0.4648477435112,0.490390181541443,0.430200904607773,0.355509608983994,0.304597169160843,0.22631074488163,0.168479695916176,0.157438844442368,0.133287072181702
NaN,NaN,NaN,NaN,NaN,NaN,NaN,NaN,NaN,0,0,0,0,NaN,0.000272991514066234,0.00396896945312619,0.00134615122806281,0.300193667411804,0.352842599153519,0.415650308132172,0.427434325218201,0.457626849412918,0.489665329456329,0.440886199474335,0.371220052242279,0.324183881282806,0.252938657999039,0.188670665025711,0.170226648449898,0.142393216490746
NaN,NaN,NaN,NaN,NaN,NaN,NaN,NaN,NaN,0,0,0,0,0,0.000149780695210211,0.0014962978893891,0.00148565357085317,0.335411339998245,0.360422670841217,0.415462613105774,0.422099441289902,0.453089535236359,0.487759858369827,0.442504495382309,0.371285915374756,0.324083060026169,0.252771228551865,0.188616797327995,0.170190423727036,0.142316460609436
NaN,NaN,NaN,NaN,NaN,NaN,NaN,NaN,NaN,0,0,0,0,0,7.22778058843687e-05,0.000586293288506567,0.00760758249089122,0.349182069301605,0.369376718997955,0.420491605997086,0.419852018356323,0.449079930782318,0.485806703567505,0.448384791612625,0.381973117589951,0.330318778753281,0.252643525600433,0.188562884926796,0.170154169201851,0.14223924279213
NaN,NaN,NaN,NaN,NaN,NaN,NaN,NaN,NaN,0,0,0,NaN,0,7.71223369611107e-07,5.49624783161562e-05,0.0193407367914915,0.337990880012512,0.381130993366241,0.430909842252731,0.419778048992157,0.44522887468338,0.481198310852051,0.449647337198257,0.383303493261337,0.340996354818344,0.26737505197525,0.18851226568222,0.17011784017086,0.142161533236504
NaN,NaN,NaN,NaN,NaN,NaN,NaN,NaN,0,0,0,NaN,NaN,0,0,0,0.0497993342578411,0.265840202569962,0.394073992967606,0.446613937616348,0.421817928552628,0.441101282835007,0.477213501930237,0.451847612857819,0.39072197675705,0.341469585895538,0.276485830545425,0.195638403296471,0.170081481337547,0.142083376646042
NaN,NaN,NaN,NaN,NaN,NaN,NaN,NaN,0,0,0,0,0,0,0,0,0.0726964026689529,0.289855569601059,0.41190630197525,0.466069281101227,0.425991296768188,0.439716726541519,0.4734126329422,0.451618164777756,0.393167942762375,0.350873649120331,0.276037901639938,0.203109219670296,0.170045047998428,0.142004728317261
NaN,NaN,NaN,NaN,NaN,NaN,NaN,0,0,0,0,0,0,0,0,0,0.0920720174908638,0.31156998872757,0.443204671144485,0.488136261701584,0.43208572268486,0.439550638198853,0.468968212604523,0.452055335044861,0.398905515670776,0.356110990047455,0.283049285411835,0.205207362771034,0.172122046351433,0.141925618052483
NaN,NaN,NaN,NaN,NaN,NaN,NaN,0,0,NaN,0,NaN,NaN,0,6.2727811833696e-10,0,0.0974237620830536,0.291151314973831,0.47821369767189,0.509321510791779,0.4398432970047,0.439681112766266,0.466027289628983,0.452293485403061,0.401860326528549,0.359303802251816,0.291888952255249,0.204983115196228,0.174872830510139,0.141846030950546
NaN,NaN,NaN,NaN,NaN,NaN,NaN,NaN,0,NaN,0,NaN,0,4.31361696362487e-10,8.00506484210928e-07,0.0226580407470465,0.0921565517783165,0.295999556779861,0.505540370941162,0.527588725090027,0.450158685445786,0.440366715192795,0.464162141084671,0.452602565288544,0.405231714248657,0.365952134132385,0.294562697410583,0.208343580365181,0.176290154457092,0.141765981912613
NaN,NaN,NaN,NaN,NaN,NaN,NaN,NaN,0,NaN,NaN,NaN,0,1.93619129618128e-07,7.35339417587966e-05,0.00443476671352983,0.0808073803782463,0.315847843885422,0.521453320980072,0.541424036026001,0.463262289762497,0.443272233009338,0.463394105434418,0.453016936779022,0.408040523529053,0.369402348995209,0.298121988773346,0.212714210152626,0.17736192047596,0.14168544113636
NaN,NaN,NaN,NaN,NaN,NaN,NaN,NaN,0,0,NaN,NaN,0,1.42961680467124e-05,0.000641289982013404,0.00199955957941711,0.0690646171569824,0.370949357748032,0.537499308586121,0.549288511276245,0.480499684810638,0.448446869850159,0.462438106536865,0.452607482671738,0.410196781158447,0.373404741287231,0.303559958934784,0.215064376592636,0.178415551781654,0.14160443842411
NaN,NaN,NaN,NaN,NaN,NaN,NaN,0,0,0,NaN,0,0,0.000121561948617455,0.00266513810493052,0.00682250317186117,0.21628525853157,0.423464894294739,0.547454297542572,0.556292176246643,0.502301454544067,0.456517308950424,0.46208131313324,0.452283829450607,0.413125991821289,0.377834647893906,0.307404279708862,0.216606676578522,0.179221421480179,0.141522973775864
NaN,NaN,NaN,NaN,NaN,NaN,NaN,0,0,0,NaN,0,0,0.000263243709923699,0.00821847002953291,0.021259032189846,0.256433546543121,0.471888810396194,0.561306715011597,0.568650364875793,0.529564797878265,0.468242794275284,0.462530940771103,0.451959490776062,0.415179789066315,0.381923019886017,0.311025708913803,0.218873754143715,0.180195048451424,0.141895711421967
NaN,NaN,NaN,NaN,NaN,NaN,NaN,NaN,0,0,NaN,NaN,NaN,9.10781891434453e-05,0.0142303351312876,0.0608309805393219,0.320317476987839,0.495788633823395,0.575342833995819,0.590040504932404,0.563661694526672,0.483457952737808,0.46434360742569,0.452592790126801,0.417437165975571,0.384789675474167,0.314079076051712,0.221497714519501,0.181239128112793,0.14301685988903
NaN,NaN,NaN,NaN,NaN,NaN,NaN,NaN,0,0,NaN,NaN,0,9.85483129625209e-05,0.0117315445095301,0.0951452776789665,0.356828838586807,0.488043963909149,0.581853926181793,0.606418430805206,0.603703796863556,0.502960860729218,0.468927830457687,0.453110724687576,0.41974350810051,0.388300746679306,0.316294699907303,0.223182752728462,0.181809782981873,0.143676728010178
NaN,NaN,NaN,NaN,NaN,NaN,NaN,NaN,0,0,NaN,0,0,3.54277872247621e-05,0.00746530666947365,0.115400306880474,0.325150340795517,0.555751502513885,0.570239186286926,0.642037272453308,0.649567484855652,0.528958857059479,0.475244134664536,0.45482012629509,0.4211046397686,0.391547083854675,0.31919926404953,0.22420260310173,0.182232171297073,0.144217029213905
NaN,NaN,NaN,NaN,NaN,NaN,NaN,NaN,0,0,0,0,0,4.20039250457194e-05,0.00480019813403487,0.0948767140507698,0.343941211700439,0.553413271903992,0.527944266796112,0.7269686460495,0.701228260993958,0.561882376670837,0.485481321811676,0.456754148006439,0.423711448907852,0.393323868513107,0.321536749601364,0.225657120347023,0.182607918977737,0.144651055335999
NaN,NaN,NaN,NaN,NaN,NaN,NaN,0,0,0,0,0,0,4.15798749600071e-05,0.00378138548694551,0.0556951984763145,0.296794652938843,0.515892803668976,0.484073728322983,0.796122848987579,0.757536828517914,0.600578010082245,0.50051736831665,0.460108309984207,0.424951016902924,0.396197110414505,0.322353512048721,0.228151947259903,0.182908624410629,0.145042419433594
NaN,NaN,NaN,NaN,NaN,NaN,NaN,0,0,0,0,0,0,3.16334553644992e-05,0.00312739424407482,0.0302939657121897,0.286460638046265,0.43112701177597,0.430582702159882,0.858307242393494,0.819490373134613,0.646434843540192,0.518435001373291,0.464575201272964,0.427163541316986,0.398407399654388,0.323935717344284,0.229757308959961,0.183336436748505,0.14535516500473
NaN,NaN,NaN,NaN,NaN,NaN,NaN,0,0,0,0,0,0,6.56446763969143e-06,0.00207679159939289,0.0157575253397226,0.275505810976028,0.354498118162155,0.435845702886581,0.899391293525696,0.881941854953766,0.699552536010742,0.542756855487823,0.470194786787033,0.428856015205383,0.400225549936295,0.326249241828918,0.23031921684742,0.184312716126442,0.145636528730392
NaN,NaN,NaN,NaN,NaN,NaN,NaN,0,0,0,0,0,0,1.70984685610165e-06,0.00130695337429643,0.0050227465108037,0.192944005131721,0.301907241344452,0.642813324928284,0.930031538009644,0.964626729488373,0.759576737880707,0.572993040084839,0.478510797023773,0.430833756923676,0.402544260025024,0.327222585678101,0.230835378170013,0.185276195406914,0.145890146493912
NaN,NaN,NaN,NaN,NaN,NaN,NaN,0,0,0,0,0,NaN,NaN,0.000791088095866144,0.00179492414463311,0.167001366615295,0.253586679697037,0.561037719249725,0.974247872829437,1.08259272575378,0.825694501399994,0.607257544994354,0.487749993801117,0.433057278394699,0.404145658016205,0.326843440532684,0.232120797038078,0.185987517237663,0.146011769771576
NaN,NaN,NaN,NaN,NaN,NaN,NaN,NaN,0,0,0,0,0,0,0.000315424083964899,0.00650019710883498,0.0835933014750481,0.187718152999878,0.422867685556412,1.00694799423218,1.16507053375244,0.895935475826263,0.644483923912048,0.500330448150635,0.43571150302887,0.405361145734787,0.326908648014069,0.232935726642609,0.186493068933487,0.146076440811157
NaN,NaN,NaN,NaN,NaN,NaN,NaN,0,0,0,0,0,0,6.28823104698029e-10,0.000138894029078074,0.0087985023856163,0.0585526861250401,0.164801195263863,0.442387342453003,1.01296079158783,1.2063490152359,0.972001910209656,0.686862468719482,0.513172507286072,0.438320070505142,0.406135499477386,0.326510667800903,0.233512610197067,0.186730355024338,0.146130114793777
NaN,NaN,NaN,NaN,NaN,NaN,NaN,0,0,0,0,0,0,4.22374274444692e-10,0.000134070942294784,0.0110498173162341,0.0398793257772923,0.138543158769608,0.642737030982971,0.96180784702301,1.24555826187134,1.04344284534454,0.72416478395462,0.528395712375641,0.442362993955612,0.406777918338776,0.325688183307648,0.233812943100929,0.186811611056328,0.146172910928726
0,0,NaN,NaN,NaN,NaN,NaN,NaN,0,0,NaN,NaN,0,NaN,0.000100933808425907,0.0206714197993279,0.0162358563393354,0.153596267104149,0.643836140632629,0.923427700996399,1.26308536529541,1.06137001514435,0.764054298400879,0.543562471866608,0.44557049870491,0.407233774662018,0.324397683143616,0.234201639890671,0.187054947018623,0.146449327468872
0,0,0,NaN,NaN,NaN,NaN,NaN,0,0,NaN,0,0,0,0.000179917638888583,0.0126537010073662,0.00469917524605989,0.285175085067749,0.617225289344788,0.895906090736389,NaN,1.02712726593018,0.799779176712036,0.559942901134491,0.450143069028854,0.406928837299347,0.322876185178757,0.234386667609215,0.18716461956501,0.146658316254616
0,0,0,0,NaN,NaN,NaN,NaN,NaN,0,0,0,0,0,0.00115800544153899,0.00838677305728197,0.0336504615843296,0.323464334011078,0.569541990756989,NaN,NaN,1.01791048049927,0.832663118839264,0.577275693416595,0.454430192708969,0.406850069761276,0.32098600268364,0.234361380338669,0.187159270048141,0.146931156516075
0,0,0,0,NaN,NaN,NaN,NaN,NaN,0,0,0,0,0,0.00156114005949348,0.00576502736657858,0.137131035327911,0.322273910045624,0.50032240152359,NaN,NaN,0.930344760417938,0.871970772743225,0.595942795276642,0.45870640873909,0.406456381082535,0.319081127643585,0.234037414193153,0.187014430761337,0.147164091467857
0,0,0,0,0,NaN,NaN,NaN,0,0,0,0,0,4.40923031419516e-07,0.0011206412455067,NaN,0.161220714449883,0.260111898183823,0.373167634010315,NaN,0.433656096458435,0.76849627494812,0.898604154586792,0.617060005664825,0.464154243469238,0.405595600605011,0.316943615674973,0.233694732189178,0.186714217066765,0.147208705544472
0,0,0,0,0,NaN,NaN,NaN,0,0,0,0,0,1.71405317814788e-05,0.000634481606539339,0.0294900741428137,0.0950560495257378,0.162713453173637,0.203103810548782,NaN,0.414417266845703,0.657695651054382,0.922860562801361,0.640378713607788,0.468201696872711,0.40509632229805,0.314531296491623,0.233480766415596,0.186434209346771,0.147223919630051
0,0,0,0,0,NaN,NaN,0,0,0,0,0,NaN,9.91662673186511e-05,0.000347887427778915,0.0306527856737375,0.060290914028883,0.134060695767403,0.102397792041302,NaN,0.406596779823303,0.581488430500031,0.966758012771606,0.664368033409119,0.475151538848877,0.404417037963867,0.311912208795547,0.233115285634995,0.186056211590767,0.147228196263313
0,0,0,0,0,0,NaN,0,0,0,0,0,NaN,0.000229001423576847,0.000192927924217656,0.031959243118763,0.0450100153684616,0.117457278072834,0.0764258801937103,0.0791735500097275,0.298723459243774,NaN,0.99509984254837,0.689872324466705,0.480577439069748,0.403395056724548,0.309466868638992,0.232465147972107,0.185768201947212,0.147134408354759
0,0,0,0,0,0,0,0,0,0,0,NaN,0,0,0.000102911777503323,0.0302447993308306,0.031496349722147,0.100705705583096,0.0606902837753296,0.126496374607086,0.246230691671371,NaN,1.04255795478821,0.715721607208252,0.48822233080864,0.402964264154434,0.3071129322052,0.231522992253304,0.185524567961693,0.146814689040184
0,0,0,0,NaN,0,0,0,0,0,0,NaN,0,0,8.01273708930239e-05,0.0212394054979086,0.0232310947030783,0.0450599044561386,0.038762204349041,0.129273697733879,0.284903407096863,NaN,1.06521141529083,0.740472614765167,0.495773017406464,0.4023058116436,0.304320126771927,0.230582922697067,0.185261204838753,0.146478116512299
0,0,0,0,NaN,0,0,NaN,NaN,0,0,NaN,0,4.03529014647575e-07,4.54858854936901e-05,0.0210855156183243,0.0163265038281679,0.0457751527428627,0.040274016559124,0.119378328323364,0.465495377779007,NaN,1.07437098026276,0.765385866165161,0.503691494464874,0.401570022106171,0.301686465740204,0.229857966303825,0.184847146272659,0.146135047078133
0,0,0,0,0,0,0,NaN,NaN,0,0,NaN,NaN,1.6973407923615e-07,1.63189633894945e-05,0.0109194433316588,0.0115350037813187,NaN,NaN,0.136575475335121,0.536314249038696,NaN,1.09624969959259,0.788209557533264,0.513330459594727,0.401552647352219,0.29930904507637,0.228973925113678,0.184299737215042,0.145785480737686
0,0,0,0,0,0,0,0,0,0,0,NaN,NaN,3.88598681011487e-10,2.08853271033149e-06,0.00792180467396975,0.0102291041985154,NaN,NaN,NaN,0.598064541816711,NaN,1.11154341697693,0.808856010437012,0.521844506263733,0.401440680027008,0.296638756990433,0.227863684296608,0.183666408061981,0.145390793681145
0,0,0,0,0,0,0,0,0,0,NaN,NaN,NaN,3.72989230376219e-14,1.57883077918086e-05,NaN,0.00985985063016415,NaN,NaN,NaN,0.644005715847015,NaN,1.11209082603455,0.828758776187897,0.533297300338745,0.401539623737335,0.294210374355316,0.226697564125061,0.182956710457802,0.144934371113777
0,0,0,0,0,0,0,0,0,0,NaN,NaN,NaN,0,1.96234177565202e-05,0.00796648766845465,0.00861277896910906,NaN,NaN,NaN,0.643158793449402,NaN,1.02700340747833,0.83893495798111,0.543823182582855,0.402454793453217,0.292060434818268,0.225634679198265,0.182287156581879,0.14454248547554
0,0,0,0,0,0,0,0,0,0,0,NaN,NaN,0,7.95761588960886e-05,0.00277896714396775,0.00338780833408237,2.19732055484201e-06,NaN,NaN,NaN,NaN,NaN,0.838774561882019,0.554647445678711,0.403070747852325,0.28995019197464,0.224404662847519,0.181681737303734,0.144166067242622
0,0,0,0,0,0,0,0,0,0,0,NaN,NaN,0,0.000141799289849587,0.00124423170927912,8.13594233477488e-05,0.00128957151900977,NaN,NaN,NaN,NaN,1.04199528694153,0.864280641078949,0.569432556629181,0.403718918561935,0.288073360919952,0.223097652196884,0.180992737412453,0.143783703446388
0,0,0,0,0,0,0,0,0,0,0,NaN,NaN,0,0.000120104399684351,0.000219420806388371,0.000345400854712352,0.00691874790936708,0.0131383137777448,NaN,NaN,NaN,NaN,0.857578158378601,0.581273794174194,0.406620889902115,0.28585284948349,0.221959739923477,0.180220082402229,0.143394887447357
NaN,NaN,0,0,0,0,0,0,0,0,NaN,NaN,0,0,1.42397275340045e-05,7.2393704613205e-06,0.000679777818731964,0.00861557479947805,0.0143669657409191,NaN,NaN,NaN,NaN,0.858106434345245,0.594411849975586,0.408474236726761,0.284828662872314,0.220678552985191,0.17947581410408,0.142950534820557
NaN,NaN,0,0,0,0,0,0,0,0,NaN,NaN,0,0,0,8.63558125274722e-06,0.000934119452722371,0.0105784619227052,0.0143074654042721,0.0219360776245594,NaN,NaN,NaN,0.862908542156219,0.610901951789856,0.41010320186615,0.283804416656494,0.219213902950287,0.178775817155838,0.142272517085075
NaN,NaN,0,0,0,0,0,0,0,NaN,NaN,NaN,0,0,0,9.7766187536763e-06,0.00110401515848935,0.0108094997704029,0.0201976653188467,0.0288861133158207,NaN,NaN,NaN,0.89522659778595,0.624013066291809,0.413890451192856,0.282536625862122,0.218112081289291,0.178056418895721,0.141553103923798
NaN,NaN,0,0,0,0,0,0,0,NaN,NaN,0,0,0,0,8.87818532646634e-06,0.000955487426836044,0.00943922623991966,0.022243645042181,0.0423228815197945,NaN,NaN,NaN,0.903597474098206,0.638434708118439,0.418366402387619,0.281248480081558,0.216939941048622,0.177212253212929,0.140819817781448
NaN,0,0,0,0,NaN,0,0,0,NaN,NaN,0,0,0,0,5.14085513714235e-06,0.000622205319814384,0.00828361697494984,0.0240360889583826,0.0497764907777309,NaN,NaN,NaN,0.919716119766235,0.655000567436218,0.422192275524139,0.28079217672348,0.215671867132187,0.176322788000107,0.140099704265594
NaN,0,0,0,NaN,NaN,NaN,NaN,NaN,NaN,NaN,0,0,0,0,3.28562009599409e-07,0.000244111666688696,0.00449586240574718,0.0231261998414993,0.056729007512331,0.105017952620983,NaN,NaN,0.948391914367676,0.66938728094101,0.42569574713707,0.280956834554672,0.214488238096237,0.175566762685776,0.139538362622261
NaN,0,0,NaN,NaN,NaN,NaN,NaN,NaN,NaN,0,0,0,0,0,7.25952797875351e-10,9.95311347651295e-05,0.00425350060686469,0.0344643443822861,0.0709224566817284,0.112187504768372,NaN,NaN,0.951758146286011,0.682470858097076,0.432251751422882,0.280836224555969,0.213150441646576,0.174769774079323,0.138896748423576
0,0,0,NaN,NaN,NaN,NaN,NaN,NaN,NaN,0,0,0,0,0,0,1.18431098599103e-05,0.0140051664784551,0.0455221571028233,0.0771720334887505,0.125436007976532,NaN,NaN,0.984017729759216,0.698450922966003,0.438559383153915,0.280724704265594,0.211800560355186,0.173901751637459,0.138213589787483
0,0,0,0,NaN,NaN,NaN,NaN,0,0,0,0,0,0,0,0,0,0.0247240271419287,NaN,0.0832346901297569,0.170084282755852,NaN,NaN,1.00320172309875,0.712438583374023,0.444697737693787,0.28000196814537,0.210892155766487,0.172991394996643,0.137506768107414
0,0,0,0,NaN,0,0,NaN,0,0,0,0,0,0,0,0,0,NaN,NaN,0.0920347720384598,0.202077299356461,0.393178105354309,NaN,1.03821885585785,0.725443840026855,0.450322300195694,0.280780673027039,0.209735959768295,0.172022983431816,0.13668392598629
0,0,0,0,0,0,0,NaN,0,0,0,0,0,0,0,0,0,NaN,NaN,0.0991974622011185,0.233274593949318,0.432083964347839,1.23499238491058,1.05255937576294,0.740147233009338,0.458094984292984,0.281401455402374,0.208563506603241,0.171069756150246,0.135815680027008
0,0,0,NaN,0,0,NaN,0,0,0,0,0,0,0,0,0,1.00941477398919e-09,NaN,NaN,0.0948605909943581,0.20229184627533,0.466980874538422,1.23499238491058,1.07846689224243,0.754840612411499,0.465226411819458,0.281789302825928,0.207467377185822,0.170067712664604,0.134925797581673
0,0,0,0,0,0,NaN,0,0,0,0,0,0,0,0,3.8732628215854e-11,9.18556608553445e-08,NaN,NaN,0.0782317370176315,0.0677604749798775,0.536335647106171,1.2193204164505,1.09405291080475,0.768090903759003,0.471933245658875,0.281653463840485,0.206211671233177,0.169051975011826,0.133901104331017
0,0,0,0,0,0,NaN,0,0,0,0,0,0,0,0,1.27475573208358e-07,1.7318974414593e-06,NaN,NaN,NaN,NaN,0.593936860561371,1.25155067443848,1.11202263832092,0.78182327747345,0.478166937828064,0.28117161989212,0.20506776869297,0.167988553643227,0.132954597473145
0,0,0,0,0,0,0,0,0,0,0,0,0,0,0,7.63455409469316e-06,9.77665695245378e-06,NaN,NaN,NaN,NaN,0.640769243240356,1.23121392726898,1.125333070755,0.795926570892334,0.486000776290894,0.280920654535294,0.203888848423958,0.166841968894005,0.132137164473534
0,0,0,0,0,0,0,0,0,0,0,0,0,0,0,2.83392109849956e-05,1.51405783981318e-05,NaN,NaN,NaN,NaN,0.690227448940277,1.18589890003204,1.13753247261047,0.809024751186371,0.492691695690155,0.281345307826996,0.202737361192703,0.165653079748154,0.13128274679184
0,0,0,0,0,0,0,0,0,0,0,0,0,0,3.32060494656616e-08,5.66193666600157e-05,8.59711144585162e-06,NaN,NaN,NaN,NaN,0.738617718219757,1.32207715511322,1.15181946754456,0.82127457857132,0.498521149158478,0.28070455789566,0.201861813664436,0.164258822798729,0.130401462316513
0,0,0,0,0,0,0,0,0,0,0,0,0,0,0,6.14812452113256e-05,0,NaN,NaN,NaN,NaN,0.779832124710083,1.30489695072174,1.16835629940033,0.833246648311615,0.503201067447662,0.279958605766296,0.200421318411827,0.163069576025009,0.129499644041061
0,0,0,0,0,0,0,0,0,0,0,0,0,0,0,2.59427415585378e-05,NaN,NaN,NaN,NaN,NaN,0.779832124710083,1.41103076934814,1.18653690814972,0.84708172082901,0.506866693496704,0.27843189239502,0.199210807681084,0.161945372819901,0.128577306866646
0,0,0,0,0,0,0,0,0,0,0,0,0,0,0,7.32143178083788e-07,NaN,NaN,NaN,NaN,NaN,NaN,1.44009411334991,1.20422887802124,0.857809722423553,0.511427164077759,0.276307821273804,0.197891563177109,0.160706222057343,0.127408787608147
0,0,0,0,0,0,0,0,0,1.5005566789128e-09,0,0,0,0,0,NaN,NaN,NaN,NaN,NaN,NaN,NaN,1.46064293384552,1.22274136543274,0.866208255290985,0.514666736125946,0.274492025375366,0.19650761783123,0.159410387277603,0.125956863164902
0,0,0,0,0,0,0,0,4.12998758747563e-07,2.16330749935878e-06,0,0,0,0,NaN,NaN,NaN,NaN,NaN,NaN,NaN,NaN,1.47199380397797,1.24272036552429,0.871872007846832,0.515576004981995,0.272821336984634,0.195101335644722,0.158328011631966,0.124927170574665
0,0,0,0,0,0,0,0,0.000202807117602788,0.00187969754915684,0,0,NaN,NaN,NaN,NaN,NaN,NaN,NaN,NaN,NaN,NaN,1.48915719985962,1.25538110733032,0.876875758171082,0.514382302761078,0.271270245313644,0.193486168980598,0.157058537006378,0.123884297907352
0,0,0,0,0,0,0,0,0.000676086405292153,0.00538254855200648,4.1071016312344e-05,0,NaN,NaN,NaN,NaN,NaN,NaN,NaN,NaN,NaN,NaN,1.47834765911102,1.26812386512756,0.880895435810089,0.512353539466858,0.268514633178711,0.192333653569221,0.155435651540756,0.122798226773739
0,0,0,0,0,0,NaN,NaN,0.000282667257124558,0.00128319498617202,0.000290107476757839,0,NaN,NaN,NaN,NaN,NaN,NaN,NaN,NaN,NaN,NaN,1.45905327796936,1.27721118927002,0.881557881832123,0.509847939014435,0.265990734100342,0.190811201930046,0.154178723692894,0.121668949723244
0,0,0,0,0,NaN,NaN,NaN,7.00053424225189e-05,0.000834784121252596,0.000196481749298982,0,NaN,NaN,NaN,NaN,NaN,NaN,NaN,NaN,NaN,1.02158892154694,1.37235057353973,1.28358805179596,0.878833532333374,0.507702231407166,0.262413501739502,0.189378157258034,0.153125464916229,0.120454326272011
0,0,0,0,NaN,NaN,NaN,NaN,NaN,0.000532814243342727,0.00153024483006448,NaN,NaN,NaN,NaN,NaN,NaN,NaN,NaN,NaN,NaN,1.02158892154694,1.44055831432343,1.29206120967865,0.874970972537994,0.505541384220123,0.259072035551071,0.188010603189468,0.151833027601242,0.119023464620113
0,0,0,NaN,NaN,NaN,NaN,NaN,NaN,NaN,NaN,NaN,NaN,NaN,NaN,NaN,NaN,NaN,NaN,NaN,NaN,NaN,1.53290510177612,1.30089676380157,0.870865523815155,0.501968264579773,0.255386382341385,0.186478808522224,0.150354608893394,0.117775835096836
0,0,NaN,NaN,NaN,NaN,NaN,NaN,NaN,NaN,NaN,NaN,NaN,NaN,NaN,NaN,NaN,NaN,NaN,NaN,NaN,NaN,1.507657289505,1.30539000034332,0.867383420467377,0.496511876583099,0.251372754573822,0.184872254729271,0.149029359221458,0.116963237524033
0,NaN,NaN,NaN,NaN,NaN,NaN,NaN,NaN,NaN,NaN,NaN,NaN,NaN,NaN,NaN,NaN,NaN,NaN,NaN,NaN,NaN,1.41080784797668,1.30269479751587,0.863416254520416,0.488564908504486,0.248871520161629,0.182996839284897,0.147571504116058,0.116089522838593
0,NaN,NaN,NaN,NaN,NaN,NaN,NaN,NaN,NaN,NaN,NaN,NaN,NaN,NaN,NaN,NaN,NaN,NaN,NaN,NaN,NaN,1.37983584403992,1.26840627193451,0.856207609176636,0.480468481779099,0.245318248867989,0.18153740465641,0.145988658070564,0.115166358649731
0,NaN,NaN,NaN,NaN,NaN,NaN,NaN,NaN,NaN,NaN,NaN,NaN,NaN,NaN,NaN,NaN,NaN,NaN,NaN,NaN,NaN,NaN,1.26256918907166,0.846252083778381,0.470896184444427,0.242703780531883,0.179411366581917,0.144915506243706,0.114193759858608
0,NaN,NaN,NaN,NaN,NaN,NaN,NaN,NaN,NaN,NaN,NaN,NaN,NaN,NaN,NaN,NaN,NaN,NaN,NaN,NaN,NaN,NaN,1.2546294927597,0.834422707557678,0.460616499185562,0.239105001091957,0.177595064043999,0.143910840153694,0.112992934882641
0,NaN,NaN,NaN,NaN,NaN,NaN,NaN,NaN,NaN,NaN,NaN,NaN,NaN,NaN,NaN,NaN,NaN,NaN,NaN,NaN,NaN,NaN,1.24511909484863,0.819237351417542,0.450752854347229,0.236043825745583,0.175681889057159,0.14259172976017,0.111316494643688
0,0,NaN,NaN,NaN,NaN,NaN,NaN,NaN,NaN,NaN,NaN,NaN,NaN,NaN,NaN,NaN,NaN,NaN,NaN,NaN,NaN,NaN,1.23457646369934,0.800468623638153,0.441096425056458,0.233021721243858,0.173756748437881,0.141257613897324,0.110193766653538
0,0,0,0,NaN,NaN,NaN,NaN,NaN,NaN,NaN,NaN,NaN,NaN,NaN,NaN,NaN,NaN,NaN,NaN,NaN,NaN,NaN,1.22110867500305,0.778968751430511,0.431138664484024,0.229427844285965,0.171630710363388,0.140114784240723,0.109593138098717
0,0,0,0,0,0,NaN,NaN,NaN,NaN,NaN,NaN,NaN,NaN,NaN,NaN,NaN,NaN,NaN,NaN,NaN,NaN,NaN,1.18560910224915,0.758792996406555,0.419336229562759,0.22665973007679,0.169637262821198,0.138640224933624,0.108943969011307
0,0,0,0,0,0,NaN,NaN,NaN,NaN,NaN,NaN,NaN,NaN,NaN,NaN,NaN,NaN,NaN,NaN,NaN,NaN,NaN,1.11720216274261,0.738193035125732,0.408121526241302,0.222819417715073,0.168139666318893,0.137054592370987,0.108121976256371
0,0,0,0,0,0,NaN,NaN,NaN,NaN,NaN,NaN,NaN,NaN,NaN,NaN,NaN,NaN,NaN,NaN,NaN,NaN,NaN,1.10235238075256,0.713114798069,0.396898716688156,0.219634100794792,0.165801540017128,0.136175647377968,0.107067279517651
0,0,0,0,0,0,NaN,NaN,NaN,NaN,NaN,NaN,NaN,NaN,NaN,NaN,NaN,NaN,NaN,NaN,NaN,NaN,NaN,1.08868539333344,0.686690270900726,0.384621739387512,0.216256737709045,0.164397791028023,0.135122627019882,0.105790168046951
0,0,0,0,0,0,NaN,NaN,NaN,NaN,NaN,NaN,NaN,NaN,NaN,NaN,NaN,NaN,NaN,NaN,NaN,NaN,NaN,1.02088761329651,0.659496247768402,0.372714310884476,0.212576732039452,0.162630543112755,0.133826807141304,0.104049243032932
0,0,0,0,0,0,0,NaN,NaN,NaN,NaN,NaN,NaN,NaN,NaN,NaN,NaN,NaN,NaN,NaN,NaN,NaN,NaN,0.841362178325653,0.631564676761627,0.360567450523376,0.209388300776482,0.161185175180435,0.132809340953827,0.103764869272709
0,0,0,0,0,0,0,NaN,NaN,NaN,NaN,NaN,NaN,NaN,NaN,NaN,NaN,NaN,NaN,NaN,NaN,NaN,NaN,0.790968358516693,0.60375314950943,0.350307494401932,0.205845549702644,0.158982172608376,0.1314497590065,0.103785112500191
0,0,0,0,0,0,0,0,NaN,NaN,NaN,NaN,NaN,NaN,NaN,NaN,NaN,NaN,NaN,NaN,NaN,NaN,NaN,0.752940952777863,0.577903211116791,0.338342875242233,0.201990380883217,0.158260747790337,0.129196301102638,0.10380531847477
0,0,0,0,0,0,0,0,0,NaN,NaN,NaN,NaN,NaN,NaN,NaN,NaN,NaN,NaN,NaN,NaN,NaN,NaN,0.718773782253265,0.553660929203033,0.324568688869476,0.199649274349213,0.155534461140633,0.128268525004387,0.103825479745865
0,0,0,0,0,0,0,0,0,NaN,NaN,NaN,NaN,NaN,NaN,NaN,NaN,NaN,NaN,NaN,NaN,NaN,NaN,0.70300430059433,0.529166519641876,0.314947038888931,0.194384530186653,0.153499126434326,0.128297448158264,0.103845611214638
0,0,0,0,0,0,0,0,0,NaN,NaN,NaN,NaN,NaN,NaN,NaN,NaN,NaN,NaN,NaN,NaN,NaN,NaN,0.670043647289276,0.504258930683136,0.305635541677475,0.193252921104431,0.15352638065815,0.12832635641098,0.103865697979927
0,0,0,0,0,0,0,0,0,NaN,NaN,NaN,NaN,NaN,NaN,NaN,NaN,NaN,NaN,NaN,NaN,NaN,NaN,0.621930658817291,0.474115788936615,0.289679795503616,0.186643972992897,0.147933855652809,0.120824120938778,0.0928447693586349
0,0,0,0,0,0,0,0,0,NaN,NaN,NaN,NaN,NaN,NaN,NaN,NaN,NaN,NaN,NaN,NaN,NaN,NaN,0.582675576210022,0.451110869646072,0.281156927347183,0.185457602143288,0.147905275225639,0.120795145630836,0.0928135216236115
0,0,0,0,0,0,0,0,0,NaN,NaN,NaN,NaN,NaN,NaN,NaN,NaN,NaN,NaN,NaN,NaN,NaN,NaN,0.54896742105484,0.42903459072113,0.272119343280792,0.180024847388268,0.145182028412819,0.120766147971153,0.0927822142839432
0,0,0,0,0,0,0,0,0,NaN,0.0202620159834623,NaN,NaN,NaN,NaN,NaN,NaN,NaN,NaN,NaN,NaN,NaN,NaN,0.516776382923126,0.407800197601318,0.260164171457291,0.177530243992805,0.141454130411148,0.11907534301281,0.0927508473396301
0,0,0,0,0,0,0,0,1.13163971249275e-10,1.6333134844615e-09,0.0193571709096432,0.0173755642026663,NaN,NaN,NaN,NaN,NaN,NaN,NaN,NaN,NaN,NaN,NaN,0.496495723724365,0.386575222015381,0.25040465593338,0.173188239336014,0.140342250466347,0.11562729626894,0.0927194207906723
0,0,0,0,0,0,0,0,3.6572103567778e-08,2.08679693969316e-06,0.0156329236924648,0.0148996077477932,NaN,NaN,NaN,NaN,NaN,NaN,NaN,NaN,NaN,NaN,NaN,0.467627614736557,0.365115523338318,0.241913244128227,0.169616609811783,0.137296840548515,0.113854616880417,0.0926879346370697
0,0,0,0,0,0,0,0,1.50035714341357e-06,0.000141568249091506,0.0201190952211618,NaN,8.78175414982252e-05,NaN,NaN,NaN,NaN,NaN,NaN,NaN,NaN,0.0366389267146587,0.0388670489192009,0.431867808103561,0.344560116529465,0.232669964432716,0.166157722473145,0.134750470519066,0.112503230571747,0.0924161151051521
0,0,0,0,0,0,0,0,1.12394764073542e-05,0.000991496490314603,0.00909169670194387,0.00608859956264496,0.000734092493075877,0,NaN,NaN,NaN,NaN,NaN,NaN,NaN,0.0366389267146587,0.068814255297184,0.393229901790619,0.324987322092056,0.22415716946125,0.162552058696747,0.132289320230484,0.109956912696362,0.0909799188375473
0,0,0,0,NaN,0,0,0,2.2928727503313e-06,0.000618444115389138,0.00143329799175262,0.00199776166118681,0.000246065959800035,2.41775001086353e-06,NaN,NaN,NaN,NaN,NaN,NaN,NaN,NaN,0.0912120640277863,0.365626096725464,0.30644816160202,0.215917304158211,0.159114465117455,0.130120009183884,0.108097329735756,0.0898106768727303
0,0,0,0,NaN,0,0,0,7.51916218177939e-09,0.000125738297356293,0.0003885364276357,0.000458424328826368,6.79453660268337e-05,4.67342979391105e-05,1.21337643577135e-05,0.00431744288653135,0.000982702244073153,0.000999894225969911,0.0196687448769808,NaN,NaN,0.0596420355141163,0.134611964225769,0.336183160543442,0.288584917783737,0.208602473139763,0.155803248286247,0.126912280917168,0.106722719967365,0.088808074593544
0,0,0,0,NaN,0,0,0,6.69140992615169e-11,2.61448858509539e-05,0.000130276312120259,4.26679034717381e-05,2.09723875741474e-05,0.000532828620634973,0.00269191991537809,0.0142404697835445,0.0122446278110147,0.439788043498993,0.0163410529494286,0.000854607846122235,NaN,0.0691264048218727,0.174952581524849,0.305384308099747,0.272645175457001,0.201516047120094,0.151871666312218,0.124632447957993,0.104494765400887,0.0880602821707726
0,0,0,0,NaN,NaN,0,0,0,2.80050676337851e-06,1.63886870723218e-05,1.52578184042795e-06,6.13211814197712e-05,0.00170345383230597,0.00811602361500263,0.0348830930888653,0.0625771731138229,0.197713494300842,0.01504344958812,0.00123944645747542,NaN,0.0546666048467159,0.184750139713287,0.279513716697693,0.258825987577438,0.194326564669609,0.148458644747734,0.122074201703072,0.102523505687714,0.0875055268406868
0,0,0,0,NaN,NaN,0,0,0,1.15225118335616e-08,2.10350151519378e-07,0,2.42438964050962e-05,0.00139326020143926,0.0141448909416795,0.0534150451421738,0.0978426486253738,0.158681243658066,0.0133614614605904,0.000449020328233019,2.54446490544069e-06,0.0677706003189087,0.174525454640388,0.257037431001663,0.246276393532753,0.187829583883286,0.144404962658882,0.119557276368141,0.101024813950062,0.0869839414954185
0,0,0,0,0,NaN,0,0,0,0,0,0,9.40975581897874e-08,0.000347184162819758,0.00584095669910312,0.0346293598413467,0.0806460529565811,0.108191788196564,0.00999270658940077,0.00036317206104286,1.12558645923855e-05,0.0661035031080246,0.154552564024925,0.234864488244057,0.23474808037281,0.18125182390213,0.140624061226845,0.117123313248158,0.0995123907923698,0.0861908495426178
0,0,0,0,0,NaN,0,0,0,0,0,0,0,2.87041930278065e-05,0.00179685757029802,0.0183711722493172,0.0632275268435478,0.071542426943779,0.00659906910732388,0.000173004853422754,4.64453405584209e-05,0.0530615299940109,0.121802590787411,0.213696092367172,0.223880082368851,0.174796834588051,0.136713981628418,0.114417694509029,0.0978643447160721,0.0851082280278206
0,0,0,0,0,0,0,0,0,0,0,0,0,1.17204017158201e-07,0.000306906673358753,0.00759228365495801,0.0357580743730068,0.0326112695038319,0.00449779024347663,0.000123097182950005,0.000118549884064123,0.0425479859113693,0.0863150954246521,0.194700121879578,0.213410437107086,0.168572664260864,0.132453233003616,0.111977182328701,0.0965353399515152,0.0842490345239639
0,0,0,0,0,0,0,0,0,0,0,0,0,1.10272968534275e-09,3.33735260937829e-05,0.0026626659091562,0.0135527923703194,0.0124457636848092,0.00241643865592778,5.54358302906621e-05,0.000222206901526079,0.0196630526334047,0.0641958564519882,0.178472653031349,0.202987164258957,0.162417590618134,0.128662049770355,0.10921797901392,0.0952282547950745,0.083496555685997
0,0,0,0,0,0,0,0,0,0,0,0,0,1.9882619856082e-13,3.3268684092036e-06,0.000598649028688669,0.00412737671285868,0.0041540926322341,0.000676065566949546,3.63423605449498e-05,0.000439675437519327,0.00814084708690643,0.0509278997778893,0.16448450088501,0.192969053983688,0.156510859727859,0.12426383793354,0.106898747384548,0.0936195626854897,0.0827722027897835
0,0,0,0,0,0,0,0,0,0,0,0,0,0,1.25437694009634e-07,0.000111065426608548,0.000929113070014864,0.00108544516842812,0.000167385544045828,4.6084762288956e-05,0.000710149353835732,0.00647206138819456,0.0440641045570374,0.152015998959541,0.18356841802597,0.150265768170357,0.120458140969276,0.104018203914165,0.0922354757785797,0.0820759534835815
0,0,0,0,0,0,0,0,0,0,0,0,0,0,2.22957785567246e-09,6.13804559179698e-06,0.000180052375071682,0.000146795529872179,1.44761606861721e-05,6.30344438832253e-05,0.00100218062289059,0.00704833632335067,0.0406956002116203,0.141955345869064,0.173835337162018,0.143862932920456,0.116348594427109,0.101652130484581,0.0910391211509705,0.0813940986990929
0,0,0,0,0,0,0,0,0,0,0,0,0,0,1.12465462290268e-11,2.130887395424e-07,1.59170722326962e-05,5.24813549418468e-06,4.84096290165326e-07,9.64340724749491e-05,0.00118025054689497,0.00800838507711887,0.038774486631155,0.133731350302696,0.163640424609184,0.137177869677544,0.112369365990162,0.099409207701683,0.0896862298250198,0.0803523436188698
0,0,0,0,0,0,0,0,0,0,0,0,0,0,0,4.51806858592363e-09,6.25088432570919e-07,7.16315113891142e-08,4.93302154680464e-09,0.000145856247399934,0.00137039681430906,0.00901959836483002,0.0386395081877708,0.12685053050518,0.154196560382843,0.129904389381409,0.108373433351517,0.0974546000361443,0.088364265859127,0.0791878774762154
0,0,0,0,0,0,0,0,0,0,0,0,0,0,0,0,2.52389908972361e-09,2.21813345469002e-10,9.84294512562656e-09,0.000195306172827259,0.00170224474277347,0.0104636922478676,0.040812011808157,0.121679462492466,0.145540550351143,0.122716963291168,0.104157231748104,0.0954717323184013,0.0871452540159225,0.0781701654195786
0,0,0,0,0,0,0,0,0,0,0,0,0,0,0,0,0,0,7.44542916208957e-09,0.000218548477278091,0.00196225615218282,0.0119720995426178,0.0440382920205593,0.11616899818182,0.137649103999138,0.115837849676609,0.100420758128166,0.0935275629162788,0.0858392715454102,0.0772076323628426
0,0,0,0,0,0,0,0,0,0,0,0,0,0,0,0,0,0,2.51810163831578e-08,0.000202078343136236,0.00179084937553853,0.012556211091578,0.0460053794085979,0.110615588724613,0.130068346858025,0.109007619321346,0.0963407978415489,0.0920718908309937,0.0843569040298462,0.0762707889080048
0,0,0,0,0,0,0,0,0,0,0,0,0,0,0,0,0,0,4.08985956212859e-09,0.000159243267262354,0.00134850933682173,0.0114144161343575,0.0456196032464504,0.105138190090656,0.122461147606373,0.101908802986145,0.0926425904035568,0.0904240608215332,0.0829831510782242,0.0753596499562263
0,0,0,0,0,0,0,0,0,0,0,0,0,0,0,0,0,0,0,0.000107880237919744,0.0010232434142381,0.00851917080581188,0.0429861545562744,0.0992796272039413,0.114741183817387,0.0954066291451454,0.0889304503798485,0.0888501852750778,0.0816503539681435,0.0744533091783524
0,0,0,0,0,0,0,0,0,0,0,0,0,0,0,0,0,0,6.20006043033916e-12,6.62546081002802e-05,0.000795368570834398,0.0053520412184298,0.0387477204203606,0.0931814163923264,0.106901250779629,0.0889944583177567,0.0857381150126457,0.0872049480676651,0.0801870003342628,0.0732467398047447
0,0,0,0,0,0,0,0,0,0,0,0,0,0,0,0,0,0,0,2.63321562670171e-05,0.000651888491120189,0.00327291316352785,0.0328226871788502,0.0871410146355629,0.099301278591156,0.0826556980609894,0.0825331211090088,0.085491731762886,0.0788721442222595,0.0721283778548241
0,0,0,0,0,0,0,0,0,0,0,0,0,0,0,0,0,0,0,5.28634245711146e-06,0.00049505615606904,0.00221902970224619,0.0262811947613955,0.0809679627418518,0.0916718244552612,0.0768687650561333,0.0793437212705612,0.0837581604719162,0.0777077525854111,0.0711169019341469
