0,0,0,0,0,0,0,0,0,0,0,0,0,0,0,0,0,3.66141762242478e-07,3.15324854850769,34.6672897338867,70.6601409912109,88.3889770507813,91.7131118774414,92.6824035644531,93.3174819946289,93.9023284912109,94.2230072021484,94.2110443115234,93.5503768920898,93.7993545532227
0,0,0,0,0,0,0,0,0,0,0,0,0,0,0,0,0,3.24588333988629e-09,2.34120225906372,29.1819801330566,64.4832458496094,86.4139938354492,91.1755599975586,92.3526382446289,93.1599273681641,93.7786483764648,94.1532592773438,94.1719818115234,93.495849609375,93.7761611938477
0,0,0,0,0,0,0,0,0,0,0,0,0,0,0,0,0,3.81405323990336e-10,1.22983658313751,24.0635643005371,56.8687896728516,82.6738433837891,90.4651107788086,92.0193939208984,92.9954147338867,93.6468734741211,94.089225769043,94.1258392333984,93.4460983276367,93.7548904418945
0,0,0,0,0,0,0,0,0,0,0,0,0,0,0,0,0,2.27057825666344e-12,0.431449800729752,17.7517910003662,47.8650016784668,77.0717697143555,89.4943923950195,91.6398849487305,92.8112411499023,93.5331726074219,93.9978866577148,94.0756988525391,93.4044799804688,93.7375030517578
0,0,0,0,0,0,0,0,0,0,0,0,0,0,0,0,0,7.58939996080548e-15,0.0689604207873344,10.9331064224243,36.7357444763184,70.4259796142578,88.0041275024414,91.1947326660156,92.6176986694336,93.4109115600586,93.8941802978516,94.0195083618164,93.3605575561523,93.7116394042969
0,NaN,0,0,0,0,0,0,0,0,0,0,0,0,0,0,0,1.68396793828835e-16,0.00360537599772215,4.71102952957153,24.4269104003906,63.1790504455566,85.7342224121094,90.7107391357422,92.4123229980469,93.2959289550781,93.8114624023438,93.9511947631836,93.315185546875,93.6779403686523
NaN,NaN,0,0,0,0,0,0,0,0,0,0,0,0,0,0,0,4.59250403774656e-24,0.000212744882446714,0.948142170906067,13.0709972381592,54.8399085998535,82.4629287719727,90.1790771484375,92.2085571289063,93.1777267456055,93.7410202026367,93.8879928588867,93.2694396972656,93.6479339599609
NaN,NaN,NaN,0,0,0,0,0,0,0,0,0,0,0,0,0,0,0,5.1746337703662e-07,0.0533503480255604,5.44453954696655,45.4105529785156,78.1811828613281,89.5680236816406,91.9998779296875,93.0432662963867,93.6882019042969,93.8277969360352,93.2209625244141,93.6188735961914
NaN,NaN,NaN,0,0,0,0,0,0,0,0,0,0,0,0,0,0,0,1.82596260334122e-09,0.00144853128585964,1.6841014623642,36.0678482055664,73.3231582641602,88.804313659668,91.782585144043,92.9043121337891,93.629753112793,93.7576522827148,93.1696929931641,93.5921325683594
NaN,NaN,NaN,0,0,0,0,0,0,0,0,0,0,0,0,0,0,0,4.44186224260457e-12,4.14775495301001e-05,0.455727815628052,27.3582820892334,68.3106155395508,87.7767333984375,91.5403518676758,92.7690124511719,93.5581207275391,93.6810989379883,93.1118621826172,93.5716247558594
NaN,NaN,NaN,NaN,0,0,0,0,0,0,0,0,0,0,0,0,0,0,0,3.56652435584692e-07,0.134354948997498,19.3565998077393,62.988941192627,86.4079132080078,91.3244094848633,92.6407852172852,93.4924926757813,93.610481262207,93.0544281005859,93.5524368286133
NaN,NaN,NaN,NaN,0,0,0,0,0,0,0,0,0,0,0,0,0,0,0,4.54262893967439e-09,0.0586058087646961,12.5089616775513,57.2288589477539,84.8535614013672,91.0904159545898,92.5045394897461,93.4124374389648,93.547119140625,93.000602722168,93.5348892211914
NaN,NaN,NaN,NaN,NaN,0,0,0,0,0,0,0,0,0,0,0,0,0,0,6.38817942988368e-10,0.0211389660835266,7.54897880554199,51.0140113830566,83.3740234375,90.9389038085938,92.3516845703125,93.3171234130859,93.4842147827148,92.9470367431641,93.5187072753906
NaN,NaN,NaN,NaN,NaN,NaN,0,0,0,0,0,0,0,0,0,0,0,0,0,3.62633412974626e-16,0.00626327749341726,4.28267288208008,44.7771263122559,81.9437103271484,90.8286209106445,92.2067489624023,93.2184677124023,93.4079208374023,92.9000701904297,93.4902877807617
NaN,NaN,NaN,NaN,NaN,NaN,NaN,0,0,0,0,0,0,0,0,0,0,0,0,5.8750581588737e-18,0.00133950123563409,2.32499551773071,38.9385986328125,80.4564895629883,90.6577606201172,92.0508117675781,93.1286010742188,93.3350830078125,92.8559112548828,93.4607467651367
NaN,NaN,NaN,NaN,NaN,NaN,NaN,0,0,0,0,0,0,0,0,0,0,0,0,1.17599440506051e-18,0.00023333344142884,1.20185720920563,34.0767936706543,78.9969482421875,90.47216796875,91.9054489135742,93.0296173095703,93.2640991210938,92.8128509521484,93.4320907592773
NaN,NaN,NaN,NaN,NaN,NaN,NaN,NaN,0,0,0,0,0,0,0,0,0,0,NaN,1.69278686648644e-18,3.17152007482946e-05,0.676792502403259,29.6961669921875,77.3864898681641,90.2579650878906,91.7708435058594,92.9080810546875,93.1939468383789,92.7696075439453,93.4052581787109
0,0,0,NaN,NaN,NaN,NaN,NaN,NaN,0,0,0,0,0,0,0,0,0,NaN,0,2.16281046050426e-06,0.375821083784103,25.9118881225586,75.6907653808594,90.0240783691406,91.6315383911133,92.7828140258789,93.1228561401367,92.7262725830078,93.3862152099609
0,0,0,0,NaN,NaN,NaN,NaN,NaN,0,0,0,0,0,0,0,0,0,0,0,1.60720475150811e-07,0.236426785588264,22.3038082122803,73.9591369628906,89.7940368652344,91.4990158081055,92.6684112548828,93.0479736328125,92.6822357177734,93.3692474365234
0,0,0,0,NaN,NaN,NaN,NaN,NaN,NaN,0,0,0,0,0,0,0,0,0,0,1.74115371009975e-08,0.129508256912231,18.9308986663818,71.7929458618164,89.5699462890625,91.3750610351563,92.5641860961914,92.9604110717773,92.6362228393555,93.3529281616211
0,0,0,0,NaN,NaN,NaN,NaN,NaN,NaN,0,0,0,0,0,0,0,0,0,0,7.08412384309298e-10,0.0773058161139488,15.5333442687988,69.3128433227539,89.3313140869141,91.2761001586914,92.443359375,92.869255065918,92.5918807983398,93.3373794555664
0,0,0,0,0,0,NaN,NaN,NaN,NaN,0,0,0,0,0,0,0,0,0,0,3.19412718496892e-10,0.0416849553585052,12.2883977890015,66.0137329101563,89.1321029663086,91.2027816772461,92.3241119384766,92.7827682495117,92.5543212890625,93.3222808837891
0,NaN,NaN,0,0,0,NaN,NaN,NaN,NaN,0,0,0,0,0,0,0,0,0,0,1.71109740959574e-11,0.0284874606877565,9.52505874633789,61.6132545471191,88.9097213745117,91.1785278320313,92.2192306518555,92.7017669677734,92.5147857666016,93.2980651855469
NaN,NaN,NaN,NaN,0,0,NaN,NaN,NaN,NaN,0,0,0,0,0,0,0,0,0,0,2.22718696783752e-12,0.0166408680379391,7.08493900299072,56.1851272583008,88.6411590576172,91.1642990112305,92.1164474487305,92.6138534545898,92.4776916503906,93.2834854125977
0,NaN,NaN,NaN,0,0,NaN,NaN,NaN,NaN,0,0,0,0,0,0,0,0,0,0,6.57318166910614e-12,0.0123644918203354,5.20513486862183,50.8204536437988,88.307243347168,91.1139755249023,91.994255065918,92.5188293457031,92.4430999755859,93.2760925292969
0,NaN,NaN,NaN,0,0,NaN,NaN,NaN,NaN,0,0,0,0,0,0,0,0,0,0,3.20167124149423e-13,0.00785303302109241,3.87115263938904,46.0676651000977,87.9310531616211,91.0186920166016,91.8461303710938,92.410400390625,92.3997268676758,93.269775390625
0,NaN,NaN,NaN,NaN,NaN,NaN,NaN,NaN,NaN,0,0,0,0,0,0,0,0,0,0,1.16843232138286e-12,0.00672910269349813,2.85372400283813,41.96337890625,87.4421768188477,90.9322052001953,91.72705078125,92.2989044189453,92.3552322387695,93.2645416259766
0,NaN,NaN,NaN,NaN,NaN,NaN,NaN,NaN,NaN,0,0,0,0,0,0,0,0,0,0,1.34202443266302e-14,0.00469042593613267,2.06696128845215,38.3982353210449,87.1296768188477,90.8693771362305,91.6302947998047,92.2184371948242,92.308349609375,93.2613067626953
0,NaN,NaN,NaN,NaN,NaN,NaN,NaN,NaN,NaN,NaN,0,0,0,0,0,0,0,0,0,2.75910530181519e-14,0.00331264664418995,1.58345925807953,35.6676864624023,86.3525466918945,90.7721557617188,91.5608901977539,92.1434555053711,92.259765625,93.279426574707
NaN,NaN,NaN,NaN,NaN,NaN,NaN,NaN,NaN,NaN,0,0,0,0,0,0,0,0,0,0,2.34603379474854e-13,0.0022097178734839,1.24023497104645,33.5874366760254,86.0453186035156,90.6559524536133,91.483024597168,92.0635375976563,92.2182998657227,93.3074798583984
NaN,NaN,NaN,NaN,NaN,NaN,NaN,NaN,NaN,NaN,0,0,0,0,0,0,0,0,0,0,1.98421249049396e-12,0.00144422170706093,1.16976404190063,32.6084022521973,85.2120132446289,90.5167922973633,91.396484375,91.982048034668,92.1831130981445,93.3373336791992
NaN,NaN,NaN,NaN,NaN,NaN,NaN,NaN,NaN,0,0,0,0,0,0,0,0,0,0,0,3.78496539665818e-12,0.000824187183752656,1.31655955314636,32.4483032226563,84.9894409179688,90.3678207397461,91.2830352783203,91.9025039672852,92.1554718017578,93.3708953857422
NaN,NaN,NaN,NaN,NaN,NaN,0,NaN,NaN,0,0,0,0,0,0,0,0,0,0,0,1.45083190253303e-11,0.000416106107877567,1.67923045158386,33.4025688171387,84.4467849731445,90.2082061767578,91.1732482910156,91.825439453125,92.1274642944336,93.4245300292969
NaN,NaN,NaN,NaN,NaN,NaN,0,NaN,NaN,0,0,0,0,0,0,0,0,0,0,0,5.83374251683644e-11,0.000196797423996031,2.37257194519043,34.5506706237793,84.2204055786133,89.9995956420898,91.0914459228516,91.7419052124023,92.1054153442383,93.4844741821289
NaN,NaN,NaN,NaN,NaN,0,0,NaN,NaN,0,0,0,0,0,0,0,0,0,0,0,5.8934412905387e-11,0.000214735817280598,3.09770131111145,36.7694969177246,84.0381469726563,89.7926177978516,91.0089416503906,91.6465072631836,92.080810546875,93.5428237915039
NaN,NaN,NaN,NaN,0,0,0,NaN,NaN,0,0,0,0,0,0,0,0,0,0,0,2.12141415545375e-11,0.000314352859277278,4.01501035690308,38.6741142272949,83.6777114868164,89.5438613891602,90.8949890136719,91.5519332885742,92.0585861206055,93.5700912475586
NaN,NaN,NaN,NaN,0,0,0,NaN,NaN,0,0,0,0,0,0,0,0,0,0,0,1.72419012661046e-12,0.000522725516930223,4.58272123336792,40.7791900634766,83.8287734985352,89.2790756225586,90.7738723754883,91.4904708862305,92.0499267578125,93.5643539428711
NaN,NaN,NaN,0,0,0,0,NaN,0,0,0,0,0,0,0,0,0,0,0,0,1.84549539550011e-14,0.00176080467645079,5.06238460540771,42.8009300231934,83.3325119018555,89.0109939575195,90.6652069091797,91.416374206543,92.0479202270508,93.5593872070313
NaN,NaN,NaN,NaN,0,0,0,NaN,0,0,0,0,0,0,0,0,0,0,0,0,4.46793071366596e-17,0.00169129890855402,5.11049938201904,44.4010391235352,83.4352035522461,88.7165222167969,90.5456161499023,91.3288497924805,92.0342712402344,93.5551910400391
NaN,NaN,NaN,NaN,0,0,0,NaN,0,0,0,0,0,0,0,0,0,0,0,0,0,0.0041226833127439,4.96106338500977,45.5783462524414,82.7645874023438,88.4282302856445,90.4317092895508,91.2552337646484,92.0129165649414,93.5572509765625
NaN,NaN,NaN,NaN,0,0,0,0,0,0,0,0,0,0,0,0,0,0,0,0,1.68981671099519e-27,0.00296160974539816,4.34577369689941,45.3472900390625,82.3086700439453,88.1075592041016,90.2868957519531,91.2111129760742,91.970085144043,93.5744018554688
NaN,NaN,NaN,NaN,NaN,NaN,0,0,0,0,0,0,0,0,0,0,0,0,0,0,4.63221681180744e-26,0.00264411047101021,3.59787011146545,45.4156684875488,81.5025634765625,87.8236846923828,90.0812149047852,91.1679382324219,91.9346771240234,93.5941619873047
NaN,NaN,NaN,NaN,NaN,NaN,0,0,0,0,0,0,0,0,0,0,0,0,0,0,3.00813814493793e-25,0.000853878736961633,2.66356611251831,44.6138038635254,80.659797668457,87.5258712768555,89.9074401855469,91.1331787109375,91.9012756347656,93.6209411621094
NaN,NaN,NaN,NaN,NaN,NaN,0,0,0,0,0,0,0,0,0,0,0,0,0,0,2.57305001820908e-23,0.000212822764297016,1.78112351894379,44.0620079040527,79.6682434082031,87.1012725830078,89.7461318969727,91.0895385742188,91.9117584228516,93.6797180175781
NaN,NaN,NaN,NaN,NaN,NaN,0,0,0,0,0,0,0,0,0,0,0,0,0,0,7.71502746753656e-23,2.27642794925487e-05,1.32147860527039,43.0072326660156,78.5295791625977,86.7883834838867,89.4970626831055,91.0563430786133,91.926025390625,93.7484436035156
NaN,NaN,NaN,NaN,NaN,NaN,0,0,0,0,0,0,0,0,0,0,0,0,0,0,3.25493475825052e-22,1.3403607113105e-07,0.851142585277557,41.3818702697754,77.3460311889648,86.4420623779297,89.2544174194336,91.0526657104492,91.9423904418945,93.8674163818359
NaN,NaN,NaN,NaN,NaN,NaN,0,0,0,0,0,0,0,0,0,0,0,0,0,0,0,6.09308301591227e-08,0.523421585559845,39.8152885437012,75.7290725708008,86.0775909423828,89.0393829345703,91.07568359375,91.9639663696289,94.029655456543
NaN,NaN,NaN,NaN,NaN,NaN,0,0,0,0,0,0,0,0,0,0,0,0,0,0,0,2.88657009406279e-08,0.219054773449898,37.0259246826172,74.8144378662109,85.597526550293,88.8652191162109,91.0662155151367,91.9900894165039,94.284912109375
NaN,NaN,NaN,NaN,NaN,NaN,NaN,0,0,0,0,0,0,0,0,0,0,0,0,0,0,7.65544605485502e-09,0.125690072774887,34.8335418701172,73.6614379882813,84.9670181274414,88.7578353881836,91.0372695922852,92.0942001342773,94.3793716430664
NaN,NaN,NaN,NaN,NaN,NaN,NaN,NaN,0,0,0,0,0,0,0,0,0,0,0,0,0,6.97645763381161e-09,0.119003675878048,31.6376724243164,71.9399719238281,84.9078140258789,88.6667022705078,91.055549621582,92.2796783447266,94.3772506713867
NaN,NaN,NaN,NaN,NaN,NaN,NaN,NaN,0,0,0,0,0,0,0,0,0,0,0,0,0,5.92004933963608e-09,0.114299215376377,29.3457088470459,70.0556945800781,84.9540023803711,88.5708465576172,91.1424789428711,92.5210037231445,94.3751373291016
NaN,NaN,NaN,NaN,NaN,NaN,NaN,NaN,0,0,0,0,0,0,0,0,0,0,0,0,0,3.96758714771295e-09,0.10920611768961,25.3028564453125,68.9654159545898,84.8156356811523,88.4811782836914,91.2876815795898,92.7631988525391,94.3730316162109
NaN,NaN,NaN,NaN,NaN,NaN,NaN,NaN,0,0,0,0,0,0,0,0,0,0,0,0,0,1.47418099949448e-09,0.111100681126118,22.4234638214111,66.9893646240234,84.4853668212891,88.5342864990234,91.379150390625,93.0182189941406,94.3709335327148
NaN,NaN,NaN,NaN,NaN,NaN,NaN,NaN,0,0,0,0,NaN,0,0,0,0,0,0,0,0,3.62150931465521e-09,0.0984446629881859,18.4482612609863,65.6992950439453,83.7893981933594,88.8303070068359,91.368034362793,93.4703598022461,94.3688354492188
NaN,NaN,NaN,NaN,NaN,NaN,NaN,NaN,0,0,0,0,NaN,0,0,0,0,0,0,0,0,1.26765806740536e-08,0.0972695201635361,16.2793464660645,63.0621299743652,83.8941116333008,89.0935440063477,91.6754989624023,93.7818222045898,94.3667526245117
NaN,NaN,NaN,NaN,NaN,NaN,NaN,NaN,0,0,0,0,0,NaN,0,0,0,0,0,0,0,2.01513596920222e-08,0.0839132964611053,14.3196182250977,63.0213241577148,84.9110260009766,89.0869369506836,92.760856628418,93.7815017700195,94.3646697998047
NaN,NaN,NaN,NaN,NaN,NaN,NaN,NaN,0,0,0,0,0,0,0,0,0,0,0,0,0,2.18856595068928e-08,0.0763278678059578,14.2909374237061,63.4675559997559,84.9685974121094,90.9030075073242,93.9066543579102,93.7811813354492,94.3626022338867
NaN,NaN,NaN,NaN,NaN,NaN,NaN,NaN,0,0,0,0,0,0,0,0,0,0,0,0,0,1.40552822713857e-08,0.0683596804738045,14.62682056427,63.9635429382324,89.2244262695313,93.8949737548828,93.9074554443359,93.7808609008789,94.3605346679688
NaN,NaN,NaN,NaN,NaN,NaN,NaN,NaN,NaN,0,0,0,0,0,0,0,0,0,0,0,0,6.51090070746818e-09,0.0347680896520615,16.8138408660889,65.5465316772461,92.7582702636719,93.9037399291992,93.9076995849609,93.7805328369141,94.3584747314453
NaN,NaN,NaN,NaN,NaN,NaN,NaN,NaN,0,0,0,0,0,0,0,NaN,0,0,0,0,0,4.91729823526299e-10,0.0105820009484887,16.9730281829834,65.5119400024414,92.7482070922852,93.9035568237305,93.9079360961914,93.7802200317383,94.3564147949219
NaN,NaN,NaN,NaN,NaN,NaN,NaN,NaN,0,0,0,0,0,0,0,0,0,0,0,0,0,1.42233719563383e-15,0.00273623829707503,18.0534763336182,53.4423370361328,81.111686706543,88.1982955932617,91.1847381591797,92.7331237792969,93.9084320068359
NaN,NaN,NaN,NaN,NaN,NaN,NaN,NaN,NaN,0,0,0,0,0,0,0,0,0,0,0,0,6.7329449578591e-14,0.00184690777678043,18.024055480957,53.580493927002,81.14892578125,88.2039566040039,91.1887741088867,92.7356109619141,93.9111328125
NaN,NaN,NaN,NaN,NaN,NaN,NaN,NaN,NaN,0,0,0,0,0,0,0,0,0,0,0,0,9.41257637695862e-14,0.000546438270248473,18.8497982025146,59.2896347045898,81.8008880615234,88.2117156982422,91.1928024291992,92.7381057739258,93.9138488769531
NaN,NaN,NaN,NaN,NaN,NaN,NaN,NaN,NaN,0,0,0,0,0,0,0,0,0,0,0,0,2.41211605268681e-14,0.00554558821022511,20.3661003112793,60.3233032226563,82.4881591796875,88.9568710327148,91.1969451904297,92.7406005859375,93.9165649414063
NaN,NaN,NaN,NaN,NaN,NaN,NaN,NaN,NaN,0,0,0,0,0,0,0,0,0,0,0,0,1.80286449831535e-13,0.00942557118833065,22.4766597747803,67.5482177734375,82.6684417724609,89.3934326171875,91.4697647094727,92.7430953979492,93.9192886352539
NaN,NaN,NaN,NaN,NaN,NaN,NaN,NaN,NaN,0,0,0,0,0,0,0,0,0,0,0,0,3.65944470906432e-12,0.0173046197742224,22.6799793243408,68.9030914306641,83.0582656860352,89.4077606201172,91.777961730957,92.7455978393555,93.9220275878906
NaN,NaN,NaN,NaN,NaN,NaN,NaN,NaN,NaN,0,0,0,0,0,0,0,0,0,0,0,0,2.61539141038769e-11,0.0342350751161575,23.1266460418701,70.6228561401367,83.105224609375,89.3539581298828,91.8740615844727,92.8403701782227,93.9247741699219
NaN,NaN,NaN,NaN,NaN,NaN,NaN,NaN,0,0,0,0,0,0,0,0,0,0,0,0,0,1.91541393856909e-10,0.0528413057327271,23.3093128204346,71.3095474243164,83.3119659423828,89.2646179199219,91.8851547241211,93.0069427490234,93.9275283813477
NaN,NaN,NaN,NaN,NaN,NaN,NaN,NaN,0,0,NaN,0,0,0,0,0,0,0,0,0,0,2.24493135192461e-09,0.0808285176753998,23.6833553314209,70.9537353515625,83.2286911010742,89.2420196533203,91.8377914428711,93.107421875,93.930290222168
NaN,NaN,NaN,NaN,NaN,NaN,NaN,NaN,0,0,NaN,NaN,0,0,0,0,0,0,0,0,0,5.33253663448363e-09,0.107844173908234,22.1980743408203,71.0511322021484,83.1247253417969,89.0903244018555,91.7575912475586,93.1755599975586,93.9330673217773
NaN,NaN,NaN,NaN,NaN,NaN,NaN,NaN,NaN,NaN,NaN,NaN,NaN,0,0,0,0,0,0,0,0,9.18434039931526e-09,0.140364766120911,22.1519374847412,70.2372055053711,82.7906341552734,88.9518966674805,91.7067108154297,93.2219543457031,93.9358444213867
NaN,NaN,NaN,NaN,NaN,NaN,NaN,NaN,NaN,NaN,NaN,0,NaN,0,0,0,0,0,0,0,0,1.49699932450176e-08,0.185756683349609,20.7097148895264,69.6838760375977,82.325798034668,88.8906860351563,91.6839904785156,93.260139465332,93.9386367797852
NaN,NaN,NaN,NaN,NaN,NaN,NaN,NaN,NaN,0,0,0,0,0,0,0,0,0,0,0,0,5.47458789412758e-08,0.249606907367706,19.9556827545166,67.6031799316406,81.5931701660156,88.6285934448242,91.6216430664063,93.278434753418,93.9769897460938
NaN,NaN,NaN,NaN,NaN,NaN,NaN,NaN,0,0,0,0,0,0,0,0,0,0,0,0,0,5.51438503748614e-08,0.289895683526993,17.4183940887451,66.0527496337891,80.8659133911133,88.3227005004883,91.5433959960938,93.2593536376953,94.0796203613281
NaN,NaN,NaN,NaN,NaN,NaN,NaN,NaN,0,0,0,0,0,0,0,0,0,0,0,0,0,1.18465832699144e-08,0.289917677640915,16.0546283721924,62.3936424255371,80.0050354003906,88.1024932861328,91.5111541748047,93.2390365600586,94.1623916625977
NaN,NaN,NaN,NaN,NaN,NaN,NaN,NaN,NaN,NaN,NaN,0,0,0,0,0,0,0,0,0,0,2.48181510897894e-08,0.295862346887589,12.9404764175415,59.8751411437988,79.1010284423828,87.7771911621094,91.4914474487305,93.2343902587891,94.2204818725586
NaN,NaN,NaN,NaN,NaN,NaN,NaN,NaN,NaN,NaN,NaN,0,0,0,0,0,0,0,0,0,0,1.37892781637561e-08,0.253861874341965,11.7036809921265,54.5643081665039,78.602668762207,87.4653244018555,91.4362869262695,93.2385711669922,94.2460632324219
NaN,NaN,NaN,NaN,NaN,NaN,NaN,NaN,NaN,NaN,NaN,0,0,0,0,0,0,0,0,0,0,4.41310543664031e-09,0.223997116088867,8.86133480072021,50.5416450500488,77.7968673706055,87.2793350219727,91.3504333496094,93.2452621459961,94.2668228149414
NaN,NaN,NaN,NaN,NaN,NaN,NaN,NaN,NaN,NaN,NaN,NaN,0,0,0,0,0,0,0,0,0,3.48033268871006e-09,0.166355073451996,7.44180297851563,45.5006523132324,77.2686386108398,87.000732421875,91.2861251831055,93.2422943115234,94.2679672241211
NaN,NaN,NaN,NaN,NaN,NaN,NaN,NaN,NaN,NaN,NaN,NaN,0,0,0,0,0,0,0,0,0,7.16011694379404e-10,0.118183754384518,5.75094652175903,40.997314453125,76.6482543945313,86.6525802612305,91.248649597168,93.2072601318359,94.2658615112305
NaN,NaN,NaN,NaN,NaN,NaN,NaN,NaN,NaN,NaN,NaN,NaN,0,0,0,0,0,0,0,0,0,5.25072152424144e-10,0.0866993069648743,4.6381688117981,36.9576072692871,75.9396743774414,86.4324188232422,91.2103500366211,93.1795501708984,94.2636489868164
NaN,NaN,NaN,NaN,NaN,NaN,NaN,NaN,NaN,NaN,NaN,NaN,0,0,0,0,0,0,0,0,0,9.50317047276883e-11,0.0478950142860413,3.38800668716431,33.6213989257813,75.3472213745117,86.2237243652344,91.1183853149414,93.1535263061523,94.2574005126953
NaN,NaN,NaN,NaN,NaN,NaN,NaN,NaN,NaN,NaN,NaN,0,0,0,0,0,0,0,0,0,0,1.11112487266585e-10,0.0354935228824615,2.58167219161987,30.0860462188721,74.3095855712891,85.8827590942383,91.0368576049805,93.1274261474609,94.2497406005859
NaN,NaN,NaN,NaN,NaN,NaN,NaN,NaN,NaN,NaN,NaN,NaN,0,0,0,0,0,0,0,0,0,7.68154290176071e-12,0.0177582204341888,1.77728259563446,27.9865531921387,73.5486297607422,85.6232604980469,90.9717178344727,93.1071014404297,94.2423248291016
NaN,NaN,NaN,NaN,NaN,NaN,NaN,NaN,NaN,NaN,NaN,NaN,NaN,0,0,0,0,0,0,0,0,2.17709270750044e-11,0.0139596685767174,1.28599512577057,26.4349842071533,72.7388000488281,85.410758972168,90.9145736694336,93.0940093994141,94.2351760864258
NaN,NaN,NaN,NaN,NaN,NaN,NaN,NaN,NaN,NaN,NaN,NaN,NaN,0,0,0,0,0,0,0,0,3.02003561047925e-11,0.00780548015609384,0.878608226776123,24.9754295349121,71.97509765625,85.1423110961914,90.7975234985352,93.0638275146484,94.2249450683594
NaN,NaN,NaN,NaN,NaN,NaN,NaN,NaN,NaN,NaN,NaN,NaN,NaN,NaN,0,0,0,0,0,0,0,3.09269346243646e-11,0.00617710174992681,0.611906945705414,24.2023258209229,71.5912017822266,84.960319519043,90.6827392578125,93.0247344970703,94.2112655639648
NaN,NaN,NaN,NaN,NaN,NaN,NaN,NaN,NaN,NaN,NaN,NaN,NaN,NaN,0,0,0,0,0,0,0,7.78435857440307e-11,0.00389046547934413,0.459565460681915,23.6431846618652,70.9213409423828,84.8644561767578,90.5858535766602,92.9875640869141,94.1999359130859
NaN,NaN,NaN,NaN,NaN,NaN,NaN,NaN,NaN,NaN,NaN,NaN,NaN,NaN,NaN,0,0,0,0,0,0,1.08650574648372e-10,0.00269050593487918,0.306734383106232,23.177038192749,70.5719223022461,84.6720962524414,90.5132675170898,92.9557266235352,94.1863632202148
NaN,NaN,NaN,NaN,NaN,NaN,NaN,NaN,NaN,NaN,NaN,NaN,NaN,NaN,NaN,0,0,0,0,0,0,2.02209554656108e-10,0.00164461357053369,0.291488498449326,23.1418704986572,70.4302520751953,84.5328903198242,90.422248840332,92.929931640625,94.1610488891602
NaN,NaN,NaN,NaN,NaN,NaN,NaN,NaN,NaN,NaN,NaN,NaN,NaN,NaN,NaN,0,0,0,0,0,0,4.52821335983344e-10,0.000929950503632426,0.209381014108658,23.4717426300049,70.0558853149414,84.5421447753906,90.2863235473633,92.9115371704102,94.1349716186523
NaN,NaN,NaN,NaN,NaN,NaN,NaN,NaN,NaN,NaN,NaN,NaN,NaN,NaN,NaN,0,0,0,0,0,0,2.27953239617662e-10,0.000471601699246094,0.228198751807213,23.314661026001,70.0425796508789,84.5283660888672,90.1686477661133,92.8962860107422,94.1094512939453
NaN,NaN,NaN,NaN,NaN,NaN,NaN,NaN,NaN,NaN,NaN,NaN,NaN,NaN,NaN,0,0,0,0,0,0,5.82695558470903e-10,0.000247271847911179,0.191046938300133,23.0767269134521,70.2683181762695,84.4044036865234,90.0827560424805,92.8610534667969,94.0849685668945
NaN,NaN,NaN,NaN,NaN,NaN,NaN,NaN,NaN,NaN,NaN,NaN,NaN,NaN,NaN,0,0,0,0,0,0,4.51091997089037e-10,0.000108796055428684,0.181451097130775,22.7482967376709,69.9784317016602,84.3326950073242,90.0205688476563,92.8210754394531,94.0622482299805
NaN,NaN,NaN,NaN,NaN,NaN,NaN,NaN,NaN,NaN,NaN,NaN,NaN,NaN,NaN,NaN,0,0,0,0,0,4.47643755396854e-10,5.43709102203138e-05,0.17794069647789,21.8804588317871,69.6194915771484,84.3756713867188,89.9221649169922,92.7825775146484,94.039909362793
NaN,NaN,NaN,NaN,NaN,NaN,NaN,NaN,NaN,NaN,NaN,NaN,NaN,NaN,NaN,NaN,0,0,0,0,NaN,5.02677344194069e-10,1.90543178177904e-05,0.14402337372303,20.7676429748535,69.1743621826172,84.1963119506836,89.7936248779297,92.7532958984375,94.0178833007813
NaN,NaN,NaN,NaN,NaN,NaN,NaN,NaN,NaN,NaN,NaN,NaN,NaN,NaN,NaN,NaN,0,0,0,0,NaN,3.54352797105051e-10,8.88014528754866e-06,0.144319593906403,19.5773849487305,68.3952407836914,83.9494171142578,89.6847686767578,92.7360992431641,93.9961853027344
NaN,NaN,NaN,NaN,NaN,NaN,NaN,NaN,NaN,NaN,NaN,NaN,NaN,NaN,NaN,NaN,0,0,0,0,0,2.9413577129489e-10,2.31996932598122e-06,0.12032113969326,17.8954734802246,67.9164886474609,83.8456192016602,89.598258972168,92.7242126464844,93.9790344238281
NaN,NaN,NaN,NaN,NaN,NaN,NaN,NaN,NaN,NaN,NaN,NaN,NaN,NaN,NaN,NaN,0,0,0,0,0,1.08387243624719e-10,2.33055129683635e-06,0.103486970067024,16.6169471740723,67.1534805297852,83.7727584838867,89.5246124267578,92.7162933349609,93.9698867797852
NaN,NaN,NaN,NaN,NaN,NaN,NaN,NaN,NaN,NaN,NaN,NaN,NaN,NaN,NaN,NaN,0,0,0,0,0,8.20129450462836e-11,1.17168781343935e-06,0.0929896160960197,15.7106342315674,66.1428375244141,83.6345825195313,89.4198684692383,92.6985855102539,93.9653625488281
NaN,NaN,NaN,NaN,NaN,NaN,NaN,NaN,NaN,NaN,NaN,NaN,NaN,NaN,NaN,NaN,0,0,0,0,8.38883143200928e-23,2.19299370329828e-11,1.53140433667431e-06,0.0697086602449417,14.1668472290039,65.4028472900391,83.6082229614258,89.320686340332,92.6673736572266,93.9577789306641
NaN,NaN,NaN,NaN,NaN,NaN,NaN,NaN,NaN,NaN,NaN,NaN,NaN,NaN,NaN,NaN,0,0,0,0,2.6533866661637e-23,6.18145248529323e-12,9.62545641414181e-07,0.0627990886569023,12.4621276855469,64.607536315918,83.6328659057617,89.2436218261719,92.6458892822266,93.9502334594727
NaN,NaN,NaN,NaN,NaN,NaN,NaN,NaN,NaN,NaN,NaN,NaN,NaN,NaN,NaN,NaN,NaN,0,0,0,6.62561926645074e-22,6.88811908986647e-13,5.9952463971058e-07,0.0509732812643051,11.9870901107788,62.9733505249023,83.7453689575195,89.2004547119141,92.6293411254883,93.9430160522461
NaN,NaN,NaN,NaN,NaN,NaN,NaN,NaN,NaN,NaN,NaN,NaN,NaN,NaN,NaN,NaN,NaN,0,0,0,0,2.46723672172938e-14,9.11059828467842e-07,0.0378976948559284,11.1063003540039,62.1715354919434,83.7037048339844,89.1829986572266,92.6144332885742,93.9363327026367
NaN,NaN,NaN,NaN,NaN,NaN,NaN,NaN,NaN,NaN,NaN,NaN,NaN,NaN,NaN,NaN,NaN,0,0,0,0,6.31763388297442e-16,2.16567059396766e-07,0.0355847142636776,9.57564163208008,61.2939071655273,83.7493667602539,89.1899261474609,92.604377746582,93.9311218261719
NaN,NaN,NaN,NaN,NaN,NaN,NaN,NaN,NaN,NaN,NaN,NaN,NaN,NaN,NaN,NaN,NaN,0,0,0,0,5.27245170595484e-18,3.95543963804812e-07,0.0285946559160948,8.80475234985352,59.5719108581543,83.8561248779297,89.1789093017578,92.5961303710938,93.9263305664063
NaN,NaN,NaN,NaN,NaN,NaN,NaN,NaN,NaN,NaN,NaN,NaN,NaN,0,NaN,NaN,NaN,0,0,0,0,8.53999560924037e-22,2.46105201995306e-07,0.0225444156676531,8.33284568786621,58.4569625854492,84.0002212524414,89.1788864135742,92.5943908691406,93.9217758178711
NaN,NaN,NaN,NaN,NaN,NaN,NaN,NaN,NaN,NaN,NaN,NaN,NaN,0,NaN,NaN,0,0,0,0,0,8.05296822181292e-26,1.3992824676734e-07,0.0220668409019709,7.77382278442383,58.2249755859375,84.1207427978516,89.1933288574219,92.5968322753906,93.9181060791016
NaN,NaN,NaN,NaN,NaN,NaN,NaN,NaN,NaN,NaN,NaN,NaN,NaN,0,0,NaN,0,0,0,0,0,5.66350007068779e-21,3.19725131703308e-07,0.019376739859581,7.04195785522461,58.889533996582,84.2193984985352,89.2257232666016,92.5794525146484,93.9188385009766
NaN,NaN,NaN,NaN,NaN,NaN,NaN,NaN,NaN,NaN,NaN,NaN,NaN,0,0,NaN,0,0,0,0,0,8.47812720077996e-19,1.82521588953932e-07,0.0160005409270525,6.8572735786438,58.8265190124512,84.4026870727539,89.2739562988281,92.560417175293,93.9189987182617
NaN,NaN,NaN,NaN,NaN,NaN,NaN,NaN,NaN,NaN,NaN,NaN,NaN,0,0,NaN,0,0,0,0,4.3119324737904e-18,1.06038631916112e-16,3.15808591722089e-07,0.0166811998933554,6.6677622795105,58.9508247375488,84.5037460327148,89.3210067749023,92.5465087890625,93.9190292358398
NaN,NaN,NaN,NaN,NaN,NaN,NaN,NaN,NaN,NaN,NaN,NaN,NaN,0,0,NaN,0,0,0,0,2.91160587596851e-15,2.69363439837694e-14,6.31014245300321e-07,0.0155187835916877,6.32400369644165,59.3940658569336,84.6405639648438,89.3379364013672,92.5391845703125,93.9197387695313
NaN,NaN,NaN,NaN,NaN,NaN,NaN,NaN,NaN,NaN,NaN,NaN,NaN,0,0,0,0,0,0,0,3.78995310612237e-13,8.59478026943306e-12,5.06589231008547e-07,0.0126685788854957,6.18193244934082,60.1009483337402,84.6875762939453,89.3728103637695,92.5299758911133,93.9242935180664
NaN,NaN,NaN,NaN,NaN,NaN,NaN,NaN,NaN,NaN,NaN,NaN,NaN,0,0,0,0,0,0,0,2.11346426470804e-11,2.67546851340228e-09,1.18817411021155e-06,0.0125441262498498,6.41449022293091,60.6027603149414,84.7758255004883,89.4039001464844,92.5232162475586,93.9301986694336
NaN,NaN,NaN,NaN,NaN,NaN,NaN,NaN,NaN,NaN,NaN,NaN,NaN,0,0,0,0,0,0,0,6.75521194537509e-10,1.30083506633127e-07,2.77295043815684e-06,0.0125104766339064,6.47910404205322,61.0342483520508,84.8738861083984,89.4312744140625,92.525505065918,93.9366302490234
NaN,NaN,NaN,NaN,NaN,NaN,NaN,NaN,NaN,NaN,NaN,NaN,NaN,0,0,0,0,0,0,0,1.04320285743142e-08,2.93249308924715e-06,4.23147866968066e-06,0.0112461354583502,6.67616891860962,61.5585098266602,85.0270080566406,89.4657821655273,92.5339889526367,93.9489898681641
NaN,NaN,NaN,NaN,NaN,NaN,NaN,NaN,NaN,NaN,NaN,NaN,NaN,0,0,0,0,0,0,0,8.03750879185827e-08,4.4876094762003e-05,2.55003124038922e-05,0.00982515886425972,6.84986209869385,62.6256294250488,85.1917419433594,89.4932861328125,92.5437240600586,93.9635696411133
NaN,NaN,NaN,NaN,NaN,NaN,NaN,NaN,NaN,NaN,NaN,NaN,NaN,0,0,0,0,0,0,8.16272575197846e-16,5.81410404265625e-07,0.000453901098808274,0.00031793798552826,0.0154857086017728,7.80730104446411,63.6217651367188,85.4118194580078,89.5262069702148,92.5503692626953,93.977409362793
NaN,NaN,NaN,NaN,NaN,NaN,NaN,NaN,NaN,NaN,NaN,NaN,NaN,0,0,0,0,0,0,1.83043464147816e-14,4.15762997363345e-06,0.00316924625076354,0.00386486109346151,0.0688315331935883,9.12753009796143,64.6007843017578,85.6178436279297,89.5538101196289,92.5500106811523,93.9909057617188
NaN,NaN,NaN,NaN,NaN,NaN,NaN,NaN,NaN,NaN,NaN,NaN,NaN,0,0,0,0,0,0,1.58705221273842e-12,1.82630446943222e-05,0.0172850247472525,0.0614267140626907,0.448937237262726,10.6448192596436,66.0160598754883,85.8661727905273,89.5706176757813,92.5571899414063,94.0046463012695
NaN,NaN,NaN,NaN,NaN,NaN,NaN,NaN,NaN,NaN,NaN,NaN,NaN,0,0,0,0,0,0,6.78953351873623e-11,7.5888900028076e-05,0.0768210887908936,0.5629603266716,1.61718785762787,12.5321674346924,67.7471771240234,86.0863494873047,89.6031036376953,92.5547866821289,94.0189819335938
NaN,NaN,NaN,NaN,NaN,NaN,NaN,NaN,NaN,NaN,NaN,NaN,NaN,0,0,0,0,0,8.2617630633902e-26,2.48424253390667e-10,0.000283650326309726,0.286029428243637,2.45188140869141,3.42763996124268,14.7646512985229,69.8680953979492,86.3326110839844,89.6251831054688,92.5481948852539,94.033935546875
NaN,NaN,NaN,NaN,NaN,NaN,NaN,NaN,NaN,NaN,NaN,NaN,NaN,0,0,0,0,0,5.85242844571233e-21,2.31966157393515e-09,0.000768181751482189,0.905588984489441,6.28208208084106,5.86068677902222,17.9744777679443,71.4298934936523,86.5881500244141,89.6648788452148,92.5605850219727,94.0577850341797
NaN,NaN,NaN,NaN,NaN,NaN,NaN,NaN,NaN,NaN,NaN,NaN,NaN,0,0,0,0,0,1.67104405552967e-23,1.98992182731672e-08,0.00150795443914831,2.17208552360535,12.2019510269165,9.26165199279785,21.8756103515625,73.1825256347656,86.8386459350586,89.7176055908203,92.5923461914063,94.0928955078125
NaN,NaN,NaN,NaN,NaN,NaN,NaN,NaN,NaN,NaN,NaN,NaN,NaN,0,0,0,0,0,5.99926129240249e-19,5.17906109109845e-08,0.00343861756846309,3.63354730606079,19.4264640808105,14.0160102844238,26.5647029876709,75.2033386230469,87.0816802978516,89.773307800293,92.6089553833008,94.1156387329102
NaN,NaN,NaN,NaN,NaN,NaN,NaN,NaN,NaN,NaN,NaN,NaN,NaN,0,0,0,0,0,3.99614031036246e-17,9.98769991156223e-08,0.00641430821269751,4.93108510971069,25.928560256958,20.3641910552979,31.8500194549561,77.1674575805664,87.2923278808594,89.8422088623047,92.6316680908203,94.1385726928711
NaN,NaN,NaN,NaN,NaN,NaN,NaN,NaN,NaN,NaN,NaN,NaN,NaN,0,0,0,0,0,2.00009214855778e-16,3.013126672613e-07,0.00847365241497755,6.02756547927856,31.4359092712402,28.4614715576172,38.3458824157715,78.8585739135742,87.5239105224609,89.9020385742188,92.6673049926758,94.1625671386719
NaN,NaN,NaN,NaN,NaN,NaN,NaN,NaN,NaN,NaN,NaN,NaN,NaN,0,0,0,0,0,3.83414240840482e-14,8.12091911939206e-07,0.00888237543404102,6.85552883148193,35.7360496520996,37.9451370239258,45.5157737731934,80.4432220458984,87.6859512329102,89.9903030395508,92.6903991699219,94.1876220703125
NaN,NaN,NaN,NaN,NaN,NaN,NaN,NaN,NaN,NaN,NaN,NaN,NaN,0,0,0,0,0,1.3049831397785e-12,2.29203578783199e-06,0.0128677859902382,7.49187994003296,39.0470695495605,46.3863182067871,52.8639907836914,81.727668762207,87.8660278320313,90.0656356811523,92.7070922851563,94.2142791748047
NaN,NaN,NaN,NaN,NaN,NaN,NaN,NaN,NaN,NaN,NaN,0,0,0,0,0,0,3.21397280864812e-22,2.07784154465651e-11,1.25371616377379e-05,0.0280821025371552,8.36875247955322,41.6918258666992,53.4996032714844,59.8926734924316,82.7572555541992,88.0099258422852,90.1299057006836,92.7347412109375,94.2443695068359
NaN,NaN,NaN,NaN,NaN,NaN,NaN,NaN,NaN,NaN,0,0,0,0,0,0,0,4.35746177425033e-20,1.12037039368129e-10,0.000130457177874632,0.102474525570869,10.1302919387817,44.2122268676758,59.4282379150391,65.8794326782227,83.5924530029297,88.1355514526367,90.2033309936523,92.7678070068359,94.2686767578125
NaN,NaN,NaN,NaN,NaN,NaN,NaN,NaN,NaN,NaN,0,0,0,0,0,0,0,1.27823589332602e-18,1.06194042448493e-09,0.000912789371795952,0.438118994235992,13.7931871414185,46.6751976013184,63.4282875061035,70.1195755004883,84.2951354980469,88.2745971679688,90.2803497314453,92.7915267944336,94.2819519042969
NaN,NaN,NaN,NaN,NaN,NaN,NaN,NaN,NaN,NaN,NaN,0,0,0,0,0,0,9.92480663852868e-18,1.5353322169176e-08,0.00460628047585487,1.77671039104462,20.147439956665,49.5737228393555,66.1186828613281,73.2358779907227,84.8162689208984,88.3811798095703,90.3768539428711,92.8221664428711,94.2971878051758
NaN,NaN,NaN,NaN,NaN,NaN,NaN,NaN,NaN,NaN,NaN,0,0,0,0,0,0,1.91205749972058e-16,1.02861655193465e-07,0.0213451515883207,5.41781854629517,29.0972557067871,52.6754035949707,68.0585403442383,75.5317306518555,85.1692581176758,88.4977188110352,90.4692077636719,92.860969543457,94.3135147094727
NaN,NaN,NaN,NaN,NaN,NaN,NaN,NaN,NaN,NaN,NaN,0,0,0,0,0,0,1.33654027549438e-15,5.77489117858931e-07,0.0737927630543709,11.4972658157349,38.4303588867188,56.6531066894531,70.1342010498047,77.1817169189453,85.4698715209961,88.5743103027344,90.5945358276367,92.8894271850586,94.330924987793
NaN,NaN,NaN,NaN,NaN,NaN,NaN,NaN,NaN,NaN,NaN,0,0,0,0,0,0,1.51695604862223e-14,1.63441256972874e-06,0.202590972185135,18.887077331543,47.860652923584,61.017505645752,71.761100769043,78.4448623657227,85.7630157470703,88.6785659790039,90.6981735229492,92.9149780273438,94.3545684814453
NaN,NaN,NaN,NaN,NaN,NaN,NaN,NaN,NaN,NaN,NaN,0,0,0,0,0,0,5.34771710150161e-14,5.26556732438621e-06,0.467931091785431,25.7206020355225,55.1166458129883,63.8135299682617,73.3942413330078,79.5384902954102,86.0008544921875,88.7392883300781,90.8119125366211,92.9499130249023,94.3910980224609
NaN,NaN,NaN,NaN,NaN,NaN,NaN,NaN,NaN,NaN,NaN,0,0,0,0,0,0,5.22468285540749e-14,2.99442235700553e-05,0.747431099414825,29.779016494751,59.3786659240723,65.4475631713867,74.9356994628906,80.4067916870117,86.1834030151367,88.8028945922852,90.9214096069336,92.9882736206055,94.4105758666992
NaN,NaN,NaN,NaN,NaN,NaN,NaN,NaN,NaN,NaN,NaN,0,0,0,0,0,0,1.14472369300636e-14,6.88607688061893e-05,0.803583383560181,30.3253917694092,61.2308082580566,66.63818359375,76.20556640625,81.1292266845703,86.3930053710938,88.9532775878906,91.0593795776367,93.0201950073242,94.4139099121094
NaN,NaN,NaN,NaN,NaN,NaN,NaN,NaN,NaN,NaN,NaN,0,0,0,0,NaN,0,1.2199242267405e-13,7.15908099664375e-05,0.617014408111572,28.1436405181885,61.5700645446777,67.9446640014648,77.1485290527344,81.7795486450195,86.5601425170898,89.1034317016602,91.17724609375,93.0675277709961,94.4176406860352
NaN,NaN,NaN,NaN,NaN,NaN,NaN,NaN,NaN,NaN,NaN,NaN,0,0,0,0,0,6.72009377398336e-14,3.09392635244876e-05,0.39784038066864,23.5170459747314,60.8247985839844,70.2322692871094,77.9513931274414,82.4258117675781,86.7881851196289,89.3066024780273,91.2720489501953,93.1171264648438,94.4274063110352
NaN,NaN,NaN,NaN,NaN,NaN,NaN,NaN,NaN,NaN,NaN,NaN,0,0,0,0,0,3.28299435383485e-16,5.90017407375854e-06,0.193637236952782,18.3032150268555,59.6804809570313,72.1250915527344,78.6008758544922,83.0746841430664,86.9995498657227,89.4941329956055,91.4208221435547,93.1409454345703,94.4447708129883
NaN,NaN,NaN,NaN,NaN,NaN,NaN,NaN,NaN,NaN,NaN,NaN,0,0,0,0,0,2.0275389608118e-17,7.87294027304597e-07,0.0725877806544304,13.7537059783936,57.7486572265625,73.3693466186523,79.0767669677734,83.7136383056641,87.3032531738281,89.6831359863281,91.5203247070313,93.171142578125,94.4689407348633
NaN,NaN,NaN,NaN,NaN,NaN,NaN,NaN,NaN,NaN,NaN,NaN,0,0,0,0,0,4.78580180944792e-19,7.5299297463971e-08,0.0306138601154089,10.7901792526245,55.9433403015137,74.248405456543,79.6242141723633,84.3427276611328,87.5826416015625,89.9000549316406,91.6483306884766,93.2102432250977,94.5158462524414
NaN,NaN,NaN,NaN,NaN,NaN,NaN,NaN,NaN,NaN,NaN,NaN,0,0,0,0,0,3.83807991438969e-20,7.24741955338004e-09,0.0161469355225563,9.49325752258301,54.2033271789551,74.632926940918,80.0540161132813,85.032585144043,87.9403915405273,90.1213302612305,91.7124176025391,93.2390594482422,94.5238342285156
NaN,NaN,NaN,NaN,NaN,NaN,NaN,NaN,NaN,NaN,NaN,NaN,0,0,0,0,0,1.87532366376981e-21,1.58968138652682e-09,0.0399538651108742,8.60361862182617,52.6767845153809,74.7245254516602,80.7859649658203,85.7042465209961,88.2687530517578,90.3419952392578,91.849006652832,93.2732543945313,94.5233612060547
NaN,NaN,NaN,NaN,NaN,NaN,NaN,NaN,NaN,NaN,NaN,NaN,0,0,0,0,0,3.93762538839434e-18,8.68949190380164e-10,0.0562451034784317,7.62027931213379,51.6153106689453,74.8446960449219,81.6562728881836,86.3192367553711,88.6217727661133,90.6178131103516,91.9020080566406,93.3386611938477,94.5228805541992
NaN,NaN,NaN,NaN,NaN,NaN,NaN,NaN,NaN,NaN,NaN,NaN,0,0,0,0,0,3.60118828580218e-18,2.17388973489108e-09,0.0516251586377621,6.98336267471313,51.0305480957031,75.1845397949219,82.5779724121094,86.9218978881836,89.060905456543,90.7644958496094,92.0402755737305,93.3726119995117,94.5224075317383
NaN,NaN,NaN,NaN,NaN,NaN,NaN,NaN,NaN,NaN,NaN,NaN,0,0,0,0,0,2.20488869685131e-19,4.88379381380355e-09,0.061601098626852,6.5760669708252,51.1564559936523,75.7088317871094,83.5899047851563,87.5545349121094,89.3642959594727,91.1115798950195,92.1604537963867,93.3711700439453,94.5219345092773
NaN,NaN,NaN,NaN,NaN,NaN,NaN,NaN,NaN,NaN,NaN,0,0,0,0,0,0,1.8636602798079e-19,7.0584711409083e-09,0.0611392371356487,6.35373020172119,51.9525604248047,75.9971694946289,84.2444458007813,88.0565414428711,89.6423263549805,91.1813049316406,92.1593399047852,93.3697357177734,94.5214538574219
NaN,NaN,NaN,NaN,NaN,NaN,NaN,NaN,NaN,NaN,NaN,0,0,0,0,0,0,4.35054609196499e-19,6.11553163665235e-09,0.0418965481221676,6.11782312393188,53.013355255127,76.5561676025391,84.9075393676758,88.5453491210938,90.1363525390625,91.5446624755859,92.4002380371094,93.5294723510742,94.606559753418
NaN,NaN,NaN,NaN,NaN,NaN,NaN,NaN,NaN,NaN,NaN,0,0,0,0,0,0,1.02251931420743e-18,3.3180287406509e-09,0.0213727727532387,5.82993650436401,52.9634170532227,76.9134902954102,85.234245300293,88.960090637207,90.3776473999023,91.5993499755859,92.4013214111328,93.5307159423828,94.6070251464844
NaN,NaN,NaN,NaN,NaN,NaN,NaN,NaN,NaN,NaN,0,0,0,0,0,0,0,1.0418182650789e-18,1.69915781444985e-09,0.0123444832861423,5.39676141738892,51.7055740356445,77.0090408325195,85.6023025512695,89.3428649902344,90.6338119506836,91.8552703857422,92.5156326293945,93.5319519042969,94.6074981689453
NaN,NaN,NaN,NaN,NaN,NaN,NaN,NaN,NaN,NaN,0,0,0,0,0,0,0,1.06114161777844e-18,1.05815023410116e-09,0.00325225666165352,4.65489530563354,49.6674308776855,77.0434417724609,85.8671569824219,89.6937789916992,90.9632415771484,91.9587326049805,92.6421813964844,93.5665054321289,94.6079635620117
0,NaN,NaN,NaN,NaN,NaN,NaN,NaN,NaN,NaN,0,0,0,0,0,0,0,3.42214752375691e-19,6.14734096959779e-10,0.000560062995646149,3.52641725540161,46.7950706481934,76.7841415405273,86.1769180297852,90.0470733642578,91.2045745849609,92.1705932617188,92.6987075805664,93.6350250244141,94.6084289550781
0,NaN,NaN,NaN,NaN,NaN,NaN,NaN,NaN,NaN,0,0,0,0,0,0,0,4.11963539279655e-20,1.70035222013531e-10,0.000166077006724663,2.52821230888367,43.0458526611328,76.0719299316406,86.536750793457,90.3470840454102,91.3979721069336,92.3344955444336,92.8623657226563,93.6595306396484,94.6088943481445
0,0,NaN,NaN,NaN,NaN,NaN,NaN,NaN,NaN,NaN,0,0,0,0,0,0,1.17251932964209e-21,1.42954727916367e-11,4.66845376649871e-05,1.65654850006104,39.4535446166992,75.5820617675781,86.9230041503906,90.6639633178711,91.6537475585938,92.5168991088867,92.961669921875,93.6825485229492,94.6097106933594
0,0,NaN,NaN,NaN,NaN,NaN,NaN,NaN,NaN,NaN,0,0,0,0,0,0,2.2084692418368e-22,2.9755660283827e-13,1.34178080770653e-05,1.05963969230652,36.3005714416504,75.3285903930664,87.3057708740234,90.8929443359375,91.9475631713867,92.6859436035156,93.0696334838867,93.7487564086914,94.61279296875
0,0,NaN,NaN,NaN,NaN,NaN,NaN,NaN,NaN,0,0,0,0,0,0,0,4.20415877927284e-23,2.37623895576631e-14,5.62357490707655e-06,0.78688657283783,33.4703712463379,75.0974426269531,87.6617889404297,91.1196746826172,92.2290954589844,92.8504257202148,93.1422348022461,93.7844161987305,94.6191940307617
0,0,NaN,NaN,NaN,NaN,NaN,NaN,NaN,NaN,0,0,0,0,0,0,0,1.33628274596724e-24,1.64534360647047e-15,4.01978695663274e-06,0.541860401630402,30.4834995269775,74.8803939819336,88.0746307373047,91.3708419799805,92.4818496704102,93.0003662109375,93.231689453125,93.8076553344727,94.6256256103516
0,NaN,NaN,NaN,NaN,NaN,NaN,NaN,NaN,0,0,0,0,0,0,0,0,1.77275765442221e-26,2.48446171904695e-16,2.13851808439358e-06,0.31956484913826,27.7556533813477,74.6991882324219,88.52978515625,91.6411361694336,92.7246170043945,93.1622619628906,93.2949523925781,93.8446426391602,94.632682800293
0,0,NaN,NaN,NaN,NaN,NaN,NaN,NaN,0,0,0,0,0,0,0,0,0,2.25734958731373e-17,8.29350199182954e-07,0.226273149251938,25.3281078338623,74.696662902832,89.1109466552734,91.93017578125,92.9505844116211,93.2933731079102,93.3768005371094,93.8760986328125,94.6404113769531
0,0,NaN,NaN,NaN,NaN,NaN,NaN,NaN,0,0,0,0,0,0,0,0,0,3.92109914693614e-18,3.5697189559869e-07,0.203109696507454,23.2984237670898,74.6420059204102,89.7887649536133,92.2328796386719,93.177490234375,93.4433135986328,93.4426727294922,93.8979721069336,94.6477203369141
NaN,0,NaN,NaN,NaN,NaN,NaN,NaN,NaN,0,0,0,0,0,0,0,0,0,8.7945784823995e-18,1.39550607514138e-07,0.188797578215599,21.4383926391602,74.6297302246094,90.3697280883789,92.560661315918,93.4275512695313,93.5686645507813,93.4911727905273,93.9181060791016,94.6501159667969
0,NaN,NaN,NaN,NaN,NaN,NaN,NaN,NaN,0,0,0,0,0,0,0,0,0,3.30639741094635e-17,5.10500015593607e-08,0.177772715687752,20.4257125854492,74.7573165893555,90.8331298828125,92.822151184082,93.6888885498047,93.6830139160156,93.5512924194336,93.946662902832,94.6474456787109
0,NaN,NaN,NaN,NaN,NaN,NaN,NaN,NaN,0,0,0,0,0,0,0,0,0,5.70912382548015e-17,2.25166090217499e-08,0.166087090969086,20.1923961639404,75.0331878662109,91.3175964355469,93.1010284423828,93.8777008056641,93.8020706176758,93.6060180664063,93.9678192138672,94.6501998901367
0,NaN,NaN,NaN,NaN,NaN,NaN,NaN,NaN,0,0,0,0,0,0,0,0,0,9.1127033778729e-17,2.81270811086642e-08,0.124015972018242,20.4314270019531,75.6663360595703,91.7614364624023,93.3556060791016,94.0927276611328,93.9117584228516,93.6676788330078,93.9883193969727,94.6554870605469
0,NaN,NaN,NaN,NaN,NaN,NaN,NaN,NaN,0,0,0,0,0,0,0,0,0,4.51961216424489e-16,2.02283274575166e-08,0.107458047568798,20.8954563140869,76.5710144042969,92.1604461669922,93.6444549560547,94.3156585693359,94.0253524780273,93.7133483886719,94.012809753418,94.6607208251953
0,NaN,NaN,NaN,NaN,NaN,NaN,NaN,NaN,0,0,0,0,0,0,0,0,0,2.55493448968159e-15,1.86957489489714e-08,0.198456525802612,20.6881561279297,77.7369232177734,92.6332321166992,93.9004669189453,94.5222549438477,94.114128112793,93.7734069824219,94.0310363769531,94.6659088134766
0,NaN,NaN,NaN,NaN,NaN,NaN,NaN,0,0,0,0,0,0,0,0,0,1.11620168451529e-27,2.98543674048628e-14,3.4441754337422e-08,0.245375439524651,20.2514820098877,79.0474548339844,93.125114440918,94.2192230224609,94.7152328491211,94.2211151123047,93.8304748535156,94.0427780151367,94.6714935302734
0,NaN,NaN,NaN,NaN,NaN,NaN,NaN,0,0,0,0,0,0,0,0,0,1.5022525920448e-23,2.60875115997219e-13,7.87758267506433e-08,0.203925833106041,21.077465057373,79.8685607910156,93.6008834838867,94.5553207397461,94.8745498657227,94.3288879394531,93.9049682617188,94.0607452392578,94.6778564453125
0,NaN,NaN,NaN,NaN,NaN,NaN,NaN,NaN,NaN,0,0,0,0,0,0,0,8.49856185770778e-22,7.47895452166136e-13,3.97340301105942e-07,0.205480590462685,24.2302646636963,81.0354309082031,94.0088272094727,94.7940292358398,95.0044784545898,94.4449462890625,93.9909896850586,94.0804214477539,94.6842880249023
0,0,NaN,NaN,NaN,NaN,NaN,NaN,NaN,0,0,0,0,0,0,0,0,1.43470160398501e-19,1.42391231184452e-12,1.16723811061092e-06,0.265061020851135,29.9246559143066,83.2556533813477,94.3573684692383,94.9745635986328,95.1243743896484,94.5786514282227,94.0849838256836,94.0983428955078,94.6949081420898
0,0,NaN,NaN,NaN,NaN,NaN,NaN,NaN,0,0,0,0,0,0,0,0,4.30214904679422e-19,3.73874629172599e-12,1.95962115867587e-06,0.687494158744812,36.151927947998,85.8088531494141,94.6394653320313,95.1493530273438,95.2553558349609,94.6941909790039,94.1843338012695,94.1231460571289,94.7064895629883
0,0,NaN,NaN,NaN,NaN,NaN,NaN,NaN,0,0,0,0,0,0,0,0,1.82898137886147e-19,1.7272247868072e-11,2.55390864367655e-06,1.31745374202728,42.3077812194824,88.2057037353516,94.869384765625,95.2961273193359,95.3844604492188,94.8176116943359,94.2629547119141,94.1573715209961,94.7179107666016
0,0,0,NaN,NaN,NaN,NaN,NaN,NaN,0,0,0,0,0,0,0,0,1.1629573833157e-24,2.19744205470773e-11,9.57677184487693e-06,1.98748183250427,48.9286727905273,89.7939529418945,95.0345458984375,95.4225692749023,95.5104370117188,94.9011840820313,94.3513565063477,94.1864013671875,94.7291793823242
0,0,0,NaN,NaN,NaN,NaN,NaN,NaN,0,0,0,0,0,0,0,0,5.27907442413167e-19,8.76038391134371e-12,1.77173424162902e-05,2.58428239822388,55.7321434020996,90.9481658935547,95.1211853027344,95.529655456543,95.6206741333008,94.9980773925781,94.4231185913086,94.2135314941406,94.740608215332
0,0,0,NaN,0,NaN,NaN,NaN,NaN,0,0,0,0,0,0,0,0,1.99648329189411e-17,1.27364655280737e-11,1.42036033139448e-05,3.47966599464417,61.3850708007813,91.734245300293,95.1276016235352,95.6072311401367,95.7253952026367,95.0920333862305,94.4896011352539,94.2499008178711,94.7567443847656
0,0,0,0,0,NaN,NaN,NaN,NaN,0,0,0,0,0,0,0,0,2.94835731206089e-16,5.36901079151164e-11,1.38019249789068e-05,4.16505098342896,66.1022796630859,92.3735961914063,95.0730514526367,95.6568374633789,95.7879028320313,95.1879959106445,94.550666809082,94.2819366455078,94.7725143432617
0,0,0,0,0,NaN,NaN,NaN,NaN,0,0,0,0,0,0,0,0,9.15435092909821e-15,3.23556764714183e-10,2.31631565839052e-05,4.46358966827393,69.9158096313477,92.8481140136719,95.0209121704102,95.6748809814453,95.8481750488281,95.2580413818359,94.6043243408203,94.3080673217773,94.7872085571289
0,0,0,0,0,0,0,NaN,0,0,0,0,0,0,0,0,0,9.86291126894856e-14,2.86006063277e-09,2.84922462014947e-05,5.22081613540649,72.2121887207031,93.2595901489258,95.0282821655273,95.668701171875,95.8780364990234,95.3220748901367,94.6613464355469,94.3361892700195,94.801872253418
0,0,0,0,0,0,0,NaN,0,0,0,0,0,0,0,0,0,4.66555505167221e-13,1.01093089455162e-08,0.0002369257126702,6.03121566772461,73.9190902709961,93.6343612670898,95.0548095703125,95.6505889892578,95.8833770751953,95.386589050293,94.698127746582,94.3670883178711,94.8165054321289
0,0,0,0,0,0,NaN,NaN,0,0,0,0,0,0,0,0,0,1.29441184333612e-12,4.10774916304035e-08,0.003628586884588,6.44629526138306,75.6825103759766,93.9032363891602,95.0840072631836,95.6352310180664,95.8850860595703,95.4287414550781,94.7368240356445,94.3911972045898,94.8294906616211
0,0,0,0,0,0,NaN,0,0,0,0,0,0,0,0,0,5.11965830239937e-20,4.08433746892922e-12,9.04411820101814e-07,0.0177221335470676,7.42842578887939,76.8480453491211,94.0962753295898,95.1441879272461,95.6241455078125,95.8860092163086,95.4599075317383,94.7663879394531,94.4142379760742,94.8382110595703
0,0,0,0,0,0,NaN,0,0,0,0,0,0,0,0,0,1.03213487523805e-18,5.48300904679166e-10,2.83730933006154e-05,0.116792261600494,9.72723865509033,78.9465255737305,94.2901840209961,95.2168426513672,95.6153793334961,95.8762054443359,95.4818344116211,94.7895278930664,94.4383010864258,94.8479614257813
0,0,0,0,0,NaN,0,0,0,0,0,0,0,0,0,0,9.71286228607728e-19,2.73367084524523e-09,0.00106170435901731,0.605593919754028,13.3556394577026,83.0952835083008,94.4833374023438,95.2744674682617,95.5976791381836,95.8510284423828,95.498046875,94.8125991821289,94.4630889892578,94.8586044311523
0,0,0,0,0,NaN,NaN,0,0,0,0,0,0,0,0,0,1.4441986196941e-17,1.08151247957267e-08,0.0141007518395782,2.48675465583801,21.6920413970947,86.4878692626953,94.6604766845703,95.3236999511719,95.5753707885742,95.8229827880859,95.5193252563477,94.8328704833984,94.4862594604492,94.8683776855469
0,0,0,0,0,NaN,0,0,0,0,0,0,0,0,0,0,1.24885437592959e-17,6.02876468747127e-08,0.0567083433270454,9.03532028198242,33.5095825195313,89.4867477416992,94.8506927490234,95.3790435791016,95.5500640869141,95.7855682373047,95.5414810180664,94.8577041625977,94.5081634521484,94.8780975341797
0,0,0,0,0,0,0,0,0,0,0,0,0,0,0,1.66877337305653e-21,2.80574025714932e-16,7.1052802752547e-08,0.257670938968658,21.2623825073242,48.055534362793,92.2390518188477,95.0448303222656,95.4198150634766,95.5239562988281,95.7479858398438,95.5575561523438,94.8799514770508,94.5308303833008,94.887809753418
0,0,0,0,0,0,0,0,0,0,0,0,0,0,0,1.04275887283295e-18,7.80366033294524e-14,7.68698271258472e-07,0.57441771030426,36.7839813232422,65.25,93.558708190918,95.1946029663086,95.4448623657227,95.505615234375,95.7270278930664,95.583984375,94.8957138061523,94.5545959472656,94.8976669311523
0,0,0,0,0,0,0,0,0,0,0,0,0,0,0,3.27679274917197e-16,8.73640482873528e-12,3.3276628528256e-06,1.36703431606293,49.9439239501953,78.235725402832,94.5320739746094,95.3430786132813,95.4747848510742,95.4897384643555,95.7140045166016,95.6009292602539,94.9136657714844,94.5754470825195,94.9075164794922
0,0,0,0,0,0,0,0,0,0,0,0,0,0,5.58255613413183e-19,8.77361470150509e-14,1.87096449444368e-09,3.12453994411044e-05,2.18531107902527,60.7662010192871,87.3568572998047,95.0190582275391,95.4699630737305,95.4951858520508,95.4780654907227,95.7152481079102,95.5985336303711,94.9306869506836,94.592399597168,94.9171295166016
0,0,0,0,0,0,0,0,0,0,0,0,0,1.74236669915381e-21,3.19836506861319e-15,8.26932758379861e-11,1.91212916433869e-06,0.000121962162666023,4.1474666595459,69.146614074707,91.6147003173828,95.3032379150391,95.5848999023438,95.5164794921875,95.4814147949219,95.7165451049805,95.5907974243164,94.943962097168,94.6078567504883,94.926155090332
0,0,0,0,0,0,0,0,0,0,0,0,0,3.16843129483414e-16,1.33658611956022e-10,2.3406261107084e-07,0.000552077952306718,0.00317551265470684,6.9178524017334,76.0830078125,93.3941345214844,95.4976654052734,95.6986389160156,95.538703918457,95.4871063232422,95.7155838012695,95.5788879394531,94.9522552490234,94.6237411499023,94.936164855957
0,0,0,0,0,NaN,0,0,0,0,0,0,1.24620901036577e-22,1.36405123307703e-12,2.27669033847633e-07,0.000187824523891322,0.0682622864842415,0.0923247486352921,12.0442733764648,81.5885162353516,94.0694274902344,95.6127014160156,95.764030456543,95.5594329833984,95.5076522827148,95.7214813232422,95.5700912475586,94.9566040039063,94.6364669799805,94.9463729858398
0,NaN,0,0,0,NaN,0,0,0,0,0,0,1.8094756224971e-17,2.68471078701538e-10,7.15809364919551e-05,0.078869417309761,1.65517699718475,0.978618860244751,18.75075340271,86.437858581543,94.4225997924805,95.6908264160156,95.7997283935547,95.5812759399414,95.5338745117188,95.7286987304688,95.5656509399414,94.963020324707,94.6480712890625,94.9566116333008
0,NaN,NaN,0,0,NaN,0,0,NaN,0,0,0,2.94790395091076e-17,4.27081303655541e-09,0.00280413869768381,2.26209020614624,8.76660823822021,4.31472826004028,29.5575866699219,88.8124847412109,94.6848602294922,95.7555618286133,95.8418502807617,95.5964736938477,95.5385589599609,95.7328491210938,95.5642318725586,94.9763641357422,94.6598281860352,94.9668502807617
0,NaN,NaN,0,0,NaN,0,NaN,NaN,0,0,0,2.43786405433832e-16,1.7139912600328e-08,0.04614532366395,14.834545135498,25.8222312927246,14.5082216262817,44.5735855102539,90.7326354980469,94.9353179931641,95.8269805908203,95.8796539306641,95.6120986938477,95.5408325195313,95.7299194335938,95.5649871826172,94.9935760498047,94.6745071411133,94.9769134521484
NaN,NaN,NaN,0,0,NaN,0,NaN,NaN,NaN,0,0,1.44768298369034e-13,7.25659674571943e-07,0.938771665096283,39.0888290405273,50.5903129577637,34.4502601623535,59.981388092041,91.7447891235352,95.1474990844727,95.9004058837891,95.9114990234375,95.632942199707,95.5586624145508,95.7272186279297,95.5695571899414,95.0120544433594,94.6903991699219,94.9870529174805
NaN,NaN,NaN,NaN,NaN,NaN,NaN,NaN,NaN,NaN,0,0,7.30519811309449e-12,0.000280396779999137,6.11840391159058,60.4053573608398,70.1499176025391,53.7701530456543,71.5835952758789,92.7753601074219,95.3110427856445,95.9643859863281,95.936408996582,95.6543884277344,95.5720748901367,95.7246856689453,95.5663528442383,95.0291061401367,94.7051849365234,94.9973373413086
NaN,NaN,NaN,NaN,NaN,NaN,NaN,NaN,NaN,NaN,0,6.88317344103261e-20,2.56653587271671e-10,0.0157726015895605,21.3029689788818,74.0129318237305,80.8706283569336,73.0348587036133,81.1009216308594,93.5160293579102,95.4164505004883,96.0229187011719,95.9690704345703,95.7026214599609,95.5776519775391,95.7285690307617,95.5539245605469,95.0426483154297,94.7178268432617,95.0074920654297
NaN,NaN,NaN,NaN,NaN,NaN,NaN,NaN,NaN,NaN,0,1.05708512405448e-17,2.89545560860915e-08,0.361024767160416,44.3214645385742,80.4044342041016,85.1247329711914,85.3714904785156,88.6746368408203,94.050666809082,95.4566040039063,96.0589294433594,96.0143127441406,95.738899230957,95.5845794677734,95.7268981933594,95.5368728637695,95.0560836791992,94.7314758300781,95.0133361816406
NaN,NaN,NaN,NaN,NaN,NaN,NaN,NaN,NaN,NaN,0,4.63671298689514e-15,2.88463388642413e-06,2.78035950660706,63.0939788818359,83.3348846435547,86.9615020751953,88.7978210449219,91.5899658203125,94.4061126708984,95.5329132080078,96.0834732055664,96.0649566650391,95.7548065185547,95.5890731811523,95.7146224975586,95.5199356079102,95.0705718994141,94.7464141845703,95.0175170898438
NaN,NaN,NaN,NaN,NaN,NaN,NaN,NaN,NaN,NaN,NaN,1.33934909603978e-13,8.52472730912268e-05,9.09529590606689,74.1379089355469,85.1539001464844,88.2684555053711,89.98779296875,92.4955520629883,94.6714248657227,95.6296997070313,96.12646484375,96.1032791137695,95.7748413085938,95.5971832275391,95.7090606689453,95.5036392211914,95.0809020996094,94.7577133178711,95.0204162597656
NaN,NaN,NaN,NaN,NaN,NaN,NaN,NaN,NaN,NaN,NaN,1.56582542071293e-11,0.00196842011064291,19.9585437774658,79.3321075439453,86.5344161987305,89.34033203125,90.8542785644531,92.9842758178711,94.8127517700195,95.7067413330078,96.1615142822266,96.1344985961914,95.7940444946289,95.6202621459961,95.709098815918,95.4920120239258,95.0893096923828,94.7666854858398,95.0225830078125
NaN,NaN,NaN,NaN,NaN,NaN,NaN,NaN,NaN,NaN,NaN,9.79056488659147e-11,0.0294542871415615,32.1530799865723,81.7724838256836,87.492919921875,90.1224517822266,91.4998779296875,93.2755508422852,94.9016952514648,95.7618713378906,96.1951446533203,96.1450424194336,95.8133087158203,95.6499938964844,95.7072372436523,95.4878005981445,95.0911483764648,94.7770004272461,95.0247802734375
NaN,NaN,NaN,NaN,NaN,NaN,NaN,NaN,NaN,NaN,NaN,2.15020667937438e-10,0.201422676444054,42.2354354858398,83.1909332275391,88.2637176513672,90.7150726318359,92.0056610107422,93.4798049926758,95.0153274536133,95.7822189331055,96.2316131591797,96.1567611694336,95.8105010986328,95.6848831176758,95.7015686035156,95.4787521362305,95.0944747924805,94.7869262695313,95.0270156860352
0,NaN,NaN,NaN,NaN,NaN,NaN,NaN,NaN,NaN,0,1.30057686842378e-09,0.561506927013397,50.0062713623047,84.2377166748047,88.9272994995117,91.2124633789063,92.3940582275391,93.6553802490234,95.0922164916992,95.7734832763672,96.2608795166016,96.1729888916016,95.8045501708984,95.7050170898438,95.7000579833984,95.4698257446289,95.1052474975586,94.7989196777344,95.029296875
0,NaN,NaN,NaN,NaN,NaN,NaN,NaN,NaN,NaN,0,1.00541610592586e-08,1.37986934185028,56.3255424499512,85.2046203613281,89.576057434082,91.6227722167969,92.6926803588867,93.8204498291016,95.136962890625,95.7983779907227,96.2754516601563,96.1864852905273,95.8325500488281,95.7270889282227,95.7040634155273,95.4706649780273,95.1125869750977,94.8106918334961,95.0316467285156
NaN,NaN,NaN,NaN,NaN,NaN,NaN,NaN,NaN,NaN,0,3.85543437175784e-08,2.79685258865356,61.3301048278809,85.734748840332,90.1293869018555,91.9605102539063,92.9067459106445,93.9478988647461,95.1768493652344,95.8229522705078,96.2862091064453,96.1956405639648,95.8558731079102,95.7483444213867,95.7123641967773,95.4772720336914,95.1177978515625,94.8201293945313,95.034065246582
0,NaN,NaN,NaN,NaN,NaN,NaN,NaN,NaN,NaN,0,7.20428730005551e-08,4.69016695022583,64.8200607299805,85.9838333129883,90.5164642333984,92.2528381347656,93.0994720458984,94.0434875488281,95.2282180786133,95.8415222167969,96.2684097290039,96.2005996704102,95.8880996704102,95.7648391723633,95.7211837768555,95.4827041625977,95.1235733032227,94.8290557861328,95.0365600585938
0,NaN,NaN,NaN,NaN,NaN,NaN,NaN,NaN,NaN,0,2.20061565414653e-07,6.66313028335571,66.936637878418,86.1166915893555,90.7704086303711,92.5105667114258,93.3043365478516,94.1515731811523,95.2575302124023,95.8373413085938,96.2514724731445,96.2078018188477,95.9166259765625,95.7823181152344,95.7265090942383,95.4831924438477,95.1305770874023,94.8385467529297,95.0391998291016
0,0,NaN,NaN,NaN,NaN,NaN,NaN,NaN,NaN,0,1.37234496833116e-06,8.16534042358398,67.4670562744141,86.2670211791992,90.9745788574219,92.7036972045898,93.5104522705078,94.2827453613281,95.2781524658203,95.8219375610352,96.2214889526367,96.2072906494141,95.9465942382813,95.8034973144531,95.7255096435547,95.4817428588867,95.1435775756836,94.8485412597656,95.0426254272461
0,NaN,NaN,NaN,NaN,NaN,NaN,NaN,NaN,NaN,0,4.23231813329039e-06,8.95715713500977,66.6430206298828,86.3970947265625,91.177604675293,92.8305511474609,93.6766815185547,94.4354705810547,95.3155670166016,95.8050155639648,96.1708602905273,96.1888046264648,95.9743423461914,95.8250274658203,95.7245254516602,95.4804077148438,95.1555404663086,94.8567962646484,95.0463027954102
0,NaN,NaN,NaN,NaN,NaN,NaN,NaN,NaN,NaN,0,2.75002548733028e-06,8.50179672241211,64.1146240234375,86.3329925537109,91.3266525268555,92.9110565185547,93.8155746459961,94.5917587280273,95.3451690673828,95.7890930175781,96.09326171875,96.1598281860352,96.0023422241211,95.8425903320313,95.7235107421875,95.4770355224609,95.1674346923828,94.8657150268555,95.049690246582
0,NaN,NaN,NaN,NaN,NaN,NaN,NaN,NaN,NaN,0,4.28528301199549e-06,6.90321493148804,59.7442932128906,86.1683197021484,91.4788284301758,92.9775085449219,93.9236679077148,94.7141647338867,95.3354034423828,95.767936706543,96.0141448974609,96.1284103393555,96.0338516235352,95.8667831420898,95.7183151245117,95.4712905883789,95.1782379150391,94.8686599731445,95.0488891601563
0,NaN,NaN,NaN,NaN,NaN,NaN,NaN,NaN,NaN,0,6.45547061139951e-06,4.79672050476074,53.7440795898438,85.5997467041016,91.6225051879883,93.0500335693359,94.020133972168,94.7797622680664,95.3084259033203,95.736083984375,95.9391937255859,96.0957260131836,96.0645294189453,95.898681640625,95.7181015014648,95.4682846069336,95.1823425292969,94.8685302734375,95.0467910766602
0,NaN,NaN,NaN,NaN,NaN,NaN,NaN,NaN,NaN,0,1.53845612658188e-05,2.68025970458984,46.4000244140625,84.4730758666992,91.7140808105469,93.1219787597656,94.1204452514648,94.8316116333008,95.2833938598633,95.6933212280273,95.8684921264648,96.0652542114258,96.0914611816406,95.9039916992188,95.7144470214844,95.4636688232422,95.1854858398438,94.8727416992188,95.0446624755859
0,NaN,NaN,NaN,NaN,NaN,NaN,NaN,NaN,0,0,1.08517806438613e-05,1.30294060707092,36.9491271972656,82.4906311035156,91.6748046875,93.1834182739258,94.2206115722656,94.8590927124023,95.2489013671875,95.6505737304688,95.8170166015625,96.0587692260742,96.1123504638672,95.8893737792969,95.7089996337891,95.459846496582,95.1900634765625,94.8787536621094,95.0424880981445
NaN,NaN,NaN,NaN,NaN,NaN,NaN,NaN,NaN,0,0,3.96933364754659e-06,0.310713738203049,25.7146949768066,79.9656677246094,91.5104293823242,93.2088851928711,94.2922058105469,94.8961410522461,95.2382888793945,95.6213760375977,95.7859039306641,96.0338745117188,96.1017227172852,95.8893814086914,95.7008743286133,95.4613876342773,95.1938247680664,94.8844757080078,95.0409622192383
NaN,NaN,NaN,NaN,NaN,NaN,NaN,NaN,NaN,0,0,9.89894260783331e-07,0.0603019967675209,17.4104690551758,77.2424545288086,91.3044357299805,93.199951171875,94.3407363891602,94.9405059814453,95.2432174682617,95.5989227294922,95.7583465576172,95.9996032714844,96.0675811767578,95.8913726806641,95.6871109008789,95.4636306762695,95.1962966918945,94.8883438110352,95.0411376953125
NaN,NaN,NaN,NaN,NaN,NaN,NaN,NaN,NaN,0,0,2.16027174815281e-07,0.0100184287875891,13.1041440963745,74.7102813720703,91.0271606445313,93.1585464477539,94.3776473999023,94.9779739379883,95.2678833007813,95.5711441040039,95.7515029907227,95.9610214233398,96.0641250610352,95.8966979980469,95.6810684204102,95.4650344848633,95.2010726928711,94.8897933959961,95.0414428710938
NaN,NaN,NaN,NaN,NaN,NaN,NaN,NaN,NaN,0,0,4.34422524620004e-08,0.00252175587229431,9.82075881958008,71.1490783691406,90.7560958862305,93.1055221557617,94.3891220092773,95.0602569580078,95.2919464111328,95.5367050170898,95.7491302490234,95.9295959472656,96.0571746826172,95.9098510742188,95.6846466064453,95.4685287475586,95.2031097412109,94.892463684082,95.0419540405273
NaN,NaN,NaN,NaN,NaN,NaN,NaN,NaN,NaN,0,0,2.21344231832177e-09,0.000748631660826504,6.79269218444824,65.6986083984375,90.4044952392578,92.9765777587891,94.378059387207,95.1093292236328,95.3014373779297,95.5176849365234,95.75390625,95.9000091552734,96.0502700805664,95.9211730957031,95.6999740600586,95.4797897338867,95.2043151855469,94.8958206176758,95.04345703125
NaN,NaN,NaN,NaN,NaN,NaN,NaN,NaN,NaN,0,0,4.41319827904074e-11,0.000201478585950099,4.26400279998779,59.787525177002,89.8432922363281,92.7579879760742,94.3242797851563,95.13232421875,95.2952728271484,95.5123825073242,95.7577133178711,95.8821334838867,96.0563049316406,95.9528579711914,95.7122344970703,95.4874114990234,95.2104187011719,94.8978042602539,95.0452194213867
NaN,NaN,NaN,NaN,NaN,NaN,NaN,NaN,NaN,0,0,1.15035509330036e-12,0.000113984548079316,2.69099974632263,53.9382934570313,88.9122085571289,92.4626617431641,94.2734222412109,95.1263046264648,95.2924575805664,95.5188446044922,95.7684173583984,95.8761596679688,96.0629577636719,95.9817733764648,95.7275772094727,95.4927520751953,95.2173843383789,94.8974304199219,95.0459899902344
NaN,NaN,NaN,NaN,NaN,NaN,NaN,NaN,NaN,0,0,1.44098898395215e-13,0.000147566504892893,1.96904504299164,48.6394691467285,87.5597381591797,92.1327209472656,94.2253265380859,95.0942993164063,95.3163681030273,95.5444183349609,95.7840805053711,95.8905181884766,96.0704345703125,96.0205535888672,95.7474212646484,95.5049667358398,95.2195892333984,94.8957595825195,95.0459213256836
NaN,NaN,NaN,NaN,NaN,NaN,NaN,NaN,NaN,0,0,8.51907316933888e-14,0.000216573840589263,1.78691053390503,44.4756889343262,85.9652557373047,91.8061828613281,94.1626968383789,95.0657806396484,95.3440551757813,95.5687942504883,95.8027114868164,95.9085159301758,96.0850372314453,96.04150390625,95.7654113769531,95.5225982666016,95.2273635864258,94.8935699462891,95.0427703857422
NaN,NaN,NaN,NaN,NaN,NaN,NaN,NaN,NaN,NaN,0,5.21698501998284e-14,0.000224715811782517,1.97911965847015,40.9989318847656,83.9867782592773,91.4477767944336,94.0728454589844,95.0570449829102,95.3854751586914,95.6141510009766,95.8209991455078,95.9413375854492,96.0994262695313,96.0546798706055,95.7919692993164,95.5443878173828,95.2303237915039,94.8911514282227,95.0412445068359
NaN,NaN,NaN,NaN,NaN,NaN,NaN,NaN,NaN,NaN,0,4.88482308259614e-14,0.000221268186578527,2.26093554496765,37.4099960327148,80.5831146240234,90.9780120849609,93.9277572631836,95.0358734130859,95.4246139526367,95.688835144043,95.8231048583984,95.9771499633789,96.1099624633789,96.0803680419922,95.8187255859375,95.5555877685547,95.2311782836914,94.8903350830078,95.0410919189453
NaN,NaN,NaN,NaN,NaN,NaN,NaN,NaN,NaN,NaN,0,1.94113524082731e-14,0.000199963236809708,2.10365509986877,32.6473274230957,75.4694595336914,90.3692474365234,93.7432022094727,94.9951019287109,95.4752960205078,95.760124206543,95.8509826660156,96.0016021728516,96.1268615722656,96.116325378418,95.8477630615234,95.573356628418,95.231559753418,94.8916091918945,95.0409317016602
NaN,NaN,NaN,NaN,NaN,NaN,NaN,NaN,NaN,NaN,0,5.07705178896464e-14,0.000112762325443327,1.2959793806076,26.9074058532715,69.3128967285156,89.2818069458008,93.4900588989258,94.9505310058594,95.5068435668945,95.7963256835938,95.9135818481445,96.0187835693359,96.1413116455078,96.144889831543,95.8680877685547,95.5868377685547,95.2368698120117,94.8942337036133,95.040771484375
NaN,NaN,NaN,NaN,NaN,NaN,NaN,NaN,NaN,NaN,0,1.56239851920948e-14,2.83449262497015e-05,0.389560669660568,20.3183269500732,61.6082000732422,86.9176483154297,93.1731567382813,94.9333114624023,95.5350799560547,95.8292999267578,95.9732437133789,96.0309753417969,96.1618270874023,96.1762313842773,95.9096221923828,95.6009292602539,95.2461776733398,94.8993301391602,95.0406112670898
NaN,NaN,NaN,NaN,NaN,NaN,NaN,NaN,NaN,0,0,3.30714782919805e-17,1.30980254198221e-06,0.084409661591053,14.1962575912476,53.7904739379883,82.5250091552734,92.7809143066406,94.9482650756836,95.6011047363281,95.9179458618164,96.0353164672852,96.055046081543,96.201904296875,96.201774597168,95.9318008422852,95.617546081543,95.2482070922852,94.9012222290039,95.0404434204102
NaN,NaN,NaN,NaN,NaN,NaN,NaN,NaN,NaN,0,0,4.38646802565224e-20,1.41083811300291e-08,0.00728253927081823,9.33414649963379,43.9767646789551,76.1164321899414,92.3172912597656,94.924934387207,95.6903762817383,96.0119934082031,96.0998001098633,96.1055603027344,96.2221145629883,96.2389373779297,95.9476470947266,95.6261596679688,95.248893737793,94.9000778198242,95.040283203125
NaN,NaN,NaN,NaN,NaN,NaN,NaN,NaN,NaN,0,0,0,0,0.000438967836089432,8.70374488830566,32.8600234985352,68.2086029052734,91.5547943115234,94.9080200195313,95.786376953125,96.1015396118164,96.174446105957,96.1534423828125,96.2618255615234,96.2503051757813,95.9799499511719,95.6283111572266,95.2553024291992,94.900390625,95.0401153564453
NaN,NaN,NaN,NaN,NaN,NaN,NaN,NaN,NaN,0,0,0,NaN,NaN,6.17207717895508,22.1735725402832,58.8850975036621,90.2633819580078,94.8927230834961,95.8870620727539,96.1940002441406,96.2574996948242,96.2032852172852,96.2989654541016,96.2831573486328,95.9838409423828,95.6397857666016,95.2653427124023,94.9006958007813,95.0399551391602
NaN,NaN,NaN,NaN,NaN,NaN,NaN,NaN,NaN,0,0,0,NaN,NaN,2.59134459495544,13.7181167602539,50.2575378417969,88.1270141601563,94.8591003417969,95.9768600463867,96.296501159668,96.3312835693359,96.2815475463867,96.3353958129883,96.2923202514648,96.0219650268555,95.6609802246094,95.2660522460938,94.901008605957,95.0397796630859
NaN,NaN,NaN,NaN,NaN,NaN,NaN,NaN,NaN,0,0,0,NaN,NaN,1.23926341533661,8.36120986938477,38.2484016418457,84.7297286987305,94.7434158325195,96.0454254150391,96.4032745361328,96.4042053222656,96.3360137939453,96.3918991088867,96.3421936035156,96.0500717163086,95.6617813110352,95.2667770385742,94.9013137817383,95.0396041870117
NaN,NaN,NaN,NaN,NaN,NaN,NaN,NaN,NaN,0,0,0,0,NaN,0.365793168544769,6.90630149841309,21.1502304077148,81.0819625854492,94.5877075195313,96.0903930664063,96.5106811523438,96.4757385253906,96.3861923217773,96.4113998413086,96.3432846069336,96.0508346557617,95.6625137329102,95.2674942016602,94.9016189575195,95.039436340332
NaN,NaN,NaN,NaN,NaN,NaN,NaN,NaN,NaN,0,0,0,0,NaN,0.202979385852814,10.2030429840088,62.1319694519043,85.2912826538086,94.3949432373047,96.1033554077148,96.6194000244141,96.5819625854492,96.4924011230469,96.510627746582,96.4074859619141,96.1148986816406,95.6982345581055,95.3018951416016,94.8948516845703,94.9354476928711
NaN,NaN,NaN,NaN,NaN,NaN,NaN,NaN,NaN,0,0,0,7.40204639094608e-18,9.32389833777655e-16,0.502804279327393,10.0026588439941,65.6858215332031,91.2169189453125,94.1840896606445,96.0995178222656,96.6981048583984,96.6582565307617,96.5507125854492,96.5406951904297,96.4083938598633,96.1141967773438,95.6974258422852,95.301139831543,94.8943405151367,94.9357223510742
NaN,NaN,NaN,NaN,NaN,NaN,NaN,NaN,NaN,0,0,0,2.51336195381167e-16,7.41164074558043e-10,1.61883425712585,15.1407661437988,72.9494400024414,88.7064437866211,93.857780456543,96.0782852172852,96.7552719116211,96.7300491333008,96.6127471923828,96.6231002807617,96.4640960693359,96.1433181762695,95.696662902832,95.3003845214844,94.8938217163086,94.9359970092773
NaN,NaN,NaN,NaN,NaN,NaN,NaN,NaN,NaN,0,0,0,NaN,1.94330550584709e-06,2.37621521949768,4.48479890823364,80.6302261352539,91.6572570800781,93.2554397583008,96.010498046875,96.7879409790039,96.7929611206055,96.7302398681641,96.6884536743164,96.4714965820313,96.186408996582,95.7055816650391,95.2996292114258,94.8933181762695,94.9362716674805
NaN,NaN,NaN,NaN,NaN,NaN,NaN,NaN,0,0,0,NaN,NaN,0.413494080305099,3.22520542144775,8.52442932128906,93.7322692871094,93.5752182006836,91.6270141601563,95.9634170532227,96.7963333129883,96.8491744995117,96.7934417724609,96.7524566650391,96.5169982910156,96.1873321533203,95.7143249511719,95.3148727416992,94.8928070068359,94.9365463256836
NaN,NaN,NaN,NaN,NaN,NaN,NaN,NaN,0,0,0,0,1.91166126728058,0.0653751865029335,5.51913928985596,6.04921627044678,96.3868637084961,94.5910186767578,90.6314697265625,95.9064636230469,96.7839660644531,96.8905868530273,96.8483352661133,96.8216552734375,96.5239562988281,96.207878112793,95.7119674682617,95.329475402832,94.8922958374023,94.9368209838867
NaN,NaN,NaN,NaN,NaN,NaN,NaN,0,0,0,0,0,1.91166126728058,2.83073306083679,3.19157242774963,2.53353071212769,97.0123977661133,96.1122131347656,90.8761596679688,95.8228912353516,96.7523574829102,96.9028625488281,96.8993682861328,96.856315612793,96.5767669677734,96.2051620483398,95.7231140136719,95.3343734741211,94.9036331176758,94.9371032714844
NaN,NaN,NaN,NaN,NaN,NaN,NaN,0,0,NaN,0,NaN,NaN,4.90325784683228,1.87108647823334,2.37182784080505,96.8421249389648,96.5671768188477,91.6750259399414,95.7503280639648,96.6900024414063,96.8939361572266,96.9367294311523,96.8974914550781,96.5989685058594,96.2137832641602,95.7413024902344,95.3322372436523,94.9218521118164,94.9373779296875
NaN,NaN,NaN,NaN,NaN,NaN,NaN,NaN,0,NaN,0,NaN,20.8836154937744,10.7403650283813,1.38335418701172,96.9521484375,96.7761001586914,96.5532073974609,91.6460494995117,95.7208786010742,96.6109313964844,96.8659133911133,96.955192565918,96.9215621948242,96.6372528076172,96.226676940918,95.7491607666016,95.3480682373047,94.9316253662109,94.9376602172852
NaN,NaN,NaN,NaN,NaN,NaN,NaN,NaN,0,NaN,NaN,NaN,20.9662609100342,17.5916767120361,1.366171002388,89.3719711303711,96.6869506835938,96.3119506835938,94.4508438110352,95.987678527832,96.5056381225586,96.8176422119141,96.9575271606445,96.9488525390625,96.678108215332,96.2393798828125,95.7650146484375,95.3716430664063,94.9365692138672,94.9379348754883
NaN,NaN,NaN,NaN,NaN,NaN,NaN,NaN,0,0,NaN,NaN,36.5111427307129,24.028564453125,1.0661416053772,70.7610549926758,96.7080383300781,96.2826995849609,96.2664947509766,96.0825119018555,96.3934555053711,96.7591018676758,96.9563369750977,96.9607086181641,96.7159729003906,96.26904296875,95.7931900024414,95.3859634399414,94.9280700683594,94.9382171630859
NaN,NaN,NaN,NaN,NaN,NaN,NaN,0,0,0,NaN,8.43076463752368e-07,19.7679710388184,24.9642391204834,1.67866837978363,25.6940116882324,96.094856262207,96.2523498535156,96.2440414428711,95.9974365234375,96.2815093994141,96.6834259033203,96.9335861206055,96.9662628173828,96.7530212402344,96.2893524169922,95.8077545166016,95.3987350463867,94.911994934082,94.9384994506836
NaN,NaN,NaN,NaN,NaN,NaN,NaN,0,0,0,NaN,8.43076463752368e-07,3.55570793151855,9.1694278717041,6.36399555206299,15.2015256881714,96.0402679443359,96.1305084228516,96.0946655273438,95.8343124389648,96.1807098388672,96.5893478393555,96.8879318237305,96.9602737426758,96.7751693725586,96.3176422119141,95.8290710449219,95.4175491333008,94.9102096557617,94.9329071044922
NaN,NaN,NaN,NaN,NaN,NaN,NaN,NaN,0,0,NaN,NaN,NaN,4.85731410980225,20.348316192627,49.579704284668,95.9032440185547,95.9254837036133,95.9540786743164,95.4034957885742,96.0892105102539,96.4702758789063,96.8294830322266,96.9445953369141,96.7934341430664,96.340934753418,95.8497772216797,95.4382934570313,94.9227523803711,94.9155960083008
NaN,NaN,NaN,NaN,NaN,NaN,NaN,NaN,0,0,NaN,NaN,2.61225366592407,6.99303674697876,32.2360649108887,71.2497940063477,94.6561050415039,95.6286392211914,95.6492309570313,95.3058471679688,96.0219650268555,96.3416213989258,96.7648315429688,96.9272918701172,96.8162689208984,96.364372253418,95.8700790405273,95.4555053710938,94.9304733276367,94.8984527587891
NaN,NaN,NaN,NaN,NaN,NaN,NaN,NaN,0,0,NaN,2.09429522612936e-08,2.88572287559509,11.6665000915527,35.5871963500977,67.3352355957031,93.6673965454102,95.3986663818359,95.3641052246094,95.9374008178711,95.9944915771484,96.2061386108398,96.710334777832,96.8965835571289,96.8290786743164,96.3928756713867,95.8946914672852,95.4705505371094,94.9361114501953,94.8818588256836
NaN,NaN,NaN,NaN,NaN,NaN,NaN,NaN,0,0,0,1.05452624410418e-08,2.66207051277161,15.0861110687256,30.3457527160645,52.5290679931641,92.9170455932617,95.4923324584961,95.0641174316406,96.4766006469727,95.9813995361328,96.1065902709961,96.6327896118164,96.8668975830078,96.8435592651367,96.4160385131836,95.9189987182617,95.4893112182617,94.9393844604492,94.8653793334961
NaN,NaN,NaN,NaN,NaN,NaN,NaN,0,0,0,2.04340273467992e-26,5.67514035765271e-09,0.689502596855164,14.9656686782837,20.2042007446289,27.8546276092529,96.0247116088867,95.4481964111328,95.4971771240234,96.7219390869141,95.9464950561523,96.0657501220703,96.52880859375,96.8275985717773,96.8600234985352,96.4547653198242,95.9311141967773,95.5043029785156,94.9386138916016,94.8499145507813
NaN,NaN,NaN,NaN,NaN,NaN,NaN,0,0,0,0,4.20115986443648e-09,0.000277364131761715,6.89550542831421,13.8287439346313,10.1697187423706,95.6718826293945,95.1848831176758,96.2615203857422,96.7806015014648,95.9074401855469,96.0340957641602,96.4163284301758,96.7796401977539,96.8744430541992,96.4784927368164,95.9456024169922,95.5137405395508,94.9406204223633,94.8357620239258
NaN,NaN,NaN,NaN,NaN,NaN,NaN,0,0,0,0,2.26064611474897e-10,1.02962808057327e-07,1.17800962924957,9.79053974151611,4.23535108566284,95.3434219360352,95.0561218261719,95.9997253417969,96.7696762084961,95.882209777832,95.9931716918945,96.2729415893555,96.7120132446289,96.8828048706055,96.4975051879883,95.9660797119141,95.5137939453125,94.9519805908203,94.8223495483398
NaN,NaN,NaN,NaN,NaN,NaN,NaN,0,0,0,0,1.22307741191874e-12,5.65585286937953e-11,0.0443425737321377,8.10089492797852,2.21091508865356,95.2768859863281,95.1644058227539,96.1565856933594,96.7631912231445,96.1732482910156,95.8715744018555,96.15185546875,96.6217803955078,96.876335144043,96.5263366699219,95.9777908325195,95.5055618286133,94.9557571411133,94.8097839355469
NaN,NaN,NaN,NaN,NaN,NaN,NaN,0,0,0,0,1.22672307592268e-17,NaN,NaN,7.38780212402344,0.693889498710632,94.3311233520508,95.5225601196289,95.8750534057617,96.9760131835938,96.6733169555664,95.8031234741211,96.0546493530273,96.5494003295898,96.8864288330078,96.557975769043,95.9943923950195,95.4971466064453,94.9533843994141,94.8018951416016
NaN,NaN,NaN,NaN,NaN,NaN,NaN,NaN,0,0,0,0,0,4.18470094132317e-08,3.46087169647217,11.7504529953003,88.4439315795898,95.8171615600586,95.779899597168,97.1557464599609,96.963623046875,95.6195678710938,95.9863662719727,96.4843292236328,96.8871231079102,96.586540222168,96.0195007324219,95.4933166503906,94.9479064941406,94.7959289550781
NaN,NaN,NaN,NaN,NaN,NaN,NaN,0,0,0,0,0,0,0.000229728015256114,2.57123303413391,23.9443740844727,83.6003570556641,96.4665756225586,96.2730712890625,97.1125259399414,97.0073623657227,95.4686965942383,95.8839645385742,96.427619934082,96.8924407958984,96.6103439331055,96.0310211181641,95.4937744140625,94.9394378662109,94.7901840209961
NaN,NaN,NaN,NaN,NaN,NaN,NaN,0,0,0,0,0,0,0.00104186439421028,2.59379434585571,26.712646484375,66.8188095092773,95.4193801879883,95.4684982299805,96.8382873535156,97.0721588134766,95.0794372558594,95.7800979614258,96.3643341064453,96.8933486938477,96.6317749023438,96.0353775024414,95.4999465942383,94.9310989379883,94.78466796875
0,0,NaN,NaN,NaN,NaN,NaN,NaN,0,0,NaN,NaN,0,NaN,2.02465271949768,41.9514427185059,26.4299659729004,93.0145416259766,93.3607025146484,96.6281585693359,97.6002807617188,94.2991638183594,95.5648040771484,96.2958450317383,96.8911743164063,96.6540985107422,96.0470352172852,95.5090789794922,94.9272003173828,94.7749176025391
0,0,0,NaN,NaN,NaN,NaN,NaN,0,0,NaN,0,0,0,2.16746616363525,18.1079654693604,6.66687393188477,88.5829925537109,91.8913116455078,96.3986892700195,NaN,94.6324615478516,95.2289276123047,96.2011947631836,96.8849868774414,96.6753921508789,96.0606384277344,95.5174331665039,94.9244613647461,94.7639007568359
0,0,0,0,NaN,NaN,NaN,NaN,NaN,0,0,0,0,0,4.32446718215942,10.9096031188965,13.9987945556641,78.077880859375,90.002815246582,NaN,NaN,93.851448059082,94.8319473266602,96.0898132324219,96.8725357055664,96.7000198364258,96.0735626220703,95.5197906494141,94.9215469360352,94.7531127929688
0,0,0,0,NaN,NaN,NaN,NaN,NaN,0,0,0,0,4.02904115039306e-19,3.06338357925415,6.51744985580444,27.4826354980469,64.8176040649414,87.9275894165039,NaN,NaN,94.0842895507813,94.400016784668,95.9436798095703,96.8551788330078,96.7193908691406,96.0901260375977,95.5161895751953,94.9173431396484,94.7429351806641
0,0,0,0,0,NaN,NaN,NaN,0,0,0,0,0,0.000100498269603122,2.05233645439148,NaN,26.4652366638184,53.8444519042969,77.5951538085938,NaN,96.3956604003906,95.3800888061523,94.3210067749023,95.7685089111328,96.8221969604492,96.7362213134766,96.1054306030273,95.513069152832,94.9128952026367,94.7344055175781
0,0,0,0,0,NaN,NaN,NaN,0,0,0,0,0,0.00365805253386497,0.954357981681824,6.18350744247437,26.8364963531494,44.0035667419434,61.4009628295898,NaN,96.2543487548828,95.7468948364258,93.977165222168,95.5829925537109,96.7791748046875,96.7560348510742,96.1146087646484,95.5134353637695,94.9066696166992,94.7262496948242
0,0,0,0,0,NaN,NaN,0,0,0,0,0,NaN,0.0051708035171032,0.14927314221859,10.1010265350342,29.5436229705811,40.9196662902832,54.2835845947266,NaN,95.9537582397461,95.9199371337891,92.7998275756836,95.4457931518555,96.7182846069336,96.7700958251953,96.1243591308594,95.5185089111328,94.9001617431641,94.7183227539063
0,0,0,0,0,0,NaN,0,0,0,0,0,NaN,0.00080979464109987,0.00197331048548222,27.9677658081055,30.1866359710693,37.095630645752,61.6915397644043,82.4931488037109,96.3825073242188,NaN,92.3715133666992,95.2542495727539,96.6815032958984,96.7750701904297,96.1355285644531,95.5209350585938,94.896614074707,94.7111511230469
0,0,0,0,0,0,0,0,0,0,0,NaN,0,0,9.22367617022246e-05,26.6086692810059,23.0788612365723,40.0184669494629,58.8165168762207,90.2711029052734,96.0487365722656,NaN,91.0262603759766,95.0685806274414,96.6311492919922,96.7817153930664,96.142578125,95.5204849243164,94.8948822021484,94.7054748535156
0,0,0,0,NaN,0,0,0,0,0,0,NaN,0,3.03769666444895e-23,1.61227194439562e-06,24.3673648834229,18.0542984008789,52.9643478393555,48.149829864502,91.8910293579102,95.6800994873047,NaN,86.919059753418,94.8676223754883,96.5893478393555,96.7900161743164,96.1432571411133,95.5215225219727,94.8918228149414,94.6999664306641
0,0,0,0,NaN,0,0,NaN,NaN,0,0,NaN,0,1.36427181655013e-15,1.36337130474118e-09,20.6094055175781,12.6408576965332,61.8058624267578,48.4686317443848,91.8171539306641,96.5857315063477,NaN,87.354621887207,94.6383209228516,96.5511703491211,96.7906951904297,96.1485900878906,95.5247344970703,94.8870849609375,94.6945648193359
0,0,0,0,0,0,0,NaN,NaN,0,0,NaN,NaN,6.15045905163164e-19,4.23782536840278e-13,10.0990362167358,5.78268194198608,NaN,NaN,91.9045715332031,96.6628189086914,NaN,86.5230255126953,94.4127426147461,96.4982986450195,96.7897796630859,96.1529388427734,95.5289993286133,94.8793792724609,94.6892700195313
0,0,0,0,0,0,0,0,0,0,0,NaN,NaN,1.22700321344065e-22,2.991549970496e-17,7.43552350997925,4.05354309082031,NaN,NaN,NaN,96.7950134277344,NaN,87.9824371337891,94.2618408203125,96.4561386108398,96.7901306152344,96.1486206054688,95.5315017700195,94.8696060180664,94.6840438842773
0,0,0,0,0,0,0,0,0,0,NaN,NaN,NaN,0,0.203972443938255,NaN,1.46764719486237,NaN,NaN,NaN,96.8127822875977,NaN,90.2482376098633,94.2302932739258,96.3951263427734,96.7886123657227,96.1457443237305,95.531982421875,94.8595352172852,94.6788482666016
0,0,0,0,0,0,0,0,0,0,NaN,NaN,NaN,0,0.100567378103733,0.102979108691216,0.673018753528595,NaN,NaN,NaN,96.8993988037109,NaN,93.1785202026367,94.2339324951172,96.334716796875,96.7816925048828,96.1472015380859,95.5315475463867,94.8536605834961,94.6731796264648
0,0,0,0,0,0,0,0,0,0,0,NaN,NaN,0,1.46954750339133e-16,0.001363844727166,0.108780547976494,4.8932580947876,NaN,NaN,NaN,NaN,NaN,94.4295501708984,96.2844619750977,96.7731399536133,96.1489868164063,95.5252532958984,94.849853515625,94.6653366088867
0,0,0,0,0,0,0,0,0,0,0,NaN,NaN,0,5.02871263510438e-15,6.96438610248151e-06,1.83279607881559e-05,1.45171356201172,NaN,NaN,NaN,NaN,93.6455230712891,94.3828659057617,96.219367980957,96.7606201171875,96.1458358764648,95.5168991088867,94.8422698974609,94.6574783325195
0,0,0,0,0,0,0,0,0,0,0,NaN,NaN,0,8.16120141031076e-15,1.77205194518137e-07,0.00518158869817853,1.06204295158386,4.21949863433838,NaN,NaN,NaN,NaN,94.2468948364258,96.1750640869141,96.7440643310547,96.1336975097656,95.5083541870117,94.833984375,94.6497497558594
NaN,NaN,0,0,0,0,0,0,0,0,NaN,NaN,0,0,5.38601866082703e-15,6.42099792003137e-07,0.0595137029886246,3.14457535743713,6.3045392036438,NaN,NaN,NaN,NaN,94.1560211181641,96.1426544189453,96.7252883911133,96.1275482177734,95.4993362426758,94.824836730957,94.6421051025391
NaN,NaN,0,0,0,0,0,0,0,0,NaN,NaN,0,0,3.15832863334586e-13,1.63207494097151e-06,0.105808489024639,5.32743549346924,7.76000833511353,2.84848976135254,NaN,NaN,NaN,94.5259399414063,96.1040649414063,96.7066497802734,96.1195526123047,95.4911499023438,94.8133392333984,94.6344375610352
NaN,NaN,0,0,0,0,0,0,0,NaN,NaN,NaN,0,0,1.10925754259056e-12,2.25648932428157e-06,0.0734730064868927,3.28058671951294,9.8063793182373,8.89423751831055,NaN,NaN,NaN,94.3547973632813,96.0875854492188,96.6800994873047,96.1062850952148,95.486213684082,94.8012542724609,94.6268081665039
NaN,NaN,0,0,0,0,0,0,0,NaN,NaN,0,0,0,9.07012746159674e-12,1.73694161276217e-06,0.00507835717871785,0.889614045619965,12.4848804473877,21.3683280944824,NaN,NaN,NaN,94.4820709228516,96.0669860839844,96.6553649902344,96.0888442993164,95.4809036254883,94.7876739501953,94.6192245483398
NaN,0,0,0,0,NaN,0,0,0,NaN,NaN,0,0,0,4.17615508147007e-12,5.48770685782074e-07,4.94677187816706e-05,0.317001730203629,14.6400537490845,28.0568962097168,NaN,NaN,NaN,94.6703414916992,96.0411911010742,96.6274337768555,96.0728378295898,95.474723815918,94.7734298706055,94.611946105957
NaN,0,0,0,NaN,NaN,NaN,NaN,NaN,NaN,NaN,0,0,0,1.19391074717562e-12,3.68106327641726e-08,8.79124968378164e-07,0.0533694326877594,14.1010131835938,30.1869163513184,44.8818550109863,NaN,NaN,94.621337890625,96.0241851806641,96.5958251953125,96.0601654052734,95.472038269043,94.7651062011719,94.6064682006836
NaN,0,0,NaN,NaN,NaN,NaN,NaN,NaN,NaN,0,0,0,0,2.65638104232375e-14,3.59166113517162e-10,5.86081476683376e-08,0.374312072992325,17.9433917999268,34.0621070861816,46.7988891601563,NaN,NaN,94.9607467651367,96.0162734985352,96.5629425048828,96.0470886230469,95.4679718017578,94.7604598999023,94.6010971069336
0,0,0,NaN,NaN,NaN,NaN,NaN,NaN,NaN,0,0,0,0,2.65197016060257e-16,6.80191525933432e-13,1.43078798808816e-10,6.46867847442627,18.783145904541,33.7657318115234,47.7379684448242,NaN,NaN,95.0937881469727,96.0032272338867,96.5311431884766,96.0368728637695,95.4593048095703,94.753173828125,94.5956802368164
0,0,0,0,NaN,NaN,NaN,NaN,0,0,0,0,0,0,9.91709007738933e-19,1.21871873368513e-15,1.12698866538752e-15,45.0373611450195,NaN,30.2852592468262,43.0928993225098,NaN,NaN,95.2029571533203,95.9963836669922,96.5057525634766,96.0232009887695,95.4521942138672,94.7446136474609,94.5903549194336
0,0,0,0,NaN,0,0,NaN,0,0,0,0,0,0,1.2964483933539e-21,3.68484328419756e-19,2.39119052724136e-15,NaN,NaN,26.8381175994873,40.6823616027832,45.4124488830566,NaN,95.2386474609375,95.9962921142578,96.4759140014648,96.0160522460938,95.4406967163086,94.7345428466797,94.5854797363281
0,0,0,0,0,0,0,NaN,0,0,0,0,0,0,0,1.69869760618946e-12,4.50665026130448e-11,NaN,NaN,25.2266082763672,43.3465461730957,44.5928001403809,94.925651550293,95.2683029174805,95.99267578125,96.4432525634766,96.0046539306641,95.4275970458984,94.7225952148438,94.5807418823242
0,0,0,NaN,0,0,NaN,0,0,0,0,0,0,0,0,1.23156804199276e-10,1.78637969838746e-06,NaN,NaN,18.6946544647217,37.54052734375,46.7389869689941,94.925651550293,95.2959213256836,95.9922790527344,96.4141235351563,95.9901351928711,95.4143676757813,94.7091064453125,94.5760269165039
0,0,0,0,0,0,NaN,0,0,0,0,0,0,0,0,2.11676749017897e-07,0.0051030395552516,NaN,NaN,14.6069374084473,28.3097991943359,55.6852149963379,95.1583709716797,95.3834228515625,95.9894180297852,96.3899917602539,95.9740753173828,95.4008178710938,94.693603515625,94.5707778930664
0,0,0,0,0,0,NaN,0,0,0,0,0,0,0,9.62960739954861e-23,5.77736273044138e-06,0.373845607042313,NaN,NaN,NaN,NaN,60.0905838012695,94.3897171020508,95.3254013061523,95.995246887207,96.3646850585938,95.9578399658203,95.3886566162109,94.6802291870117,94.5659103393555
0,0,0,0,0,0,0,0,0,0,0,0,0,0,2.0594292446278e-19,0.000787586555816233,2.06292724609375,NaN,NaN,NaN,NaN,59.3727722167969,91.1620788574219,95.2746734619141,96.004508972168,96.341194152832,95.9385604858398,95.3738632202148,94.6685638427734,94.5616073608398
0,0,0,0,0,0,0,0,0,0,0,0,0,0,5.56520763378573e-16,0.292627274990082,6.6986026763916,NaN,NaN,NaN,NaN,58.7948303222656,82.859504699707,95.2068252563477,96.0124588012695,96.3196487426758,95.9191284179688,95.3578720092773,94.658317565918,94.5559997558594
0,0,0,0,0,0,0,0,0,0,0,0,0,0,3.06742919096731e-14,0.352070719003677,41.5558280944824,NaN,NaN,NaN,NaN,57.3684692382813,89.7269897460938,95.1783142089844,96.0208587646484,96.3006744384766,95.8942565917969,95.3445205688477,94.6437683105469,94.5499038696289
0,0,0,0,0,0,0,0,0,0,0,0,0,0,5.4831215522827e-13,4.06557703018188,30.8724231719971,NaN,NaN,NaN,NaN,94.7430038452148,92.760871887207,95.0845642089844,96.0287933349609,96.2770767211914,95.8721160888672,95.3280639648438,94.6334228515625,94.543830871582
0,0,0,0,0,0,0,0,0,0,0,0,0,0,6.32105425779628e-08,5.88180208206177,NaN,NaN,NaN,NaN,NaN,94.7430038452148,92.816650390625,94.9171295166016,96.0357971191406,96.2538452148438,95.8474807739258,95.3144149780273,94.6241226196289,94.5377807617188
0,0,0,0,0,0,0,0,0,0,0,0,0,0,8.30148536579145e-08,5.09821511514019e-05,NaN,NaN,NaN,NaN,NaN,NaN,93.0340194702148,94.5802230834961,96.0356292724609,96.2328109741211,95.821533203125,95.3000946044922,94.6144714355469,94.5305328369141
0,0,0,0,0,0,0,0,0,4.10636874443006e-17,0,0,0,0,0,NaN,NaN,NaN,NaN,NaN,NaN,NaN,92.9041519165039,93.6845703125,96.0348510742188,96.212272644043,95.7978820800781,95.2838592529297,94.6065139770508,94.5219268798828
0,0,0,0,0,0,0,0,1.06417194500885e-10,1.8536445989259e-10,0,0,0,0,NaN,NaN,NaN,NaN,NaN,NaN,NaN,NaN,92.6147918701172,92.3490142822266,96.0415573120117,96.1928100585938,95.7753982543945,95.265266418457,94.6035003662109,94.5156860351563
0,0,0,0,0,0,0,0,2.31456897381577e-06,1.55637972056866e-05,0,0,NaN,NaN,NaN,NaN,NaN,NaN,NaN,NaN,NaN,NaN,92.2126693725586,91.4054489135742,96.0418930053711,96.1667556762695,95.7573013305664,95.2453155517578,94.5994644165039,94.5095367431641
0,0,0,0,0,0,0,0,0.00714922277256846,25.8355045318604,1.92703942047956e-06,0,NaN,NaN,NaN,NaN,NaN,NaN,NaN,NaN,NaN,NaN,92.5520095825195,90.8949432373047,96.0464782714844,96.1473388671875,95.7372665405273,95.2310104370117,94.5930252075195,94.5033187866211
0,0,0,0,0,0,NaN,NaN,0.00284229731187224,1.2938677072525,0.0164720937609673,0,NaN,NaN,NaN,NaN,NaN,NaN,NaN,NaN,NaN,NaN,93.5764312744141,90.6407241821289,96.0606307983398,96.1203308105469,95.719123840332,95.2155685424805,94.5962753295898,94.4970321655273
0,0,0,0,0,NaN,NaN,NaN,1.31712571405096e-10,4.08879470825195,2.06819105148315,0,NaN,NaN,NaN,NaN,NaN,NaN,NaN,NaN,NaN,97.0501861572266,94.4116287231445,90.704963684082,96.0705490112305,96.0990295410156,95.6968231201172,95.2022399902344,94.6023941040039,94.4904556274414
0,0,0,0,NaN,NaN,NaN,NaN,NaN,10.4474124908447,32.4282646179199,NaN,NaN,NaN,NaN,NaN,NaN,NaN,NaN,NaN,NaN,97.0501861572266,93.5427474975586,90.9115524291992,96.071891784668,96.0734100341797,95.6795120239258,95.1913452148438,94.6046295166016,94.4828948974609
0,0,0,NaN,NaN,NaN,NaN,NaN,NaN,NaN,NaN,NaN,NaN,NaN,NaN,NaN,NaN,NaN,NaN,NaN,NaN,NaN,93.6162567138672,91.0930328369141,96.0718002319336,96.0374221801758,95.662483215332,95.1818771362305,94.6058654785156,94.4761962890625
0,0,NaN,NaN,NaN,NaN,NaN,NaN,NaN,NaN,NaN,NaN,NaN,NaN,NaN,NaN,NaN,NaN,NaN,NaN,NaN,NaN,94.2419815063477,91.2564544677734,96.06884765625,96.0032958984375,95.6427307128906,95.1726760864258,94.6116561889648,94.47119140625
0,NaN,NaN,NaN,NaN,NaN,NaN,NaN,NaN,NaN,NaN,NaN,NaN,NaN,NaN,NaN,NaN,NaN,NaN,NaN,NaN,NaN,94.0704803466797,91.2304382324219,96.0444946289063,95.9699783325195,95.6268844604492,95.1632843017578,94.6184539794922,94.465934753418
0,NaN,NaN,NaN,NaN,NaN,NaN,NaN,NaN,NaN,NaN,NaN,NaN,NaN,NaN,NaN,NaN,NaN,NaN,NaN,NaN,NaN,93.6064147949219,91.6479721069336,95.99755859375,95.9360504150391,95.6076965332031,95.1587982177734,94.6239852905273,94.4605407714844
0,NaN,NaN,NaN,NaN,NaN,NaN,NaN,NaN,NaN,NaN,NaN,NaN,NaN,NaN,NaN,NaN,NaN,NaN,NaN,NaN,NaN,NaN,91.6529922485352,95.93896484375,95.9038238525391,95.5956573486328,95.1482467651367,94.6227645874023,94.4550018310547
0,NaN,NaN,NaN,NaN,NaN,NaN,NaN,NaN,NaN,NaN,NaN,NaN,NaN,NaN,NaN,NaN,NaN,NaN,NaN,NaN,NaN,NaN,91.6621551513672,95.9012603759766,95.8748474121094,95.5788269042969,95.1403656005859,94.620964050293,94.448974609375
0,NaN,NaN,NaN,NaN,NaN,NaN,NaN,NaN,NaN,NaN,NaN,NaN,NaN,NaN,NaN,NaN,NaN,NaN,NaN,NaN,NaN,NaN,91.5794830322266,95.8681411743164,95.8462142944336,95.5659637451172,95.1370162963867,94.6180267333984,94.4419326782227
0,0,NaN,NaN,NaN,NaN,NaN,NaN,NaN,NaN,NaN,NaN,NaN,NaN,NaN,NaN,NaN,NaN,NaN,NaN,NaN,NaN,NaN,91.2481689453125,95.8188018798828,95.818115234375,95.5595397949219,95.1354217529297,94.614616394043,94.437255859375
0,0,0,0,NaN,NaN,NaN,NaN,NaN,NaN,NaN,NaN,NaN,NaN,NaN,NaN,NaN,NaN,NaN,NaN,NaN,NaN,NaN,90.3939819335938,95.777717590332,95.7968444824219,95.5535888671875,95.1344680786133,94.6074752807617,94.4347991943359
0,0,0,0,0,0,NaN,NaN,NaN,NaN,NaN,NaN,NaN,NaN,NaN,NaN,NaN,NaN,NaN,NaN,NaN,NaN,NaN,91.5473861694336,95.7366485595703,95.7698745727539,95.5475921630859,95.1310882568359,94.5888900756836,94.4322814941406
0,0,0,0,0,0,NaN,NaN,NaN,NaN,NaN,NaN,NaN,NaN,NaN,NaN,NaN,NaN,NaN,NaN,NaN,NaN,NaN,94.9046401977539,95.7201385498047,95.7443161010742,95.5436859130859,95.130744934082,94.5725555419922,94.4271087646484
0,0,0,0,0,0,NaN,NaN,NaN,NaN,NaN,NaN,NaN,NaN,NaN,NaN,NaN,NaN,NaN,NaN,NaN,NaN,NaN,94.3953018188477,95.7045822143555,95.7098083496094,95.5362319946289,95.12939453125,94.5628967285156,94.4185638427734
0,0,0,0,0,0,NaN,NaN,NaN,NaN,NaN,NaN,NaN,NaN,NaN,NaN,NaN,NaN,NaN,NaN,NaN,NaN,NaN,93.1315994262695,95.6892929077148,95.6899490356445,95.5276031494141,95.1318435668945,94.5563888549805,94.4079437255859
0,0,0,0,0,0,NaN,NaN,NaN,NaN,NaN,NaN,NaN,NaN,NaN,NaN,NaN,NaN,NaN,NaN,NaN,NaN,NaN,93.1199340820313,95.7026748657227,95.6854019165039,95.5130233764648,95.1324005126953,94.5644760131836,94.3914184570313
0,0,0,0,0,0,0,NaN,NaN,NaN,NaN,NaN,NaN,NaN,NaN,NaN,NaN,NaN,NaN,NaN,NaN,NaN,NaN,95.0660018920898,95.7366790771484,95.7071304321289,95.5003204345703,95.1405868530273,94.5567932128906,94.3878555297852
0,0,0,0,0,0,0,NaN,NaN,NaN,NaN,NaN,NaN,NaN,NaN,NaN,NaN,NaN,NaN,NaN,NaN,NaN,NaN,94.8279418945313,95.7337341308594,95.7339248657227,95.4907684326172,95.1520080566406,94.5352401733398,94.3870544433594
0,0,0,0,0,0,0,0,NaN,NaN,NaN,NaN,NaN,NaN,NaN,NaN,NaN,NaN,NaN,NaN,NaN,NaN,NaN,94.3467483520508,95.7373809814453,95.7537384033203,95.4791107177734,95.1528015136719,94.5149993896484,94.3862609863281
0,0,0,0,0,0,0,0,0,NaN,NaN,NaN,NaN,NaN,NaN,NaN,NaN,NaN,NaN,NaN,NaN,NaN,NaN,94.7421798706055,95.8292694091797,95.7590026855469,95.4747314453125,95.154670715332,94.5119323730469,94.3854751586914
0,0,0,0,0,0,0,0,0,NaN,NaN,NaN,NaN,NaN,NaN,NaN,NaN,NaN,NaN,NaN,NaN,NaN,NaN,95.996696472168,96.0642700195313,95.7650375366211,95.4566192626953,95.1560745239258,94.5125732421875,94.3846817016602
0,0,0,0,0,0,0,0,0,NaN,NaN,NaN,NaN,NaN,NaN,NaN,NaN,NaN,NaN,NaN,NaN,NaN,NaN,95.147590637207,96.1195526123047,95.7677688598633,95.4536361694336,95.1565933227539,94.5131988525391,94.3838958740234
0,0,0,0,0,0,0,0,0,NaN,NaN,NaN,NaN,NaN,NaN,NaN,NaN,NaN,NaN,NaN,NaN,NaN,NaN,94.5715789794922,96.0865249633789,95.7588882446289,95.451042175293,95.141731262207,94.4573974609375,94.3044281005859
0,0,0,0,0,0,0,0,0,NaN,NaN,NaN,NaN,NaN,NaN,NaN,NaN,NaN,NaN,NaN,NaN,NaN,NaN,93.7067718505859,96.0177688598633,95.7507705688477,95.4542007446289,95.141227722168,94.4566497802734,94.3052673339844
0,0,0,0,0,0,0,0,0,NaN,NaN,NaN,NaN,NaN,NaN,NaN,NaN,NaN,NaN,NaN,NaN,NaN,NaN,93.1070175170898,96.0129852294922,95.7394943237305,95.4709396362305,95.1190032958984,94.4559097290039,94.3061065673828
0,0,0,0,0,0,0,0,0,NaN,9.75127696990967,NaN,NaN,NaN,NaN,NaN,NaN,NaN,NaN,NaN,NaN,NaN,NaN,93.384162902832,96.0694427490234,95.717903137207,95.4732437133789,95.0952911376953,94.4484024047852,94.3069458007813
0,0,0,0,0,0,0,0,0,0,7.78093194961548,15.5323762893677,NaN,NaN,NaN,NaN,NaN,NaN,NaN,NaN,NaN,NaN,NaN,94.6677398681641,96.1362228393555,95.6957168579102,95.4659652709961,95.0836029052734,94.4090881347656,94.3077926635742
0,0,0,0,0,0,0,0,1.89487513575707e-20,1.76649961920803e-17,11.4375877380371,7.58636283874512,NaN,NaN,NaN,NaN,NaN,NaN,NaN,NaN,NaN,NaN,NaN,95.0352554321289,96.1521377563477,95.6778182983398,95.4543762207031,95.0509643554688,94.3740997314453,94.3086395263672
0,0,0,0,0,0,0,0,8.91676414309379e-17,4.89751685386897e-13,12.0113391876221,NaN,2.49319436989026e-05,NaN,NaN,NaN,NaN,NaN,NaN,NaN,NaN,96.9819259643555,96.7527160644531,95.7569046020508,96.1054916381836,95.6565475463867,95.4365310668945,95.0271530151367,94.3520584106445,94.3044281005859
0,0,0,0,0,0,0,0,2.66700842589977e-14,6.9851062107773e-06,0.0971441045403481,27.2361316680908,0.00498209428042173,0,NaN,NaN,NaN,NaN,NaN,NaN,NaN,96.9819259643555,96.4881973266602,96.049201965332,96.0528793334961,95.6353225708008,95.4085235595703,94.9900894165039,94.3328475952148,94.2754669189453
0,0,0,0,NaN,0,0,0,9.32090217048388e-15,4.79356640425976e-06,0.00021637421741616,0.0415575988590717,1.10217697510961e-05,4.41913590835789e-19,NaN,NaN,NaN,NaN,NaN,NaN,NaN,NaN,96.2498626708984,96.0023727416992,95.994743347168,95.5969085693359,95.3738555908203,94.9595108032227,94.328727722168,94.2508163452148
0,0,0,0,NaN,0,0,0,5.85227026357605e-19,1.75591585716006e-09,9.44405584846209e-08,9.45717033573601e-07,4.92727991741049e-09,8.88530013646672e-20,1.37936183967821e-21,2.60645028902218e-05,1.88516841026498e-11,5.39120445064e-14,34.8487396240234,NaN,NaN,96.6223983764648,96.0931625366211,96.0766754150391,95.9625701904297,95.5433044433594,95.3471069335938,94.929084777832,94.3127288818359,94.2296676635742
0,0,0,0,NaN,0,0,0,3.09326825490717e-22,9.12250093174083e-13,7.06582292675506e-11,5.38236018254867e-11,3.17844391248495e-15,7.04841758009292e-18,2.00017476081848,8.78612804412842,0.421375691890717,97.6582794189453,35.6710052490234,37.0351181030273,NaN,96.8976135253906,95.9579620361328,96.3142700195313,95.9293823242188,95.4888229370117,95.3074493408203,94.9020233154297,94.2824935913086,94.2169570922852
0,0,0,0,NaN,NaN,0,0,0,6.84146340975371e-16,4.11874446224272e-14,7.53290388231013e-18,0,3.29787979321255e-15,0.0268704369664192,1.93422842025757,3.00292253494263,69.4303665161133,12.8642444610596,10.8095626831055,NaN,97.5032958984375,95.6674423217773,96.317024230957,95.8401947021484,95.4293823242188,95.2722473144531,94.8759078979492,94.2513885498047,94.2109222412109
0,0,0,0,NaN,NaN,0,0,0,6.64931616942589e-19,3.20294160086209e-17,0,0,2.51730670271406e-14,1.52930806507356e-06,0.00569595722481608,0.96884286403656,16.7693576812744,4.46423387527466,0.737728297710419,4.68008279800415,90.55615234375,95.0654449462891,96.2271270751953,95.7150802612305,95.3673629760742,95.2371292114258,94.8561172485352,94.219482421875,94.2054595947266
0,0,0,0,0,NaN,0,0,0,0,0,0,0,2.96138960216867e-15,7.28483851020201e-09,6.42575832898729e-05,0.0135122127830982,0.795548677444458,0.799112319946289,1.48760771751404,9.06184959411621,87.2592010498047,94.7285079956055,96.0779800415039,95.5872039794922,95.2958068847656,95.1972274780273,94.8265838623047,94.1881713867188,94.1841583251953
0,0,0,0,0,NaN,0,0,0,0,0,0,0,2.98210522226187e-17,7.1349037789048e-11,1.25622750601906e-06,0.000205282616661862,0.0661492496728897,0.278284758329391,5.22259902954102,23.0888671875,84.4612503051758,94.4415893554688,95.9659729003906,95.4263687133789,95.2214736938477,95.1445388793945,94.7964401245117,94.1572647094727,94.1460494995117
0,0,0,0,0,0,0,0,0,0,0,0,0,1.18292837579221e-20,5.36672160704466e-13,2.35647057422739e-08,2.621675548653e-06,0.00686898734420538,0.721835553646088,9.94719409942627,33.2470321655273,82.7085113525391,93.9685134887695,95.8318481445313,95.2754974365234,95.1209487915039,95.0897674560547,94.7690505981445,94.1282272338867,94.1193008422852
0,0,0,0,0,0,0,0,0,0,0,0,0,0,1.51452151181919e-16,7.13003892038877e-11,6.66994779408014e-08,0.00678121019154787,1.3645201921463,14.6754550933838,44.5822105407715,76.5028305053711,93.3759765625,95.6557769775391,95.1201171875,95.0094604492188,95.0449371337891,94.7392425537109,94.0962295532227,94.0981216430664
0,0,0,0,0,0,0,0,0,0,0,0,0,0,7.34670499767307e-24,1.34573579222471e-14,6.77008983984706e-07,0.0221686661243439,2.21550798416138,18.6227836608887,53.7376289367676,83.3347930908203,92.5403366088867,95.43212890625,94.9682693481445,94.9183731079102,94.9927597045898,94.7167816162109,94.0575714111328,94.0781860351563
0,0,0,0,0,0,0,0,0,0,0,0,0,0,0,5.39527462659304e-17,8.96294204721926e-06,0.110015153884888,3.42168927192688,21.8071346282959,60.9568939208984,88.4954681396484,92.5828247070313,95.1236877441406,94.8045883178711,94.8457336425781,94.9412002563477,94.6835632324219,94.0219116210938,94.0594863891602
0,0,0,0,0,0,0,0,0,0,0,0,0,0,0,7.94360898261006e-18,4.46393314632587e-05,0.331261605024338,5.02403402328491,23.950511932373,67.8510513305664,92.3448486328125,93.1824645996094,94.7065353393555,94.6669311523438,94.7896499633789,94.8769073486328,94.6407775878906,93.9898376464844,94.0435028076172
0,0,0,0,0,0,0,0,0,0,0,0,0,0,0,1.79227176210144e-25,8.32965015433729e-05,0.613514125347137,7.39170169830322,26.4331550598145,73.5162887573242,93.9020233154297,94.0163040161133,94.3338165283203,94.5486526489258,94.7746276855469,94.832275390625,94.5897369384766,93.9539794921875,94.0218963623047
0,0,0,0,0,0,0,0,0,0,0,0,0,0,0,0,7.7026204962749e-05,0.779041767120361,9.7408275604248,31.1589984893799,77.6526489257813,94.1292037963867,94.3146286010742,94.1232604980469,94.4083480834961,94.7247467041016,94.7856216430664,94.5437164306641,93.9191360473633,93.9961624145508
0,0,0,0,0,0,0,0,0,0,0,0,0,0,0,0,4.60246119473595e-05,0.708877801895142,12.985221862793,39.1443519592285,81.1752853393555,93.8568496704102,94.2063217163086,93.993522644043,94.2879104614258,94.6487274169922,94.7307815551758,94.5046157836914,93.88671875,93.9745559692383
0,0,0,0,0,0,0,0,0,0,0,0,0,0,0,0,4.43371874325749e-07,0.56265515089035,16.6786670684814,48.4841728210449,83.8527908325195,93.2958984375,93.9024658203125,93.8452758789063,94.1825790405273,94.5616989135742,94.6753234863281,94.4705810546875,93.8519744873047,93.9546127319336
0,0,0,0,0,0,0,0,0,0,0,0,0,0,0,0,2.57748311582873e-09,0.249174162745476,17.1435470581055,54.0957565307617,84.950080871582,92.6291198730469,93.5428085327148,93.6844940185547,94.0818634033203,94.4658737182617,94.6103363037109,94.4410858154297,93.8142166137695,93.935546875
0,0,0,0,0,0,0,0,0,0,0,0,0,0,0,0,8.20235806359149e-12,0.0307016167789698,13.1617841720581,54.3207626342773,84.4571990966797,91.9930191040039,93.2096328735352,93.5498046875,93.9808807373047,94.3700256347656,94.5560531616211,94.4044723510742,93.7754592895508,93.9173736572266
0,0,0,0,0,0,0,0,0,0,0,0,0,0,0,0,5.55325811648234e-14,0.0020748651586473,8.23789596557617,51.2285003662109,82.9242248535156,91.3084182739258,92.9128799438477,93.4618225097656,93.8661270141602,94.2877578735352,94.4958114624023,94.3690567016602,93.7358093261719,93.8995132446289
0,0,0,0,0,0,0,0,0,0,0,0,0,0,0,0,4.88491096748987e-22,6.25874090474099e-05,5.21729946136475,47.567497253418,81.0709915161133,90.6847610473633,92.6210021972656,93.3159027099609,93.7508316040039,94.2009124755859,94.4379425048828,94.334587097168,93.696418762207,93.873779296875
0,0,0,0,0,0,0,0,0,0,0,0,0,0,0,0,0,5.57547718926799e-06,4.14324808120728,43.5041427612305,78.5995178222656,90.1103057861328,92.3737182617188,93.1442489624023,93.6221923828125,94.1132736206055,94.3724060058594,94.2976379394531,93.6510467529297,93.8477783203125
0,0,0,0,0,0,0,0,0,0,0,0,0,0,0,0,0,1.86465683782444e-06,3.68183207511902,39.4463958740234,75.1748962402344,89.4344711303711,92.0989227294922,92.9417114257813,93.4747848510742,94.0107345581055,94.2929306030273,94.2565231323242,93.601318359375,93.8232269287109
