0,0,0,0,0,0,0,0,0,0,0,0,0,0,0,0,0,0,0,0,0,0,0,6.65837774249667e-07,6.8363020545803e-05,0.000674128532409668,0.00270496285520494,0.00540180178359151,0.0182004440575838,0.049704447388649
0,0,0,0,0,0,0,0,0,0,0,0,0,0,0,0,0,0,0,0,0,0,0,3.40066293347263e-07,5.98790356889367e-05,0.000587529852055013,0.00233185500837862,0.00546322017908096,0.0184901766479015,0.0499591641128063
0,0,0,0,0,0,0,0,0,0,0,0,0,0,0,0,0,0,0,0,0,0,0,9.04395989209661e-08,5.26284056832083e-05,0.000523815338965505,0.00213152705691755,0.00559885753318667,0.0188268292695284,0.0501852408051491
0,0,0,0,0,0,0,0,0,0,0,0,0,0,0,0,0,0,0,0,0,0,0,1.89861477650766e-08,4.59964394394774e-05,0.000474683823995292,0.0019850586540997,0.00612749764695764,0.0191583577543497,0.0503275990486145
0,0,0,0,0,0,0,0,0,0,0,0,0,0,0,0,0,0,0,0,0,0,0,7.73768160655663e-09,4.10181346524041e-05,0.000428635830758139,0.00185220967978239,0.00687243090942502,0.0195549800992012,0.050450686365366
0,NaN,0,0,0,0,0,0,0,0,0,0,0,0,0,0,0,0,0,0,0,0,0,3.11228509630723e-09,3.55559859599452e-05,0.000415778602473438,0.00169182242825627,0.00760642671957612,0.019994804635644,0.050597507506609
NaN,NaN,0,0,0,0,0,0,0,0,0,0,0,0,0,0,0,0,0,0,0,0,0,6.41805497636483e-10,3.04924051306443e-05,0.000493141531478614,0.00153347384184599,0.0086865583434701,0.0204513147473335,0.0508211702108383
NaN,NaN,NaN,0,0,0,0,0,0,0,0,0,0,0,0,0,0,0,0,0,0,0,0,1.28800997645229e-10,2.57034371315967e-05,0.000529507058672607,0.00145833264105022,0.00982414465397596,0.0208771321922541,0.0510517358779907
NaN,NaN,NaN,0,0,0,0,0,0,0,0,0,0,0,0,0,0,0,0,0,0,0,0,6.58156515398467e-11,2.14243063965114e-05,0.000558496918529272,0.00145309662912041,0.0109434006735682,0.0214397851377726,0.0512975119054317
NaN,NaN,NaN,0,0,0,0,0,0,0,0,0,0,0,0,0,0,0,0,0,0,0,0,2.18594101153435e-11,1.76521207322367e-05,0.000618988997302949,0.00150072935502976,0.0117548750713468,0.0223171003162861,0.0515862032771111
NaN,NaN,NaN,NaN,0,0,0,0,0,0,0,0,0,0,0,0,0,0,0,0,0,0,0,4.3960204400284e-12,1.32790810312144e-05,0.000711639993824065,0.00164943817071617,0.0125314705073833,0.022936824709177,0.0518848896026611
NaN,NaN,NaN,NaN,0,0,0,0,0,0,0,0,0,0,0,0,0,0,0,0,0,0,0,1.85311965425483e-12,7.94538664194988e-06,0.000798233086243272,0.00187341356649995,0.0132015002891421,0.0234272871166468,0.0522109642624855
NaN,NaN,NaN,NaN,NaN,0,0,0,0,0,0,0,0,0,0,0,0,0,0,0,0,0,0,5.92255682430737e-13,5.70204701944022e-06,0.000845475355163217,0.00210480741225183,0.0127172544598579,0.0239445678889751,0.0526164025068283
NaN,NaN,NaN,NaN,NaN,NaN,0,0,0,0,0,0,0,0,0,0,0,0,0,0,0,0,0,7.05654610265449e-14,2.77252843261522e-06,0.000840054359287024,0.00230908812955022,0.0118247708305717,0.0248339008539915,0.0530112311244011
NaN,NaN,NaN,NaN,NaN,NaN,NaN,0,0,0,0,0,0,0,0,0,0,0,0,0,0,0,0,0,1.48927608734084e-06,0.00079826166620478,0.00250197830609977,0.0108862537890673,0.0256313011050224,0.0534109100699425
NaN,NaN,NaN,NaN,NaN,NaN,NaN,0,0,0,0,0,0,0,0,0,0,0,0,0,0,0,0,0,7.26772611869819e-07,0.000739839451853186,0.00269334926269948,0.0105840358883142,0.0261089336127043,0.0538193732500076
NaN,NaN,NaN,NaN,NaN,NaN,NaN,NaN,0,0,0,0,0,0,0,0,0,0,NaN,0,0,0,0,0,6.91904972427437e-07,0.000678713782690465,0.00290622166357934,0.0108480118215084,0.0265539232641459,0.0542574413120747
0,0,0,NaN,NaN,NaN,NaN,NaN,NaN,0,0,0,0,0,0,0,0,0,NaN,0,0,0,0,0,4.78603396913968e-07,0.000610212911851704,0.00312362937256694,0.0110651487484574,0.0265448018908501,0.0548736564815044
0,0,0,0,NaN,NaN,NaN,NaN,NaN,0,0,0,0,0,0,0,0,0,0,0,0,0,0,0,6.10679194323893e-07,0.000561613240279257,0.00329343695193529,0.0112422676756978,0.0263598170131445,0.0555412881076336
0,0,0,0,NaN,NaN,NaN,NaN,NaN,NaN,0,0,0,0,0,0,0,0,0,0,0,0,0,1.5598522473681e-11,1.4641453844888e-06,0.00050502346130088,0.0034777820110321,0.0113057512789965,0.0261322073638439,0.0562242604792118
0,0,0,0,NaN,NaN,NaN,NaN,NaN,NaN,0,0,0,0,0,0,0,0,0,0,0,0,0,2.34172629204332e-11,2.93370794679504e-06,0.000459708564449102,0.00364885781891644,0.0112578636035323,0.0259135756641626,0.0569023005664349
0,0,0,0,0,0,NaN,NaN,NaN,NaN,0,0,0,0,0,0,0,0,0,0,0,0,0,8.39699577231956e-12,5.95174378759111e-06,0.000424903875682503,0.00382177112624049,0.0107289282605052,0.0262189451605082,0.0572729893028736
0,NaN,NaN,0,0,0,NaN,NaN,NaN,NaN,0,0,0,0,0,0,0,0,0,0,0,0,0,2.52778856874025e-11,1.32686272991123e-05,0.000413373956689611,0.00392668321728706,0.0100927203893661,0.0267747566103935,0.0575276054441929
NaN,NaN,NaN,NaN,0,0,NaN,NaN,NaN,NaN,0,0,0,0,0,0,0,0,0,0,0,0,0,1.31598005062572e-11,2.53756770689506e-05,0.000417034199927002,0.00405102223157883,0.00955264735966921,0.0273788180202246,0.057855986058712
0,NaN,NaN,NaN,0,0,NaN,NaN,NaN,NaN,0,0,0,0,0,0,0,0,0,0,0,0,0,2.10769964849311e-12,4.04336824431084e-05,0.000422410172177479,0.00416276371106505,0.00914190523326397,0.0280751194804907,0.058236051350832
0,NaN,NaN,NaN,0,0,NaN,NaN,NaN,NaN,0,0,0,0,0,0,0,0,0,0,0,0,0,2.91174766589575e-12,6.23268933850341e-05,0.00044429479748942,0.00420852610841393,0.00887326803058386,0.0288518331944942,0.0586272776126862
0,NaN,NaN,NaN,NaN,NaN,NaN,NaN,NaN,NaN,0,0,0,0,0,0,0,0,0,0,0,0,0,3.39815930385998e-13,8.54428290040232e-05,0.000495819200295955,0.00423492910340428,0.00878804456442595,0.0297550354152918,0.0590296611189842
0,NaN,NaN,NaN,NaN,NaN,NaN,NaN,NaN,NaN,0,0,0,0,0,0,0,0,0,0,0,0,0,1.10001153422624e-14,0.000104187849501614,0.000566504430025816,0.00435421383008361,0.00888911541551352,0.0307523794472218,0.0594545677304268
0,NaN,NaN,NaN,NaN,NaN,NaN,NaN,NaN,NaN,NaN,0,0,0,0,0,0,0,0,0,0,0,0,0,0.000120082775538322,0.000629435817245394,0.00448495056480169,0.00931625626981258,0.0317240357398987,0.0601324737071991
NaN,NaN,NaN,NaN,NaN,NaN,NaN,NaN,NaN,NaN,0,0,0,0,0,0,0,0,0,0,0,0,0,0,0.000141040058224462,0.000731294450815767,0.00454129977151752,0.0101987700909376,0.032375980168581,0.0609298683702946
NaN,NaN,NaN,NaN,NaN,NaN,NaN,NaN,NaN,NaN,0,0,0,0,0,0,0,0,0,0,0,0,0,0,0.000136690505314618,0.000859590363688767,0.00459081446751952,0.0111712301149964,0.0331062711775303,0.0617527849972248
NaN,NaN,NaN,NaN,NaN,NaN,NaN,NaN,NaN,0,0,0,0,0,0,0,0,0,0,0,0,0,0,0,0.000143374141771346,0.000963079917710274,0.00472160987555981,0.0120934434235096,0.0339634083211422,0.0626250579953194
NaN,NaN,NaN,NaN,NaN,NaN,0,NaN,NaN,0,0,0,0,0,0,0,0,0,0,0,0,0,0,0,0.000144742050906643,0.00109433953184634,0.00487620895728469,0.0130417365580797,0.0349345542490482,0.0637531653046608
NaN,NaN,NaN,NaN,NaN,NaN,0,NaN,NaN,0,0,0,0,0,0,0,0,0,0,0,0,0,0,0,0.000132793924422003,0.00125506659969687,0.00500099407508969,0.0140788201242685,0.0360605008900166,0.0649748370051384
NaN,NaN,NaN,NaN,NaN,0,0,NaN,NaN,0,0,0,0,0,0,0,0,0,0,0,0,0,0,0,0.000182535295607522,0.00137877755332738,0.00515891378745437,0.015073630027473,0.0373374260962009,0.0662601590156555
NaN,NaN,NaN,NaN,0,0,0,NaN,NaN,0,0,0,0,0,0,0,0,0,0,0,0,0,0,0,0.000140316915349104,0.00152791407890618,0.0053117461502552,0.0161694251000881,0.0386560335755348,0.0673707202076912
NaN,NaN,NaN,NaN,0,0,0,NaN,NaN,0,0,0,0,0,0,0,0,0,0,0,0,0,0,3.31132232744835e-09,0.000133456560433842,0.00177941797301173,0.00552112190052867,0.0174212697893381,0.0397120043635368,0.0679479241371155
NaN,NaN,NaN,0,0,0,0,NaN,0,0,0,0,0,0,0,0,0,0,0,0,0,0,0,4.25203294796006e-09,7.81971903052181e-05,0.00206838641315699,0.005775002297014,0.0185161046683788,0.0409599356353283,0.0685477778315544
NaN,NaN,NaN,NaN,0,0,0,NaN,0,0,0,0,0,0,0,0,0,0,0,0,0,0,0,1.85937594210372e-08,3.72184185835067e-05,0.00237737293355167,0.00605827663093805,0.0194769389927387,0.0424757115542889,0.0691704526543617
NaN,NaN,NaN,NaN,0,0,0,NaN,0,0,0,0,0,0,0,0,0,0,0,0,0,0,0,5.59530484167681e-08,5.76532693230547e-05,0.00266868062317371,0.00623945565894246,0.0203905887901783,0.0441991500556469,0.0699259489774704
NaN,NaN,NaN,NaN,0,0,0,0,0,0,0,0,0,0,0,0,0,0,0,0,0,0,0,3.07318117620525e-07,6.30653230473399e-05,0.00306688621640205,0.00655395584180951,0.0210745446383953,0.0463006496429443,0.0709959492087364
NaN,NaN,NaN,NaN,NaN,NaN,0,0,0,0,0,0,0,0,0,0,0,0,0,0,0,0,0,5.94301752698811e-07,9.36532742343843e-05,0.00324991904199123,0.00698739662766457,0.0214061345905066,0.0486392267048359,0.0721333026885986
NaN,NaN,NaN,NaN,NaN,NaN,0,0,0,0,0,0,0,0,0,0,0,0,0,0,0,0,0,1.89745117040729e-06,0.000129273103084415,0.00347350328229368,0.00729839503765106,0.0222699660807848,0.0503313057124615,0.0733925327658653
NaN,NaN,NaN,NaN,NaN,NaN,0,0,0,0,0,0,0,0,0,0,0,0,0,0,0,0,0,7.15704391041072e-06,0.000167252466781065,0.00374225876294076,0.00750090973451734,0.0233725309371948,0.0521575771272182,0.0751133635640144
NaN,NaN,NaN,NaN,NaN,NaN,0,0,0,0,0,0,0,0,0,0,0,0,0,0,0,0,0,1.06890429378836e-05,0.000250126409810036,0.00385062000714242,0.00802950747311115,0.0242487508803606,0.0543552488088608,0.0770066156983376
NaN,NaN,NaN,NaN,NaN,NaN,0,0,0,0,0,0,0,0,0,0,0,0,0,0,0,0,0,2.88050341623602e-05,0.000307307171169668,0.0040101925842464,0.00862601492553949,0.0248423926532269,0.0569990277290344,0.0794141367077827
NaN,NaN,NaN,NaN,NaN,NaN,0,0,0,0,0,0,0,0,0,0,0,0,0,0,0,0,0,3.33746647811495e-05,0.000438822055002674,0.00438982388004661,0.00906868744641542,0.0253808554261923,0.0601518787443638,0.0822756886482239
NaN,NaN,NaN,NaN,NaN,NaN,0,0,0,0,0,0,0,0,0,0,0,0,0,0,0,0,0,6.44118117634207e-05,0.000568769872188568,0.00477538118138909,0.00967217143625021,0.0260304808616638,0.0638743191957474,0.0857914909720421
NaN,NaN,NaN,NaN,NaN,NaN,NaN,0,0,0,0,0,0,0,0,0,0,0,0,0,0,0,0,7.14710258762352e-05,0.000722154276445508,0.00539531745016575,0.0105637302622199,0.0280231535434723,0.0664474740624428,0.0870552882552147
NaN,NaN,NaN,NaN,NaN,NaN,NaN,NaN,0,0,0,0,0,0,0,0,0,0,0,0,0,0,0,0.000115727591037285,0.000912158749997616,0.00612304266542196,0.0116713810712099,0.0311998166143894,0.0681928619742393,0.0870807319879532
NaN,NaN,NaN,NaN,NaN,NaN,NaN,NaN,0,0,0,0,0,0,0,0,0,0,0,0,0,0,0,0.000120120741485152,0.00102116249036044,0.00675422139465809,0.0132637349888682,0.0354632325470448,0.0704726576805115,0.0871060639619827
NaN,NaN,NaN,NaN,NaN,NaN,NaN,NaN,0,0,0,0,0,0,0,0,0,0,0,0,0,0,0,0.000155860776430927,0.00119244283996522,0.00749994302168489,0.0145008973777294,0.041383758187294,0.0735911726951599,0.0871312916278839
NaN,NaN,NaN,NaN,NaN,NaN,NaN,NaN,0,0,0,0,0,0,0,0,0,0,0,0,0,0,0,0.00016125661204569,0.0013353523099795,0.00928270071744919,0.0174607336521149,0.0450464114546776,0.0779707282781601,0.0871564149856567
NaN,NaN,NaN,NaN,NaN,NaN,NaN,NaN,0,0,0,0,NaN,0,0,0,0,0,0,0,0,0,1.06554931544878e-09,0.000205383519642055,0.00158825097605586,0.00977560319006443,0.0242946613579988,0.044901005923748,0.0843208953738213,0.0871814265847206
NaN,NaN,NaN,NaN,NaN,NaN,NaN,NaN,0,0,0,0,NaN,0,0,0,0,0,0,0,0,0,2.6902526872874e-09,0.000217284497921355,0.00185185030568391,0.0130557846277952,0.0291566159576178,0.0485389642417431,0.0882872566580772,0.0872063338756561
NaN,NaN,NaN,NaN,NaN,NaN,NaN,NaN,0,0,0,0,0,NaN,0,0,0,0,0,0,0,0,3.59809462224803e-08,0.000254031183430925,0.00262702209874988,0.0188381485641003,0.0291604399681091,0.058904841542244,0.0882691815495491,0.0872311368584633
NaN,NaN,NaN,NaN,NaN,NaN,NaN,NaN,0,0,0,0,0,0,0,0,0,0,0,0,0,0,6.01683183276691e-08,0.00031492963898927,0.0040550222620368,0.0191102437674999,0.0361869148910046,0.0667084008455276,0.0882511287927628,0.0872558280825615
NaN,NaN,NaN,NaN,NaN,NaN,NaN,NaN,0,0,0,0,0,0,0,0,0,0,0,0,0,0,1.35301618797712e-07,0.000351258786395192,0.00497702369466424,0.0278361737728119,0.0455338582396507,0.0666593089699745,0.0882330983877182,0.0872804224491119
NaN,NaN,NaN,NaN,NaN,NaN,NaN,NaN,NaN,0,0,0,0,0,0,0,0,0,0,0,0,0,2.51837946052547e-06,0.000718965078704059,0.00965327769517899,0.0335492938756943,0.0455338917672634,0.066607229411602,0.0882150828838348,0.0873048976063728
NaN,NaN,NaN,NaN,NaN,NaN,NaN,NaN,0,0,0,0,0,0,0,NaN,0,0,0,0,0,0,4.19638263338129e-06,0.000800501788035035,0.00965364463627338,0.0335082933306694,0.0455102697014809,0.0665551796555519,0.0881970897316933,0.087329275906086
NaN,NaN,NaN,NaN,NaN,NaN,NaN,NaN,0,0,0,0,0,0,0,0,0,0,0,0,0,0,2.01039739522457e-07,0.000496819091495126,0.00835486687719822,0.0363815501332283,0.0495134256780148,0.0427470989525318,0.0735004767775536,0.0972640216350555
NaN,NaN,NaN,NaN,NaN,NaN,NaN,NaN,NaN,0,0,0,0,0,0,0,0,0,0,0,0,0,1.19975695156427e-07,0.000482156843645498,0.00838666316121817,0.0364492610096931,0.0494914911687374,0.0427794903516769,0.0735544860363007,0.0973059758543968
NaN,NaN,NaN,NaN,NaN,NaN,NaN,NaN,NaN,0,0,0,0,0,0,0,0,0,0,0,0,0,2.93697888231748e-09,0.000426151585998014,0.0106247840449214,0.0410005822777748,0.0494921542704105,0.0428119078278542,0.0736085623502731,0.0973480567336082
NaN,NaN,NaN,NaN,NaN,NaN,NaN,NaN,NaN,0,0,0,0,0,0,0,0,0,0,0,0,0,6.52160494496457e-08,0.000502372742630541,0.0112348357215524,0.048828762024641,0.0578475035727024,0.042846642434597,0.073662705719471,0.0973902493715286
NaN,NaN,NaN,NaN,NaN,NaN,NaN,NaN,NaN,0,0,0,0,0,0,0,0,0,0,0,0,0,4.00895771690557e-07,0.000659975397866219,0.0142128057777882,0.0496232397854328,0.0635820925235748,0.0485587678849697,0.0737169161438942,0.0974325686693192
NaN,NaN,NaN,NaN,NaN,NaN,NaN,NaN,NaN,0,0,0,0,0,0,0,0,0,0,0,0,0,1.32159254917497e-06,0.000857323000673205,0.0159255620092154,0.0548748932778835,0.06354970484972,0.0552935302257538,0.0737711936235428,0.0974749997258186
NaN,NaN,NaN,NaN,NaN,NaN,NaN,NaN,NaN,0,0,0,0,0,0,0,0,0,0,0,0,0,5.23756398251862e-06,0.00111864611972123,0.0185794420540333,0.0570724010467529,0.0669516548514366,0.0574312806129456,0.0751983150839806,0.0975175425410271
NaN,NaN,NaN,NaN,NaN,NaN,NaN,NaN,0,0,0,0,0,0,0,0,0,0,0,0,0,6.86935588706944e-13,1.02412886917591e-05,0.00151054142042994,0.0210544914007187,0.0591864064335823,0.0726738423109055,0.0575019605457783,0.0766483619809151,0.0975602120161057
NaN,NaN,NaN,NaN,NaN,NaN,NaN,NaN,0,0,NaN,0,0,0,0,0,0,0,0,0,0,4.56948680283009e-11,2.17193392018089e-05,0.00187952001579106,0.02327711135149,0.0624658241868019,0.0751444324851036,0.0606891624629498,0.0781637653708458,0.0976029932498932
NaN,NaN,NaN,NaN,NaN,NaN,NaN,NaN,0,0,NaN,NaN,0,0,0,0,0,0,0,0,0,4.35506519735895e-10,3.74505179934204e-05,0.00258166715502739,0.0258878283202648,0.0646128207445145,0.0773273035883904,0.0656298100948334,0.0797196924686432,0.0976459011435509
NaN,NaN,NaN,NaN,NaN,NaN,NaN,NaN,NaN,NaN,NaN,NaN,NaN,0,0,0,0,0,0,0,0,1.60992030817653e-09,5.59998843527865e-05,0.00318483589217067,0.0281238090246916,0.0671173930168152,0.0809517279267311,0.0690282881259918,0.0810640826821327,0.0976889207959175
NaN,NaN,NaN,NaN,NaN,NaN,NaN,NaN,NaN,NaN,NaN,0,NaN,0,0,0,0,0,0,0,0,9.33648891532357e-09,8.93423421075568e-05,0.00439422344788909,0.0312218982726336,0.0695028752088547,0.0842779874801636,0.0712817311286926,0.0821978896856308,0.0977320522069931
NaN,NaN,NaN,NaN,NaN,NaN,NaN,NaN,NaN,0,0,0,0,0,0,0,0,0,0,0,0,5.97376015321061e-08,0.000129193154862151,0.0054431683383882,0.0340960659086704,0.0720114856958389,0.0870917364954948,0.0739578232169151,0.0837941840291023,0.0984819903969765
NaN,NaN,NaN,NaN,NaN,NaN,NaN,NaN,0,0,0,0,0,0,0,0,0,0,0,0,0,1.37275648626201e-07,0.000184496035217308,0.00701288925483823,0.0372162908315659,0.0740499868988991,0.0893954783678055,0.0770528838038445,0.086017943918705,0.100525379180908
NaN,NaN,NaN,NaN,NaN,NaN,NaN,NaN,0,0,0,0,0,0,0,0,0,0,0,0,0,2.02319085929048e-07,0.000254694081377238,0.00834876578301191,0.0404653437435627,0.0763333588838577,0.0916818678379059,0.0795634984970093,0.087860181927681,0.10221915692091
NaN,NaN,NaN,NaN,NaN,NaN,NaN,NaN,NaN,NaN,NaN,0,0,0,0,0,0,0,0,0,0,8.75770496122641e-08,0.000313480355544016,0.0098504526540637,0.0431567840278149,0.0784516409039497,0.0945616886019707,0.0815707668662071,0.0894506648182869,0.103663191199303
NaN,NaN,NaN,NaN,NaN,NaN,NaN,NaN,NaN,NaN,NaN,0,0,0,0,0,0,0,0,0,0,8.54000070660277e-09,0.000317340542096645,0.0109963323920965,0.0458022803068161,0.079995721578598,0.0972717478871346,0.084059864282608,0.0908380895853043,0.104826845228672
NaN,NaN,NaN,NaN,NaN,NaN,NaN,NaN,NaN,NaN,NaN,0,0,0,0,0,0,0,0,0,0,0,0.000245150877162814,0.0117712048813701,0.0476200394332409,0.0820578783750534,0.0988660082221031,0.0876102074980736,0.091996930539608,0.105902254581451
NaN,NaN,NaN,NaN,NaN,NaN,NaN,NaN,NaN,NaN,NaN,NaN,0,0,0,0,0,0,0,0,0,0,0.000163839460583404,0.0120598413050175,0.0492625124752522,0.0837929621338844,0.100796975195408,0.0905929729342461,0.0933108329772949,0.106775969266891
NaN,NaN,NaN,NaN,NaN,NaN,NaN,NaN,NaN,NaN,NaN,NaN,0,0,0,0,0,0,0,0,0,0,0.000125083271996118,0.012019470334053,0.0506434962153435,0.0851857513189316,0.103219494223595,0.0924907177686691,0.0955407992005348,0.107589021325111
NaN,NaN,NaN,NaN,NaN,NaN,NaN,NaN,NaN,NaN,NaN,NaN,0,0,0,0,0,0,0,0,0,0,8.89411749085411e-05,0.011765911243856,0.0517127998173237,0.0867339968681335,0.105386219918728,0.0944658070802689,0.0975511521100998,0.108363799750805
NaN,NaN,NaN,NaN,NaN,NaN,NaN,NaN,NaN,NaN,NaN,NaN,0,0,0,0,0,0,0,0,0,0,7.67153906053863e-05,0.0112875644117594,0.0526611171662807,0.088291272521019,0.106776036322117,0.0974126309156418,0.0992581024765968,0.10900392383337
NaN,NaN,NaN,NaN,NaN,NaN,NaN,NaN,NaN,NaN,NaN,0,0,0,0,0,0,0,0,0,0,0,7.88266188465059e-05,0.0111058400943875,0.0530605688691139,0.0895606353878975,0.108310855925083,0.100113026797771,0.100780069828033,0.109584555029869
NaN,NaN,NaN,NaN,NaN,NaN,NaN,NaN,NaN,NaN,NaN,NaN,0,0,0,0,0,0,0,0,0,0,8.65878173499368e-05,0.010977616533637,0.0537476316094398,0.0906637459993362,0.109973385930061,0.102508813142776,0.102132581174374,0.110149674117565
NaN,NaN,NaN,NaN,NaN,NaN,NaN,NaN,NaN,NaN,NaN,NaN,NaN,0,0,0,0,0,0,0,0,0,0.000114381713501643,0.0112665211781859,0.053946491330862,0.0913786515593529,0.111668527126312,0.10472296923399,0.103379592299461,0.110699392855167
NaN,NaN,NaN,NaN,NaN,NaN,NaN,NaN,NaN,NaN,NaN,NaN,NaN,0,0,0,0,0,0,0,0,0,0.000141798431286588,0.0115550979971886,0.0541832186281681,0.0916059613227844,0.112754225730896,0.107159055769444,0.105127543210983,0.111666545271873
NaN,NaN,NaN,NaN,NaN,NaN,NaN,NaN,NaN,NaN,NaN,NaN,NaN,NaN,0,0,0,0,0,0,0,0,0.000186845238204114,0.0118398945778608,0.0538602061569691,0.0916547775268555,0.113754168152809,0.10942579805851,0.107048749923706,0.112918078899384
NaN,NaN,NaN,NaN,NaN,NaN,NaN,NaN,NaN,NaN,NaN,NaN,NaN,NaN,0,0,0,0,0,0,0,0,0.000195696135051548,0.0122761372476816,0.0533947572112083,0.0910124853253365,0.114933907985687,0.111534029245377,0.10882343351841,0.114057987928391
NaN,NaN,NaN,NaN,NaN,NaN,NaN,NaN,NaN,NaN,NaN,NaN,NaN,NaN,NaN,0,0,0,0,0,0,0,0.000168806785950437,0.0127240186557174,0.0529496073722839,0.0901688560843468,0.115980394184589,0.113484360277653,0.110508516430855,0.115141287446022
NaN,NaN,NaN,NaN,NaN,NaN,NaN,NaN,NaN,NaN,NaN,NaN,NaN,NaN,NaN,0,0,0,0,0,0,0,0.000155822606757283,0.012779395096004,0.051834873855114,0.0893073305487633,0.116819068789482,0.11555103212595,0.112102851271629,0.116150207817554
NaN,NaN,NaN,NaN,NaN,NaN,NaN,NaN,NaN,NaN,NaN,NaN,NaN,NaN,NaN,0,0,0,0,0,0,1.12996953103e-13,0.000154244917212054,0.0116100264713168,0.0511283874511719,0.0876388028264046,0.117405124008656,0.117969520390034,0.113606289029121,0.117132216691971
NaN,NaN,NaN,NaN,NaN,NaN,NaN,NaN,NaN,NaN,NaN,NaN,NaN,NaN,NaN,0,0,0,0,0,0,0,0.000146304897498339,0.0102699436247349,0.048651210963726,0.0859562084078789,0.117997027933598,0.120079524815083,0.115034744143486,0.11809253692627
NaN,NaN,NaN,NaN,NaN,NaN,NaN,NaN,NaN,NaN,NaN,NaN,NaN,NaN,NaN,0,0,0,0,0,0,0,0.000132678498630412,0.00852855667471886,0.0450879074633121,0.084541916847229,0.118329979479313,0.121725007891655,0.116872303187847,0.119000658392906
NaN,NaN,NaN,NaN,NaN,NaN,NaN,NaN,NaN,NaN,NaN,NaN,NaN,NaN,NaN,0,0,0,0,0,0,0,0.000116226990940049,0.00727513013407588,0.0405331552028656,0.0825039818882942,0.118875458836555,0.123182713985443,0.11870039254427,0.11981700360775
NaN,NaN,NaN,NaN,NaN,NaN,NaN,NaN,NaN,NaN,NaN,NaN,NaN,NaN,NaN,NaN,0,0,0,0,0,0,0.000104420643765479,0.00606712372973561,0.0353678241372108,0.0804808959364891,0.119540207087994,0.124829798936844,0.120395705103874,0.120620794594288
NaN,NaN,NaN,NaN,NaN,NaN,NaN,NaN,NaN,NaN,NaN,NaN,NaN,NaN,NaN,NaN,0,0,0,0,NaN,0,8.965653978521e-05,0.00489259092137218,0.0304752923548222,0.0784605294466019,0.119748651981354,0.126543790102005,0.121988162398338,0.121415883302689
NaN,NaN,NaN,NaN,NaN,NaN,NaN,NaN,NaN,NaN,NaN,NaN,NaN,NaN,NaN,NaN,0,0,0,0,NaN,0,8.07733813417144e-05,0.0041100257076323,0.0260973758995533,0.0760671049356461,0.119750075042248,0.128165438771248,0.123522348701954,0.122202269732952
NaN,NaN,NaN,NaN,NaN,NaN,NaN,NaN,NaN,NaN,NaN,NaN,NaN,NaN,NaN,NaN,0,0,0,0,0,0,7.67507444834337e-05,0.00324995652772486,0.0220700800418854,0.0739108249545097,0.119902394711971,0.129676088690758,0.125008776783943,0.122973509132862
NaN,NaN,NaN,NaN,NaN,NaN,NaN,NaN,NaN,NaN,NaN,NaN,NaN,NaN,NaN,NaN,0,0,0,0,0,0,6.71206580591388e-05,0.00267304503358901,0.0185420829802752,0.0713454857468605,0.120017915964127,0.131099581718445,0.126457154750824,0.12371814250946
NaN,NaN,NaN,NaN,NaN,NaN,NaN,NaN,NaN,NaN,NaN,NaN,NaN,NaN,NaN,NaN,0,0,0,0,0,0,4.16082730225753e-05,0.00223059626296163,0.0161629449576139,0.0688339695334435,0.119631916284561,0.13245515525341,0.127965688705444,0.124489419162273
NaN,NaN,NaN,NaN,NaN,NaN,NaN,NaN,NaN,NaN,NaN,NaN,NaN,NaN,NaN,NaN,0,0,0,0,0,0,4.96334359922912e-05,0.00179666944313794,0.0140962144359946,0.0669724121689796,0.119188144803047,0.133760496973991,0.129640281200409,0.125554710626602
NaN,NaN,NaN,NaN,NaN,NaN,NaN,NaN,NaN,NaN,NaN,NaN,NaN,NaN,NaN,NaN,0,0,0,0,0,0,3.30514885718003e-05,0.00150569551624358,0.0123418960720301,0.0651141032576561,0.118883647024632,0.135106205940247,0.131291523575783,0.126627489924431
NaN,NaN,NaN,NaN,NaN,NaN,NaN,NaN,NaN,NaN,NaN,NaN,NaN,NaN,NaN,NaN,NaN,0,0,0,0,0,3.3347139833495e-05,0.00118372682482004,0.0115335993468761,0.0631946548819542,0.118849366903305,0.136398077011108,0.13292869925499,0.127687245607376
NaN,NaN,NaN,NaN,NaN,NaN,NaN,NaN,NaN,NaN,NaN,NaN,NaN,NaN,NaN,NaN,NaN,0,0,0,0,0,3.28818859998137e-05,0.000927289365790784,0.010721443220973,0.0624052807688713,0.11822871118784,0.137705236673355,0.134521633386612,0.12872202694416
NaN,NaN,NaN,NaN,NaN,NaN,NaN,NaN,NaN,NaN,NaN,NaN,NaN,NaN,NaN,NaN,NaN,0,0,0,0,0,2.49000804615207e-05,0.00075734598794952,0.010008136741817,0.0612559244036674,0.117738455533981,0.139053866267204,0.136026442050934,0.129693537950516
NaN,NaN,NaN,NaN,NaN,NaN,NaN,NaN,NaN,NaN,NaN,NaN,NaN,NaN,NaN,NaN,NaN,0,0,0,0,0,2.31851863645716e-05,0.000591065676417202,0.0098693510517478,0.0603222474455833,0.117584772408009,0.14030647277832,0.13752943277359,0.130657285451889
NaN,NaN,NaN,NaN,NaN,NaN,NaN,NaN,NaN,NaN,NaN,NaN,NaN,0,NaN,NaN,NaN,0,0,0,0,0,1.6649393728585e-05,0.000479094189358875,0.00968512613326311,0.059511560946703,0.117668189108372,0.141594558954239,0.139067277312279,0.131620690226555
NaN,NaN,NaN,NaN,NaN,NaN,NaN,NaN,NaN,NaN,NaN,NaN,NaN,0,NaN,NaN,0,0,0,0,0,0,1.01958121376811e-05,0.000411289860494435,0.00931309349834919,0.0593389794230461,0.117477253079414,0.142882570624352,0.140712663531303,0.132561519742012
NaN,NaN,NaN,NaN,NaN,NaN,NaN,NaN,NaN,NaN,NaN,NaN,NaN,0,0,NaN,0,0,0,0,0,0,5.10284917254467e-06,0.000354191550286487,0.00931600667536259,0.0598441585898399,0.11703347414732,0.144111648201942,0.142594769597054,0.133353680372238
NaN,NaN,NaN,NaN,NaN,NaN,NaN,NaN,NaN,NaN,NaN,NaN,NaN,0,0,NaN,0,0,0,0,0,0,1.73751038801129e-06,0.000315802870318294,0.00957170315086842,0.060009028762579,0.116761192679405,0.145392417907715,0.14455159008503,0.134128540754318
NaN,NaN,NaN,NaN,NaN,NaN,NaN,NaN,NaN,NaN,NaN,NaN,NaN,0,0,NaN,0,0,0,0,0,0,1.41199564041017e-06,0.000306242931401357,0.00944308750331402,0.0599410571157932,0.116498172283173,0.146542355418205,0.146602869033813,0.134907752275467
NaN,NaN,NaN,NaN,NaN,NaN,NaN,NaN,NaN,NaN,NaN,NaN,NaN,0,0,NaN,0,0,0,0,0,0,1.23544145935739e-06,0.000291587319225073,0.00946044735610485,0.0600020475685596,0.116519719362259,0.147380650043488,0.14873431622982,0.135687217116356
NaN,NaN,NaN,NaN,NaN,NaN,NaN,NaN,NaN,NaN,NaN,NaN,NaN,0,0,0,0,0,0,0,0,0,4.13988516356767e-07,0.000274440651992336,0.00977535266429186,0.0603722296655178,0.116130016744137,0.148333340883255,0.150735348463058,0.136457994580269
NaN,NaN,NaN,NaN,NaN,NaN,NaN,NaN,NaN,NaN,NaN,NaN,NaN,0,0,0,0,0,0,0,0,0,1.25089570701675e-07,0.00028296114760451,0.00992251187562943,0.0606636665761471,0.115948528051376,0.149396523833275,0.152600690722466,0.13723036646843
NaN,NaN,NaN,NaN,NaN,NaN,NaN,NaN,NaN,NaN,NaN,NaN,NaN,0,0,0,0,0,0,0,0,0,1.02325536488479e-07,0.00030936737312004,0.00986052956432104,0.0608026273548603,0.115847535431385,0.150396779179573,0.154501184821129,0.13800810277462
NaN,NaN,NaN,NaN,NaN,NaN,NaN,NaN,NaN,NaN,NaN,NaN,NaN,0,0,0,0,0,0,0,0,0,9.66216617825921e-08,0.000326077279169112,0.00986118800938129,0.0603879503905773,0.115822091698647,0.151403844356537,0.156463578343391,0.138824746012688
NaN,NaN,NaN,NaN,NaN,NaN,NaN,NaN,NaN,NaN,NaN,NaN,NaN,0,0,0,0,0,0,0,0,0,2.19110944499334e-07,0.00034902902552858,0.00997878052294254,0.0598204471170902,0.115782298147678,0.152365520596504,0.158277973532677,0.139547899365425
NaN,NaN,NaN,NaN,NaN,NaN,NaN,NaN,NaN,NaN,NaN,NaN,NaN,0,0,0,0,0,0,0,0,0,5.57014800506295e-07,0.000400492775952443,0.0104369195178151,0.0590471401810646,0.115554288029671,0.153301194310188,0.160018846392632,0.14017628133297
NaN,NaN,NaN,NaN,NaN,NaN,NaN,NaN,NaN,NaN,NaN,NaN,NaN,0,0,0,0,0,0,0,0,0,9.79089691099944e-07,0.000453184242360294,0.0108888726681471,0.0585384257137775,0.115034200251102,0.153938591480255,0.161779463291168,0.140978410840034
NaN,NaN,NaN,NaN,NaN,NaN,NaN,NaN,NaN,NaN,NaN,NaN,NaN,0,0,0,0,0,0,0,0,0,1.57728572958149e-06,0.000497864442877471,0.0110691022127867,0.0578869618475437,0.114678837358952,0.154412448406219,0.163467898964882,0.141849458217621
NaN,NaN,NaN,NaN,NaN,NaN,NaN,NaN,NaN,NaN,NaN,NaN,NaN,0,0,0,0,0,0,0,0,0,2.0823558770644e-06,0.000543983827810735,0.0107940919697285,0.0570140890777111,0.114112973213196,0.155124649405479,0.16486319899559,0.142723888158798
NaN,NaN,NaN,NaN,NaN,NaN,NaN,NaN,NaN,NaN,NaN,NaN,NaN,0,0,0,0,0,0,0,0,0,2.47065327130258e-06,0.000618891674093902,0.0101317865774035,0.0558215864002705,0.113531701266766,0.155771642923355,0.166183352470398,0.143601670861244
NaN,NaN,NaN,NaN,NaN,NaN,NaN,NaN,NaN,NaN,NaN,NaN,NaN,0,0,0,0,0,0,0,0,0,2.16492821891734e-06,0.00067615055013448,0.00959944073110819,0.0542769879102707,0.112553901970387,0.156340420246124,0.167583003640175,0.144516602158546
NaN,NaN,NaN,NaN,NaN,NaN,NaN,NaN,NaN,NaN,NaN,NaN,NaN,0,0,0,0,0,0,0,0,0,1.25559415664611e-06,0.000691461667884141,0.00906489510089159,0.0524137392640114,0.111242793500423,0.156922429800034,0.169004365801811,0.145406305789948
NaN,NaN,NaN,NaN,NaN,NaN,NaN,NaN,NaN,NaN,NaN,NaN,NaN,0,0,0,0,0,0,0,0,0,1.75409036273777e-06,0.000659862125758082,0.00846042111515999,0.0504808463156223,0.109451025724411,0.157560914754868,0.170226812362671,0.146031498908997
NaN,NaN,NaN,NaN,NaN,NaN,NaN,NaN,NaN,NaN,NaN,NaN,NaN,0,0,0,0,0,0,0,0,0,3.28194801113568e-06,0.000621741404756904,0.00780182098969817,0.0481190346181393,0.107883542776108,0.158208623528481,0.171496093273163,0.146649077534676
NaN,NaN,NaN,NaN,NaN,NaN,NaN,NaN,NaN,NaN,NaN,NaN,NaN,0,0,0,0,0,0,0,0,0,3.88476018997608e-06,0.000582246051635593,0.00709562934935093,0.0455950535833836,0.10653467476368,0.15854723751545,0.172903567552567,0.14727646112442
NaN,NaN,NaN,NaN,NaN,NaN,NaN,NaN,NaN,NaN,NaN,NaN,NaN,0,0,0,0,0,0,0,0,0,2.32228035201842e-06,0.000536969397217035,0.0064428704790771,0.0426005907356739,0.105108790099621,0.158712208271027,0.174071997404099,0.147913664579391
NaN,NaN,NaN,NaN,NaN,NaN,NaN,NaN,NaN,NaN,NaN,NaN,NaN,0,0,0,0,0,0,0,0,0,1.38926031922892e-06,0.000489859143272042,0.00599023187533021,0.0392224863171577,0.103305451571941,0.158852651715279,0.175099566578865,0.148595944046974
NaN,NaN,NaN,NaN,NaN,NaN,NaN,NaN,NaN,NaN,NaN,0,0,0,0,0,0,0,0,0,0,0,1.62027470196335e-06,0.000450780818937346,0.00549173029139638,0.0357172675430775,0.101205945014954,0.158851236104965,0.176139324903488,0.149431243538857
NaN,NaN,NaN,NaN,NaN,NaN,NaN,NaN,NaN,NaN,0,0,0,0,0,0,0,0,0,0,0,0,1.67629434599803e-06,0.000401963043259457,0.00490430416539311,0.0323603600263596,0.0987919569015503,0.158792302012444,0.177192062139511,0.150157496333122
NaN,NaN,NaN,NaN,NaN,NaN,NaN,NaN,NaN,NaN,0,0,0,0,0,0,0,0,0,0,0,0,1.47374419157131e-06,0.000360400445060804,0.00429862504824996,0.0292558260262012,0.0960259512066841,0.158724829554558,0.178128734230995,0.150598019361496
NaN,NaN,NaN,NaN,NaN,NaN,NaN,NaN,NaN,NaN,NaN,0,0,0,0,0,0,0,0,0,0,0,1.0035369086836e-06,0.000317325349897146,0.00389828952029347,0.026624534279108,0.092900738120079,0.158817693591118,0.178924813866615,0.151047438383102
NaN,NaN,NaN,NaN,NaN,NaN,NaN,NaN,NaN,NaN,NaN,0,0,0,0,0,0,0,0,0,0,0,5.68775533338339e-07,0.000270337652182207,0.00358690833672881,0.0249059703201056,0.0897544845938683,0.158653065562248,0.179726213216782,0.151508167386055
NaN,NaN,NaN,NaN,NaN,NaN,NaN,NaN,NaN,NaN,NaN,0,0,0,0,0,0,0,0,0,0,0,5.47973399989132e-07,0.000228088974836282,0.00324298394843936,0.0231772903352976,0.0869323536753654,0.158649906516075,0.18046435713768,0.151980191469193
NaN,NaN,NaN,NaN,NaN,NaN,NaN,NaN,NaN,NaN,NaN,0,0,0,0,0,0,0,0,0,0,0,7.67119900046964e-07,0.000195302767679095,0.0029685627669096,0.0219417586922646,0.0842833518981934,0.158558756113052,0.181238293647766,0.152536645531654
NaN,NaN,NaN,NaN,NaN,NaN,NaN,NaN,NaN,NaN,NaN,0,0,0,0,0,0,0,0,0,0,0,9.39027927415736e-07,0.000175466324435547,0.00267782481387258,0.0208938755095005,0.0815390199422836,0.158417716622353,0.182117447257042,0.153274282813072
NaN,NaN,NaN,NaN,NaN,NaN,NaN,NaN,NaN,NaN,NaN,0,0,0,0,0,0,0,0,0,0,0,8.29862528917147e-07,0.000163204502314329,0.00242966110818088,0.0196859706193209,0.0790954530239105,0.158272936940193,0.182748734951019,0.153752490878105
NaN,NaN,NaN,NaN,NaN,NaN,NaN,NaN,NaN,NaN,NaN,0,0,0,0,0,0,0,0,0,0,0,5.32706451394915e-07,0.000153158995090052,0.00230502942577004,0.0180771630257368,0.0765620395541191,0.157902732491493,0.18343323469162,0.153985872864723
NaN,NaN,NaN,NaN,NaN,NaN,NaN,NaN,NaN,NaN,NaN,0,0,0,0,NaN,0,0,0,0,0,0,5.41071472071053e-07,0.000145086465636268,0.00215510791167617,0.0163409672677517,0.0744781494140625,0.157525256276131,0.184035956859589,0.154225304722786
NaN,NaN,NaN,NaN,NaN,NaN,NaN,NaN,NaN,NaN,NaN,NaN,0,0,0,0,0,0,0,0,0,0,7.16118904620089e-07,0.000141769487527199,0.00193240202497691,0.0148280942812562,0.0724127665162086,0.15723329782486,0.18461500108242,0.15452179312706
NaN,NaN,NaN,NaN,NaN,NaN,NaN,NaN,NaN,NaN,NaN,NaN,0,0,0,0,0,0,0,0,0,0,9.74258682617801e-07,0.000126580212963745,0.00166224909480661,0.0134565839543939,0.0706869885325432,0.156901031732559,0.18516717851162,0.154894784092903
NaN,NaN,NaN,NaN,NaN,NaN,NaN,NaN,NaN,NaN,NaN,NaN,0,0,0,0,0,0,0,0,0,0,7.84796043262759e-07,0.000103622252936475,0.00140389951411635,0.0121411196887493,0.0691442042589188,0.156481444835663,0.185689941048622,0.155355870723724
NaN,NaN,NaN,NaN,NaN,NaN,NaN,NaN,NaN,NaN,NaN,NaN,0,0,0,0,0,0,0,0,0,0,3.68314175602791e-07,8.31627476145513e-05,0.00119749072473496,0.0111556239426136,0.068068765103817,0.156171530485153,0.186113029718399,0.156097397208214
NaN,NaN,NaN,NaN,NaN,NaN,NaN,NaN,NaN,NaN,NaN,NaN,0,0,0,0,0,0,0,0,0,0,1.21462065294509e-07,6.88583313603885e-05,0.00104069069493562,0.0102136693894863,0.0672925859689713,0.1559699177742,0.186576947569847,0.15628220140934
NaN,NaN,NaN,NaN,NaN,NaN,NaN,NaN,NaN,NaN,NaN,NaN,0,0,0,0,0,0,0,0,0,0,3.69645007936015e-08,6.13178199273534e-05,0.000952159520238638,0.00955258961766958,0.0671587586402893,0.155537724494934,0.187373906373978,0.156347125768661
NaN,NaN,NaN,NaN,NaN,NaN,NaN,NaN,NaN,NaN,NaN,NaN,0,0,0,0,0,0,0,0,0,0,7.10236625067751e-09,5.81572494411375e-05,0.000949280802160501,0.00916153565049171,0.0667255222797394,0.155241370201111,0.188110560178757,0.156411930918694
NaN,NaN,NaN,NaN,NaN,NaN,NaN,NaN,NaN,NaN,NaN,NaN,0,0,0,0,0,0,0,0,0,0,1.07022668505152e-09,5.93478689552285e-05,0.00100876961369067,0.00933525897562504,0.0665658563375473,0.154902577400208,0.188171997666359,0.156476587057114
NaN,NaN,NaN,NaN,NaN,NaN,NaN,NaN,NaN,NaN,NaN,NaN,0,0,0,0,0,0,0,0,0,0,1.21715426626423e-09,6.88500658725388e-05,0.00112500856630504,0.00975954160094261,0.0668677911162376,0.154648020863533,0.188169613480568,0.156541094183922
NaN,NaN,NaN,NaN,NaN,NaN,NaN,NaN,NaN,NaN,NaN,0,0,0,0,0,0,0,0,0,0,0,1.15125819988293e-08,8.95785196917132e-05,0.00130304950289428,0.0101953148841858,0.0669773891568184,0.154588535428047,0.188167244195938,0.15660548210144
NaN,NaN,NaN,NaN,NaN,NaN,NaN,NaN,NaN,NaN,NaN,0,0,0,0,0,0,0,0,0,0,0,3.97309776190014e-07,0.000152914974023588,0.00173593813087791,0.0120598459616303,0.0686333477497101,0.154128223657608,0.189783856272697,0.158937484025955
NaN,NaN,NaN,NaN,NaN,NaN,NaN,NaN,NaN,NaN,NaN,0,0,0,0,0,0,0,0,0,0,0,2.32929664889525e-06,0.000218627246795222,0.00208627665415406,0.0131395794451237,0.0692175850272179,0.154187604784966,0.189789086580276,0.158874675631523
NaN,NaN,NaN,NaN,NaN,NaN,NaN,NaN,NaN,NaN,0,0,0,0,0,0,0,0,0,0,0,0,9.04329044715269e-06,0.000324038992403075,0.00252017960883677,0.0144646819680929,0.071168340742588,0.154026105999947,0.189794301986694,0.15881173312664
NaN,NaN,NaN,NaN,NaN,NaN,NaN,NaN,NaN,NaN,0,0,0,0,0,0,0,0,0,0,0,0,1.62907617777819e-05,0.000396865856600925,0.00301480875350535,0.0169244464486837,0.0728079751133919,0.153954237699509,0.18978725373745,0.158748671412468
0,NaN,NaN,NaN,NaN,NaN,NaN,NaN,NaN,NaN,0,0,0,0,0,0,0,0,0,0,0,0,2.30824680329533e-05,0.000472573621664196,0.00365940690971911,0.019240515306592,0.0752892941236496,0.154092505574226,0.19001367688179,0.158685475587845
0,NaN,NaN,NaN,NaN,NaN,NaN,NaN,NaN,NaN,0,0,0,0,0,0,0,0,0,0,0,0,2.55935010500252e-05,0.00053002720233053,0.00435567600652575,0.0222723893821239,0.078255221247673,0.154214784502983,0.190464988350868,0.158622145652771
0,0,NaN,NaN,NaN,NaN,NaN,NaN,NaN,NaN,NaN,0,0,0,0,0,0,0,0,0,0,6.36637173100779e-13,3.23649328493048e-05,0.000590171897783875,0.00529201561585069,0.0241791941225529,0.0808053389191628,0.15458844602108,0.190731972455978,0.158654391765594
0,0,NaN,NaN,NaN,NaN,NaN,NaN,NaN,NaN,NaN,0,0,0,0,0,0,0,0,0,0,4.68881751203298e-08,5.9374619013397e-05,0.000728379876818508,0.00647771265357733,0.025871591642499,0.0837216079235077,0.155063301324844,0.190861105918884,0.15911690890789
0,0,NaN,NaN,NaN,NaN,NaN,NaN,NaN,NaN,0,0,0,0,0,0,0,0,0,0,0,9.17943452805048e-07,0.000121288452646695,0.0010392724070698,0.00829178467392921,0.0273697748780251,0.0866023004055023,0.155523717403412,0.190916761755943,0.159260809421539
0,0,NaN,NaN,NaN,NaN,NaN,NaN,NaN,NaN,0,0,0,0,0,0,0,0,0,0,0,4.54681867267936e-06,0.000224673291086219,0.00183225236833096,0.0106799742206931,0.0298411324620247,0.0898208022117615,0.156038716435432,0.191119864583015,0.159319534897804
0,NaN,NaN,NaN,NaN,NaN,NaN,NaN,NaN,0,0,0,0,0,0,0,0,0,0,0,0,1.77422498381929e-05,0.00037536962190643,0.0027966124471277,0.0140846660360694,0.0338520258665085,0.0929564237594604,0.156459927558899,0.191324278712273,0.159315526485443
0,0,NaN,NaN,NaN,NaN,NaN,NaN,NaN,0,0,0,0,0,0,0,0,0,0,0,1.17830883938908e-10,3.5062592360191e-05,0.000667740998324007,0.00437880912795663,0.01752276904881,0.039260022342205,0.0954969078302383,0.156998664140701,0.191517382860184,0.159260600805283
0,0,NaN,NaN,NaN,NaN,NaN,NaN,NaN,0,0,0,0,0,0,0,0,0,0,0,2.61602455253751e-08,6.35518299532123e-05,0.000816741783637553,0.00603738706558943,0.0212932173162699,0.0440299808979034,0.0980890989303589,0.157551065087318,0.191567495465279,0.159197807312012
NaN,0,NaN,NaN,NaN,NaN,NaN,NaN,NaN,0,0,0,0,0,0,0,0,0,0,0,4.70752127057494e-07,0.000109780477941968,0.00132711965125054,0.0081538176164031,0.0247222576290369,0.0484928041696548,0.100037194788456,0.158102735877037,0.191561743617058,0.159099116921425
0,NaN,NaN,NaN,NaN,NaN,NaN,NaN,NaN,0,0,0,0,0,0,0,0,0,0,0,3.94002063330845e-06,0.00017841138469521,0.00163546809926629,0.0108312740921974,0.0282298307865858,0.0530195124447346,0.10159157961607,0.158616364002228,0.191569581627846,0.158962652087212
0,NaN,NaN,NaN,NaN,NaN,NaN,NaN,NaN,0,0,0,0,0,0,0,0,0,0,2.10754547147474e-09,2.24050836550305e-05,0.000276665494311601,0.00211244914680719,0.0137854693457484,0.0320689044892788,0.0577100776135921,0.103598296642303,0.159098282456398,0.191598728299141,0.158833503723145
0,NaN,NaN,NaN,NaN,NaN,NaN,NaN,NaN,0,0,0,0,0,0,0,0,0,0,1.49745346789132e-06,6.79269360261969e-05,0.000420052470872179,0.00290600885637105,0.0168298594653606,0.0362615659832954,0.0631484836339951,0.10590285807848,0.159652993083,0.191641196608543,0.158704876899719
0,NaN,NaN,NaN,NaN,NaN,NaN,NaN,NaN,0,0,0,0,0,0,0,0,0,0,1.1292605449853e-05,0.000127054576296359,0.000657906231936067,0.00418815203011036,0.0198328532278538,0.0407131686806679,0.0683164745569229,0.109089978039265,0.160227730870247,0.191745460033417,0.158570364117622
0,NaN,NaN,NaN,NaN,NaN,NaN,NaN,NaN,0,0,0,0,0,0,0,0,0,0,3.10901777993422e-05,0.000230682286201045,0.00110931729432195,0.00607678899541497,0.0229994039982557,0.0455969125032425,0.0736759379506111,0.112424544990063,0.16119672358036,0.191841244697571,0.158429965376854
0,NaN,NaN,NaN,NaN,NaN,NaN,NaN,0,0,0,0,0,0,0,0,0,0,4.49324345092039e-12,6.3860192312859e-05,0.00041083968244493,0.00193744571879506,0.00867703836411238,0.0266398303210735,0.0511219911277294,0.079733669757843,0.116327486932278,0.162440106272697,0.191979363560677,0.15827476978302
0,NaN,NaN,NaN,NaN,NaN,NaN,NaN,0,0,0,0,0,0,0,0,0,0,3.13421480768739e-07,0.000109704531496391,0.000694481597747654,0.00315647665411234,0.0117656942456961,0.0311727188527584,0.0571663230657578,0.0866117775440216,0.120677344501019,0.164114266633987,0.192326545715332,0.158053979277611
0,NaN,NaN,NaN,NaN,NaN,NaN,NaN,NaN,NaN,0,0,0,0,0,0,0,0,3.91886578654521e-06,0.000172705171280541,0.00110051920637488,0.00464730756357312,0.0146837430074811,0.0354939736425877,0.064096562564373,0.0939963981509209,0.125165179371834,0.165997043251991,0.192701041698456,0.157817676663399
0,0,NaN,NaN,NaN,NaN,NaN,NaN,NaN,0,0,0,0,0,0,0,0,0,1.63402000907809e-05,0.000253316335147247,0.00161822629161179,0.00647901883348823,0.0179951433092356,0.0392151586711407,0.0714505240321159,0.101280748844147,0.13004557788372,0.168115884065628,0.193031892180443,0.157613337039948
0,0,NaN,NaN,NaN,NaN,NaN,NaN,NaN,0,0,0,0,0,0,0,0,3.10636898148697e-11,3.64217048627324e-05,0.000363594590453431,0.00225614104419947,0.00842881109565496,0.0217803530395031,0.0429835058748722,0.0795061364769936,0.108499869704247,0.13480731844902,0.170323938131332,0.193380787968636,0.157411381602287
0,0,NaN,NaN,NaN,NaN,NaN,NaN,NaN,0,0,0,0,0,0,0,0,3.34857972461577e-08,6.04491906415205e-05,0.000502149574458599,0.00298591190949082,0.0102867679670453,0.0251824036240578,0.0468039400875568,0.0879012420773506,0.115504369139671,0.140291661024094,0.172292962670326,0.193759888410568,0.157202184200287
0,0,0,NaN,NaN,NaN,NaN,NaN,NaN,0,0,0,0,0,0,0,0,1.67423053198945e-07,9.39769815886393e-05,0.000711023632902652,0.00370235042646527,0.0120571665465832,0.0284039191901684,0.0512274987995625,0.0958183631300926,0.122830659151077,0.14548647403717,0.174469098448753,0.194039955735207,0.156985729932785
0,0,0,NaN,NaN,NaN,NaN,NaN,NaN,0,0,0,0,0,0,0,0,1.25981375731499e-06,0.000127200619317591,0.00103092845529318,0.00435985997319221,0.0135890068486333,0.0313105843961239,0.0562526024878025,0.103087678551674,0.12995857000351,0.1510349214077,0.176427572965622,0.194307014346123,0.156767815351486
0,0,0,NaN,0,NaN,NaN,NaN,NaN,0,0,0,0,0,0,0,0,2.739612455116e-06,0.000159474060637876,0.00140791770536453,0.00523056602105498,0.0147413508966565,0.0337537564337254,0.0617935694754124,0.110369823873043,0.137320831418037,0.155774354934692,0.178589656949043,0.194632202386856,0.156631007790565
0,0,0,0,0,NaN,NaN,NaN,NaN,0,0,0,0,0,0,0,0,3.62475066140178e-06,0.00019280583364889,0.00175789254717529,0.00629549100995064,0.0158562641590834,0.0359933897852898,0.0678392201662064,0.117489777505398,0.144644737243652,0.160424530506134,0.18068765103817,0.194871351122856,0.156340375542641
0,0,0,0,0,NaN,NaN,NaN,NaN,0,0,0,0,0,0,0,0,4.3306608858984e-06,0.000218878994928673,0.00214357441291213,0.00738859176635742,0.0173269938677549,0.0380394421517849,0.0744802504777908,0.125059187412262,0.150708645582199,0.164949148893356,0.182591184973717,0.195030495524406,0.15594208240509
0,0,0,0,0,0,0,NaN,0,0,0,0,0,0,0,0,0,6.44384135739529e-06,0.000260540924500674,0.00251460820436478,0.0084864916279912,0.018987849354744,0.0403037369251251,0.0822795629501343,0.132674232125282,0.156871184706688,0.168827578425407,0.184723630547523,0.195210948586464,0.155535086989403
0,0,0,0,0,0,0,NaN,0,0,0,0,0,0,0,0,0,8.57979375723517e-06,0.000320198392728344,0.00291329994797707,0.00957898329943419,0.0207127146422863,0.0432433821260929,0.0905904695391655,0.140705734491348,0.163494199514389,0.172557309269905,0.1864403039217,0.195385038852692,0.155119374394417
0,0,0,0,0,0,NaN,NaN,0,0,0,0,0,0,0,0,0,1.19768910735729e-05,0.00037762284046039,0.00355793442577124,0.0106154400855303,0.0225992575287819,0.0471517480909824,0.0990431234240532,0.149098485708237,0.170132011175156,0.175673395395279,0.188312262296677,0.195422157645226,0.154769852757454
0,0,0,0,0,0,NaN,0,0,0,0,0,0,0,0,0,0,1.32295035655261e-05,0.000459633767604828,0.00427947845309973,0.0120753757655621,0.0243832841515541,0.0508879460394382,0.107891753315926,0.15743850171566,0.176146492362022,0.178844019770622,0.189733237028122,0.195246785879135,0.154606282711029
0,0,0,0,0,0,NaN,0,0,0,0,0,0,0,0,0,0,1.64950270118425e-05,0.00055333407362923,0.00509795406833291,0.013956893235445,0.0260493047535419,0.0546465441584587,0.117381855845451,0.165068700909615,0.181825220584869,0.181606233119965,0.190905883908272,0.194997057318687,0.154463082551956
0,0,0,0,0,NaN,0,0,0,0,0,0,0,0,0,0,0,1.47440214277594e-05,0.000644644722342491,0.00597267970442772,0.0159557368606329,0.0282158628106117,0.059266421943903,0.126148521900177,0.172375828027725,0.187018141150475,0.184387892484665,0.191913485527039,0.194688230752945,0.154291898012161
0,0,0,0,0,NaN,NaN,0,0,0,0,0,0,0,0,0,1.45238793214375e-10,1.38141940624337e-05,0.000746960809919983,0.00684786401689053,0.0182165000587702,0.0308946333825588,0.063438892364502,0.134770914912224,0.179430410265923,0.192006155848503,0.186995223164558,0.192746385931969,0.194361940026283,0.154042810201645
0,0,0,0,0,NaN,0,0,0,0,0,0,0,0,0,0,5.35451638583595e-09,2.02724149858113e-05,0.000776944973040372,0.00798498746007681,0.0203464664518833,0.0336981676518917,0.0679437816143036,0.143343463540077,0.186006635427475,0.196362927556038,0.189797714352608,0.193467870354652,0.19399656355381,0.153785541653633
0,0,0,0,0,0,0,0,0,0,0,0,0,0,0,0,4.56289477313021e-08,4.25583421019837e-05,0.000858910731039941,0.00904828403145075,0.022642919793725,0.0367714650928974,0.0739612057805061,0.151271745562553,0.191678240895271,0.199956014752388,0.192237719893456,0.194097384810448,0.193581968545914,0.153504908084869
0,0,0,0,0,0,0,0,0,0,0,0,0,0,0,0,2.97167748186666e-08,8.0994468589779e-05,0.00099937233608216,0.00994709227234125,0.0252932906150818,0.0397776626050472,0.0806449130177498,0.159050539135933,0.197264134883881,0.203202873468399,0.194443002343178,0.194586023688316,0.193105965852737,0.153154075145721
0,0,0,0,0,0,0,0,0,0,0,0,0,0,0,0,5.00495360711284e-08,0.000142341959872283,0.00131530920043588,0.0108545236289501,0.0279006119817495,0.0428057946264744,0.0879923924803734,0.166644394397736,0.202703416347504,0.206206560134888,0.196304082870483,0.194953188300133,0.192582607269287,0.152789831161499
0,0,0,0,0,0,0,0,0,0,0,0,0,0,0,0,8.89685054517031e-08,0.000215658787055872,0.00161659682635218,0.0121390875428915,0.0304850470274687,0.0463047623634338,0.0964350551366806,0.173153132200241,0.207440122961998,0.208791077136993,0.197994813323021,0.195235803723335,0.192026823759079,0.152401864528656
0,0,0,0,0,0,0,0,0,0,0,0,0,0,0,0,3.38288941748033e-07,0.00030323478858918,0.00184308155439794,0.0140793528407812,0.0326134040951729,0.0499660037457943,0.105239443480968,0.179745957255363,0.211751312017441,0.210938110947609,0.199307292699814,0.195451736450195,0.191433504223824,0.151950165629387
0,0,0,0,0,0,0,0,0,0,0,0,0,0,0,0,8.68959034505679e-07,0.000485698867123574,0.00194642192218453,0.0163220297545195,0.03485406935215,0.0541189946234226,0.113791815936565,0.18605825304985,0.215539395809174,0.212703540921211,0.200128421187401,0.195717543363571,0.19075770676136,0.151509538292885
0,0,0,0,0,NaN,0,0,0,0,0,0,0,0,0,0,3.32556237481185e-06,0.000635597389191389,0.00224420940503478,0.0185355227440596,0.037214457988739,0.0590064190328121,0.123029321432114,0.191630601882935,0.21859672665596,0.214175894856453,0.200578525662422,0.195809051394463,0.190074801445007,0.151062905788422
0,NaN,0,0,0,NaN,0,0,0,0,0,0,0,0,0,0,3.73525199393043e-06,0.000809844583272934,0.00262879487127066,0.0207327306270599,0.0400976501405239,0.0645655915141106,0.131743595004082,0.197523459792137,0.221251919865608,0.215122744441032,0.200783312320709,0.195722997188568,0.189384788274765,0.150606334209442
0,NaN,NaN,0,0,NaN,0,0,NaN,0,0,0,0,0,0,0,5.78267281525768e-06,0.000994472880847752,0.0032230457291007,0.0229200720787048,0.0434751696884632,0.0715165063738823,0.140249520540237,0.202478125691414,0.223929107189178,0.215666860342026,0.200648993253708,0.195564717054367,0.188678026199341,0.150114819407463
0,NaN,NaN,0,0,NaN,0,NaN,NaN,0,0,0,0,0,0,0,1.08204685602686e-05,0.00118750589899719,0.00382684776559472,0.0256034079939127,0.04758046194911,0.0790073201060295,0.149614661931992,0.207933381199837,0.2260602414608,0.215757057070732,0.20014514029026,0.195340007543564,0.187856495380402,0.149406954646111
NaN,NaN,NaN,0,0,NaN,0,NaN,NaN,NaN,0,0,0,0,0,0,9.31471458898159e-06,0.00137335993349552,0.00456311926245689,0.0286071710288525,0.0524319559335709,0.088202677667141,0.157956302165985,0.213990360498428,0.227633893489838,0.215216681361198,0.199492573738098,0.195030182600021,0.186985224485397,0.14863683283329
NaN,NaN,NaN,NaN,NaN,NaN,NaN,NaN,NaN,NaN,0,0,0,0,0,0,2.16105763684027e-05,0.00132627005223185,0.00566927623003721,0.0321133211255074,0.0581793785095215,0.0974593833088875,0.167597144842148,0.21886995434761,0.229018107056618,0.214511886239052,0.198480844497681,0.19447223842144,0.186101049184799,0.147848933935165
NaN,NaN,NaN,NaN,NaN,NaN,NaN,NaN,NaN,NaN,0,0,0,0,0,0,7.04239500919357e-05,0.001369908452034,0.00678052986040711,0.0357712581753731,0.0651343539357185,0.10849716514349,0.175732240080833,0.224102839827538,0.229983016848564,0.213614046573639,0.19706928730011,0.193766385316849,0.185139328241348,0.147065922617912
NaN,NaN,NaN,NaN,NaN,NaN,NaN,NaN,NaN,NaN,0,0,0,0,0,0,0.000118245741759893,0.00161278375890106,0.0085325799882412,0.0399032831192017,0.0729983896017075,0.119470171630383,0.185141041874886,0.228633433580399,0.230842590332031,0.212329432368279,0.195463597774506,0.192974552512169,0.184101104736328,0.146623432636261
NaN,NaN,NaN,NaN,NaN,NaN,NaN,NaN,NaN,NaN,0,0,0,0,0,4.29139745961038e-09,0.000154310531797819,0.0016483636572957,0.0113899726420641,0.0445576831698418,0.0814352855086327,0.132185935974121,0.193565919995308,0.232975542545319,0.231357306241989,0.210688263177872,0.193950891494751,0.19218835234642,0.183046877384186,0.146299242973328
NaN,NaN,NaN,NaN,NaN,NaN,NaN,NaN,NaN,NaN,NaN,0,0,0,0,2.86825407869173e-08,0.000189110651263036,0.00165222876239568,0.0145447328686714,0.0503055676817894,0.0913870558142662,0.144185423851013,0.202600121498108,0.236968860030174,0.231531962752342,0.208843573927879,0.192199662327766,0.191316604614258,0.181937202811241,0.145864263176918
NaN,NaN,NaN,NaN,NaN,NaN,NaN,NaN,NaN,NaN,NaN,0,0,0,0,2.82147624375284e-07,0.000214724728721194,0.00195138051640242,0.0186503641307354,0.0568171553313732,0.101516164839268,0.15775029361248,0.210109129548073,0.240654736757278,0.231799647212029,0.206642583012581,0.190122425556183,0.190355256199837,0.180786535143852,0.145354568958282
NaN,NaN,NaN,NaN,NaN,NaN,NaN,NaN,NaN,NaN,NaN,0,0,0,0,5.34614400748978e-07,0.00026386437821202,0.00279082963243127,0.023459542542696,0.0638206303119659,0.113368965685368,0.170366913080215,0.21883499622345,0.24382820725441,0.231433063745499,0.204466432332993,0.188027709722519,0.189265832304955,0.179571941494942,0.144831269979477
NaN,NaN,NaN,NaN,NaN,NaN,NaN,NaN,NaN,NaN,NaN,0,0,0,0,5.45326948042657e-08,0.000383861479349434,0.00451000640168786,0.0288916919380426,0.0718630105257034,0.126026228070259,0.183193102478981,0.226602822542191,0.246193632483482,0.230653330683708,0.201778247952461,0.186085790395737,0.188142120838165,0.178302511572838,0.144294381141663
0,NaN,NaN,NaN,NaN,NaN,NaN,NaN,NaN,NaN,0,0,0,0,0,1.79310836756486e-06,0.000523134134709835,0.00736745959147811,0.0354022160172462,0.0812398791313171,0.138852044939995,0.195796236395836,0.23385488986969,0.248011216521263,0.22966992855072,0.198765575885773,0.183677941560745,0.187182307243347,0.176966026425362,0.143734872341156
0,NaN,NaN,NaN,NaN,NaN,NaN,NaN,NaN,NaN,0,0,0,0,0,1.23745066957781e-05,0.000748452730476856,0.0108570093289018,0.0430373921990395,0.0913224816322327,0.152695819735527,0.208076894283295,0.2410768866539,0.249418124556541,0.228005602955818,0.196417048573494,0.180978819727898,0.186084315180779,0.17567278444767,0.142967343330383
NaN,NaN,NaN,NaN,NaN,NaN,NaN,NaN,NaN,NaN,0,0,0,2.75562577201072e-08,2.66923478875469e-07,2.74376034212764e-05,0.00105077272746712,0.0150782661512494,0.0518202446401119,0.102511897683144,0.166178211569786,0.219838559627533,0.248734027147293,0.251017808914185,0.226113438606262,0.193462625145912,0.178796902298927,0.184672385454178,0.174651190638542,0.142096519470215
0,NaN,NaN,NaN,NaN,NaN,NaN,NaN,NaN,NaN,0,0,0,6.32194723948487e-06,1.89844904525671e-05,6.79633230902255e-05,0.00149969314225018,0.0195703078061342,0.0612315535545349,0.115019977092743,0.179468989372253,0.229563891887665,0.255927115678787,0.252078115940094,0.22465443611145,0.189989775419235,0.176835998892784,0.183033213019371,0.173624858260155,0.141197696328163
0,NaN,NaN,NaN,NaN,NaN,NaN,NaN,NaN,NaN,0,0,0,3.97293115383945e-05,0.000127547697047703,0.000147240876685828,0.00225547421723604,0.0238631963729858,0.0714553222060204,0.128388181328773,0.192696824669838,0.238170936703682,0.261763006448746,0.253045260906219,0.222313553094864,0.187285333871841,0.17432314157486,0.181575998663902,0.172540336847305,0.140255615115166
0,0,NaN,NaN,NaN,NaN,NaN,NaN,NaN,NaN,0,0,1.26832695457324e-08,0.000111410095996689,0.000307209556922317,0.00031519285403192,0.00327262352220714,0.0284419562667608,0.0822331756353378,0.142446294426918,0.204648077487946,0.246772065758705,0.267150163650513,0.253437072038651,0.220262616872787,0.184218034148216,0.171725243330002,0.18021422624588,0.171410903334618,0.13913705945015
0,NaN,NaN,NaN,NaN,NaN,NaN,NaN,NaN,NaN,0,0,3.82634119944214e-08,0.000267297582468018,0.000945725245401263,0.000745602999813855,0.00459630694240332,0.0336112715303898,0.0938816666603088,0.156665772199631,0.215650334954262,0.255672782659531,0.271291196346283,0.253694325685501,0.217911899089813,0.180689692497253,0.169699296355247,0.178775742650032,0.170132160186768,0.137943342328072
0,NaN,NaN,NaN,NaN,NaN,NaN,NaN,NaN,NaN,0,0,1.620248326617e-07,0.000445701734861359,0.00256195687688887,0.00215156609192491,0.00655199447646737,0.0395159050822258,0.106732293963432,0.170657798647881,0.226187750697136,0.264201819896698,0.2747583091259,0.253525644540787,0.215029776096344,0.177958652377129,0.167570546269417,0.177244797348976,0.168740823864937,0.136690065264702
0,NaN,NaN,NaN,NaN,NaN,NaN,NaN,NaN,NaN,0,0,1.10188022972579e-06,0.00058945914497599,0.00472414353862405,0.00565545307472348,0.00942138768732548,0.046515166759491,0.120116829872131,0.18431131541729,0.235530272126198,0.271538585424423,0.277068167924881,0.253069281578064,0.212511911988258,0.174854353070259,0.16526734828949,0.175614029169083,0.167321890592575,0.135701805353165
0,NaN,NaN,NaN,NaN,NaN,NaN,NaN,NaN,NaN,0,0,3.60694434675679e-06,0.000744633842259645,0.00714087253436446,0.0103542087599635,0.0142596662044525,0.0548151135444641,0.133331477642059,0.197854235768318,0.244119212031364,0.277905315160751,0.278571575880051,0.25225955247879,0.209298774600029,0.171886324882507,0.163398712873459,0.17407451570034,0.166091963648796,0.135227084159851
0,NaN,NaN,NaN,NaN,NaN,NaN,NaN,NaN,NaN,0,0,6.10840197623475e-06,0.000948770495597273,0.0102951200678945,0.016852730885148,0.021804491057992,0.0651584789156914,0.146572515368462,0.211078956723213,0.25211775302887,0.282775044441223,0.279476881027222,0.250963926315308,0.206403732299805,0.169066667556763,0.161596015095711,0.172522246837616,0.164806976914406,0.134731620550156
0,NaN,NaN,NaN,NaN,NaN,NaN,NaN,NaN,0,0,0,1.03438724181615e-05,0.00122390850447118,0.0138812251389027,0.0248950645327568,0.0342745520174503,0.0786339938640594,0.159767165780067,0.222932636737823,0.259357005357742,0.286408185958862,0.27938973903656,0.249802306294441,0.20323620736599,0.166262596845627,0.159700214862823,0.170911535620689,0.163413643836975,0.134215220808983
NaN,NaN,NaN,NaN,NaN,NaN,NaN,NaN,NaN,0,0,0,1.63071454153396e-05,0.00156389898620546,0.0175882317125797,0.0338239073753357,0.0499237850308418,0.0943742692470551,0.172565311193466,0.233708366751671,0.265828728675842,0.288847178220749,0.278795957565308,0.247814401984215,0.199882343411446,0.164189696311951,0.158376559615135,0.169342145323753,0.161934152245522,0.133610889315605
NaN,NaN,NaN,NaN,NaN,NaN,NaN,NaN,NaN,0,0,0,2.36580708588008e-05,0.00199734349735081,0.0213411189615726,0.0440646223723888,0.0631897076964378,0.111560896039009,0.186991006135941,0.243286594748497,0.27162703871727,0.290308892726898,0.279161632061005,0.245942115783691,0.196418434381485,0.161472097039223,0.157027706503868,0.168288186192513,0.1603182554245,0.132806167006493
NaN,NaN,NaN,NaN,NaN,NaN,NaN,NaN,NaN,0,0,0,3.1223360565491e-05,0.00240412820130587,0.0249857641756535,0.0541039742529392,0.0776485130190849,0.130422309041023,0.201918572187424,0.251350522041321,0.276446282863617,0.291092604398727,0.277550935745239,0.242937594652176,0.194009095430374,0.159342333674431,0.15562430024147,0.167364284396172,0.158638477325439,0.131949886679649
NaN,NaN,NaN,NaN,NaN,NaN,NaN,NaN,NaN,0,0,0,3.74664559785742e-05,0.00267156888730824,0.028074637055397,0.0639057904481888,0.0955183655023575,0.14987576007843,0.215424105525017,0.258168131113052,0.280194938182831,0.291343659162521,0.274858415126801,0.240219801664352,0.190763249993324,0.157795399427414,0.154706567525864,0.165995836257935,0.157675206661224,0.131010144948959
NaN,NaN,NaN,NaN,NaN,NaN,NaN,NaN,NaN,0,0,0,4.29678802902345e-05,0.00267548114061356,0.0298024713993073,0.0738350301980972,0.115281492471695,0.169784605503082,0.227575346827507,0.263716191053391,0.282591313123703,0.289627820253372,0.272653579711914,0.236022919416428,0.188416823744774,0.155927062034607,0.154155686497688,0.164640977978706,0.156844437122345,0.129785105586052
NaN,NaN,NaN,NaN,NaN,NaN,NaN,NaN,NaN,0,0,0,4.45965160906781e-05,0.00233216071501374,0.0298631004989147,0.0834609866142273,0.134487822651863,0.189140304923058,0.238596305251122,0.267790853977203,0.283576160669327,0.28680807352066,0.270693480968475,0.233249545097351,0.184587880969048,0.155020073056221,0.153557747602463,0.163643255829811,0.155906796455383,0.128442913293839
NaN,NaN,NaN,NaN,NaN,NaN,NaN,NaN,NaN,0,0,0,3.95276001654565e-05,0.00189118948765099,0.0285330619663,0.0920940712094307,0.151175171136856,0.205493777990341,0.246851459145546,0.270389318466187,0.283276110887527,0.28314608335495,0.269387751817703,0.229544520378113,0.182430610060692,0.153933703899384,0.153149902820587,0.16291444003582,0.154824569821358,0.126801937818527
NaN,NaN,NaN,NaN,NaN,NaN,NaN,NaN,NaN,0,0,0,2.49276308750268e-05,0.00153361610136926,0.0261087901890278,0.0979636311531067,0.164541766047478,0.217256799340248,0.252716034650803,0.271302908658981,0.28176686167717,0.279745578765869,0.266901642084122,0.226717919111252,0.179329395294189,0.153422728180885,0.153069868683815,0.16246072947979,0.153589367866516,0.124898761510849
NaN,NaN,NaN,NaN,NaN,NaN,NaN,NaN,NaN,0,0,0,1.49386823977693e-05,0.00123612256720662,0.0231930930167437,0.10025617480278,0.173164173960686,0.225181207060814,0.255863130092621,0.269634187221527,0.278626590967178,0.277432173490524,0.264479279518127,0.22275573015213,0.177029237151146,0.153404414653778,0.153376221656799,0.162249103188515,0.152233853936195,0.122757449746132
NaN,NaN,NaN,NaN,NaN,NaN,NaN,NaN,NaN,NaN,0,0,5.73050465391134e-06,0.000923615007195622,0.0202134530991316,0.0997151061892509,0.176575675606728,0.228413984179497,0.255837351083755,0.265712648630142,0.274342715740204,0.27566060423851,0.262907981872559,0.219414338469505,0.174232631921768,0.153364464640617,0.153843000531197,0.161644995212555,0.151149481534958,0.12203411012888
NaN,NaN,NaN,NaN,NaN,NaN,NaN,NaN,NaN,NaN,0,0,1.8881956975747e-06,0.000690789485815912,0.0174383297562599,0.0979364886879921,0.174712941050529,0.2263453155756,0.252041459083557,0.259728759527206,0.269576698541641,0.272451132535934,0.260569721460342,0.215676873922348,0.172016561031342,0.153949230909348,0.154330983757973,0.160727053880692,0.15021313726902,0.122059538960457
NaN,NaN,NaN,NaN,NaN,NaN,NaN,NaN,NaN,NaN,0,0,4.38334879504509e-08,0.000487632350996137,0.0154573442414403,0.095116063952446,0.168534427881241,0.220347136259079,0.24388000369072,0.252040863037109,0.263938248157501,0.26867201924324,0.258386880159378,0.212176278233528,0.169296354055405,0.154023915529251,0.155222579836845,0.160148054361343,0.149069592356682,0.122084856033325
NaN,NaN,NaN,NaN,NaN,NaN,NaN,NaN,NaN,NaN,0,0,0,0.000287764967652038,0.0124200182035565,0.0886659324169159,0.157988458871841,0.208687707781792,0.23203182220459,0.242793217301369,0.25723859667778,0.263865739107132,0.254223734140396,0.208141252398491,0.167760282754898,0.154638335108757,0.15595518052578,0.160316228866577,0.147736936807632,0.122110061347485
NaN,NaN,NaN,NaN,NaN,NaN,NaN,NaN,NaN,NaN,0,0,0,0.000113574737042654,0.00943729747086763,0.0745508819818497,0.142980262637138,0.192733719944954,0.216891661286354,0.23119530081749,0.249356791377068,0.258054196834564,0.250353991985321,0.205083563923836,0.164976269006729,0.156238347291946,0.156602114439011,0.160805150866508,0.146050587296486,0.122135154902935
NaN,NaN,NaN,NaN,NaN,NaN,NaN,NaN,NaN,0,0,0,0,5.01230715599377e-05,0.0056403698399663,0.0530100874602795,0.121920093894005,0.172813832759857,0.198028326034546,0.218081891536713,0.240423306822777,0.252320170402527,0.245970293879509,0.20020554959774,0.164300754666328,0.156848475337029,0.158395931124687,0.160819157958031,0.144164070487022,0.122160136699677
NaN,NaN,NaN,NaN,NaN,NaN,NaN,NaN,NaN,0,0,0,0,9.23485913517652e-06,0.00250199832953513,0.0278613101691008,0.094061866402626,0.150860801339149,0.177412644028664,0.203703716397285,0.231034934520721,0.246283009648323,0.239905431866646,0.197485640645027,0.161635980010033,0.158201903104782,0.159827291965485,0.160402819514275,0.143319442868233,0.122184999287128
NaN,NaN,NaN,NaN,NaN,NaN,NaN,NaN,NaN,0,0,0,0,7.53364815864188e-07,0.00130946235731244,0.0110425436869264,0.0629602298140526,0.127598032355309,0.157193139195442,0.188224971294403,0.220922634005547,0.239725023508072,0.234831154346466,0.192103251814842,0.161328479647636,0.160882711410522,0.159831985831261,0.160798147320747,0.143369600176811,0.122209757566452
NaN,NaN,NaN,NaN,NaN,NaN,NaN,NaN,NaN,0,0,0,NaN,NaN,0.000657191092614084,0.00411566300317645,0.0366607345640659,0.105371564626694,0.139196261763573,0.171322047710419,0.210390016436577,0.232422053813934,0.229421973228455,0.188712298870087,0.158979177474976,0.161019563674927,0.161154866218567,0.161892026662827,0.143419712781906,0.122234396636486
NaN,NaN,NaN,NaN,NaN,NaN,NaN,NaN,NaN,0,0,0,NaN,NaN,0.000257656414760277,0.00159572658594698,0.0213006436824799,0.0796205699443817,0.122925207018852,0.153483271598816,0.199227169156075,0.224980518221855,0.221633195877075,0.18496136367321,0.158981278538704,0.163798302412033,0.162217080593109,0.161911383271217,0.143469750881195,0.122258916497231
NaN,NaN,NaN,NaN,NaN,NaN,NaN,NaN,NaN,0,0,0,NaN,NaN,6.70332010486163e-05,0.000637268996797502,0.0111825121566653,0.0559570789337158,0.104822628200054,0.136675223708153,0.187817975878716,0.216934889554977,0.216614678502083,0.180365458130836,0.157700583338737,0.165627613663673,0.162214666604996,0.161930203437805,0.143519714474678,0.122283332049847
NaN,NaN,NaN,NaN,NaN,NaN,NaN,NaN,NaN,0,0,0,0,NaN,2.24312316277064e-06,0.000165292178280652,0.0056960778310895,0.0382616892457008,0.0853858962655067,0.122466593980789,0.174704343080521,0.208483785390854,0.211784690618515,0.178580045700073,0.157645627856255,0.165626987814903,0.162209033966064,0.161949023604393,0.143569633364677,0.122307628393173
NaN,NaN,NaN,NaN,NaN,NaN,NaN,NaN,NaN,0,0,0,0,NaN,0,4.21801405536826e-06,0,0.0282965712249279,0.0629596263170242,0.1082858517766,0.160635590553284,0.196981191635132,0.201823770999908,0.17099629342556,0.157242864370346,0.169731318950653,0.164854854345322,0.164849981665611,0.138406008481979,0.10615324229002
NaN,NaN,NaN,NaN,NaN,NaN,NaN,NaN,NaN,0,0,0,0,0,0,3.18813313526789e-08,0,0.0162485130131245,0.0429643765091896,0.0948453843593597,0.14860525727272,0.188271552324295,0.196201384067535,0.168788120150566,0.157220050692558,0.169726848602295,0.164867907762527,0.164819970726967,0.138340279459953,0.106096290051937
NaN,NaN,NaN,NaN,NaN,NaN,NaN,NaN,NaN,0,0,0,0,0,0,0,0,0.00654661515727639,0.0258731320500374,0.0817801654338837,0.137049615383148,0.179344728589058,0.190215528011322,0.163106396794319,0.157699748873711,0.171262070536613,0.1648830473423,0.164789929986,0.138274490833282,0.106039091944695
NaN,NaN,NaN,NaN,NaN,NaN,NaN,NaN,NaN,0,0,0,NaN,0,0,0,0,0.00302600348368287,0.0153800677508116,0.0692061856389046,0.125989332795143,0.170415982604027,0.181125521659851,0.159197419881821,0.158051416277885,0.173274457454681,0.168096497654915,0.164760857820511,0.138208597898483,0.105981655418873
NaN,NaN,NaN,NaN,NaN,NaN,NaN,NaN,0,0,0,NaN,NaN,0,0,0,4.94586004151643e-07,0.00103917950764298,0.00881752744317055,0.0559383071959019,0.114635832607746,0.160316288471222,0.174902975559235,0.155966967344284,0.159027934074402,0.173506677150726,0.171014726161957,0.166804879903793,0.138142630457878,0.105923980474472
NaN,NaN,NaN,NaN,NaN,NaN,NaN,NaN,0,0,0,0,0,0,0,0,9.45429263765618e-08,0.00048058302490972,0.00588288763538003,0.0438408739864826,0.102630414068699,0.150988757610321,0.168795093894005,0.151852041482925,0.159868195652962,0.177254199981689,0.171113044023514,0.168662130832672,0.138076573610306,0.105866059660912
NaN,NaN,NaN,NaN,NaN,NaN,NaN,0,0,0,0,0,0,0,0,0,1.10523024066111e-09,0.000150230960571207,0.00413991417735815,0.0340682119131088,0.0902935341000557,0.141294032335281,0.161509141325951,0.149982109665871,0.161089077591896,0.17930656671524,0.174964219331741,0.168932378292084,0.138139128684998,0.105807892978191
NaN,NaN,NaN,NaN,NaN,NaN,NaN,0,0,NaN,0,NaN,NaN,0,0,0,7.61653726200073e-11,2.20687143155374e-05,0.00360426376573741,0.0261055529117584,0.0780314430594444,0.132263615727425,0.155432343482971,0.146757438778877,0.162631794810295,0.181729212403297,0.179136261343956,0.168809860944748,0.138003572821617,0.105749487876892
NaN,NaN,NaN,NaN,NaN,NaN,NaN,NaN,0,NaN,0,NaN,0,0,0,0,0,1.08710132451506e-07,0.00108853040728718,0.020384581759572,0.0663082301616669,0.122359432280064,0.149719387292862,0.144597560167313,0.16319727897644,0.186449691653252,0.180345639586449,0.169725850224495,0.137586012482643,0.105690844357014
NaN,NaN,NaN,NaN,NaN,NaN,NaN,NaN,0,NaN,NaN,NaN,0,0,0,0,0,7.69115104937157e-10,0.000336660916218534,0.0161545723676682,0.0553234443068504,0.112517148256302,0.143428519368172,0.142046615481377,0.165006473660469,0.189044639468193,0.18340277671814,0.171339109539986,0.137108817696571,0.105631954967976
NaN,NaN,NaN,NaN,NaN,NaN,NaN,NaN,0,0,NaN,NaN,0,0,0,0,0,2.13891553357826e-07,0.000473578402306885,0.0116378404200077,0.0452558323740959,0.102671086788177,0.137057512998581,0.138925015926361,0.165279179811478,0.192135781049728,0.186647772789001,0.172355845570564,0.136612370610237,0.105572827160358
NaN,NaN,NaN,NaN,NaN,NaN,NaN,0,0,0,NaN,0,0,0,0,0,0,1.0562163765826e-07,0.000819724868051708,0.0086689880117774,0.0364883840084076,0.0921281650662422,0.130732297897339,0.136260285973549,0.166448011994362,0.196115970611572,0.188559412956238,0.172980025410652,0.135951176285744,0.105513453483582
NaN,NaN,NaN,NaN,NaN,NaN,NaN,0,0,0,NaN,0,0,0,0,0,0,2.49498466331488e-08,0.00109205511398613,0.0121059054508805,0.0292537175118923,0.0815508365631104,0.124833695590496,0.133640512824059,0.167096704244614,0.19919054210186,0.19154392182827,0.173876285552979,0.135638028383255,0.105055473744869
NaN,NaN,NaN,NaN,NaN,NaN,NaN,NaN,0,0,NaN,NaN,NaN,0,0,0,0,3.73746811277442e-09,0.000527509720996022,0.0136404214426875,0.0238323081284761,0.0720616728067398,0.118111453950405,0.130915284156799,0.167542889714241,0.201563715934753,0.194153636693954,0.174804180860519,0.135819971561432,0.103884905576706
NaN,NaN,NaN,NaN,NaN,NaN,NaN,NaN,0,0,NaN,NaN,0,0,0,0,0,1.01410269071067e-09,5.69293697481044e-05,0.0126885585486889,0.0222047548741102,0.0624330453574657,0.110994443297386,0.128750026226044,0.167128577828407,0.204461351037025,0.195808380842209,0.175469905138016,0.135815471410751,0.102957703173161
NaN,NaN,NaN,NaN,NaN,NaN,NaN,NaN,0,0,NaN,0,0,0,0,0,0,1.69975093028407e-11,3.73026996385306e-05,0.0144489984959364,0.0221568699926138,0.0526761114597321,0.104487255215645,0.125617563724518,0.166672840714455,0.204988971352577,0.198259457945824,0.175959169864655,0.135728389024734,0.102127619087696
NaN,NaN,NaN,NaN,NaN,NaN,NaN,NaN,0,0,0,0,0,0,0,0,0,5.14902898963998e-13,1.0360406122345e-05,0.0183843802660704,0.0230954736471176,0.0449521355330944,0.0971457436680794,0.123458616435528,0.165048465132713,0.204705938696861,0.200811833143234,0.176728218793869,0.135576829314232,0.101387023925781
NaN,NaN,NaN,NaN,NaN,NaN,NaN,0,0,0,0,0,0,0,0,0,0,0,4.22705603853046e-09,0.0174043029546738,0.0238770935684443,0.0394102968275547,0.0899660065770149,0.119618728756905,0.16410094499588,0.205444559454918,0.202210262417793,0.17805290222168,0.135357409715652,0.100681103765965
NaN,NaN,NaN,NaN,NaN,NaN,NaN,0,0,0,0,0,0,0,0,0,0,0,0,0.0167944636195898,0.0261980853974819,0.0340885929763317,0.0828159376978874,0.116281941533089,0.161552548408508,0.206920608878136,0.203787744045258,0.179182127118111,0.135228529572487,0.0999990254640579
NaN,NaN,NaN,NaN,NaN,NaN,NaN,0,0,0,0,0,0,0,0,0,0,1.46917634308297e-12,0.000799753179308027,0.0176087599247694,0.0323256552219391,0.030655276030302,0.0761640593409538,0.113715417683125,0.159458175301552,0.207432195544243,0.206264987587929,0.179933220148087,0.135505706071854,0.0993396192789078
NaN,NaN,NaN,NaN,NaN,NaN,NaN,0,0,0,0,0,0,0,0,0,0,2.43775843955518e-09,0.000950433546677232,0.0180501472204924,0.044797170907259,0.0291018337011337,0.0708043277263641,0.112287238240242,0.156629949808121,0.206838324666023,0.208372384309769,0.180853456258774,0.135743260383606,0.0987049415707588
NaN,NaN,NaN,NaN,NaN,NaN,NaN,0,0,0,0,0,NaN,NaN,0,0,0,1.26101724617911e-07,0.000655779673252255,0.0213434249162674,0.0559125505387783,0.0279519464820623,0.0661031827330589,0.109858803451061,0.152413055300713,0.20640404522419,0.209816217422485,0.18265537917614,0.135858550667763,0.0981193333864212
NaN,NaN,NaN,NaN,NaN,NaN,NaN,NaN,0,0,0,0,0,0,0,0,0,8.82858967088396e-06,0.000949698325712234,0.0246994197368622,0.0626336634159088,0.0272749792784452,0.061651773750782,0.106500245630741,0.148363709449768,0.203121036291122,0.211344063282013,0.184389874339104,0.135864198207855,0.0975585430860519
NaN,NaN,NaN,NaN,NaN,NaN,NaN,0,0,0,0,0,0,0,0,0,0,9.76848969003186e-05,0.00223022256977856,0.0262099243700504,0.0716190040111542,0.0276246145367622,0.0568283572793007,0.103369817137718,0.143660128116608,0.200458988547325,0.21260878443718,0.185750558972359,0.135704383254051,0.0970101654529572
NaN,NaN,NaN,NaN,NaN,NaN,NaN,0,0,0,0,0,0,0,0,0,0,0.000123958801850677,0.00485329329967499,0.021911034360528,0.0911893621087074,0.0281162410974503,0.0525948069989681,0.099612221121788,0.138281866908073,0.197841420769691,0.213717624545097,0.186853408813477,0.135433316230774,0.0964741632342339
0,0,NaN,NaN,NaN,NaN,NaN,NaN,0,0,NaN,NaN,0,NaN,0,0,0,3.74471819668543e-05,0.00759256910532713,0.0214903764426708,0.15053591132164,0.0261693857610226,0.0483785830438137,0.0956897810101509,0.134173601865768,0.194748595356941,0.214118450880051,0.188070401549339,0.135549068450928,0.0958386957645416
0,0,0,NaN,NaN,NaN,NaN,NaN,0,0,NaN,0,0,0,0,0,0,0.00034241855610162,0.00985560100525618,0.0208474230021238,NaN,0.022163487970829,0.044588316231966,0.0915746092796326,0.128561794757843,0.192220658063889,0.214536502957344,0.189060106873512,0.13572134077549,0.0950782895088196
0,0,0,0,NaN,NaN,NaN,NaN,NaN,0,0,0,0,0,0,0,6.04828853667527e-09,0.000446371734142303,0.00672106631100178,NaN,NaN,0.0249802842736244,0.0415450558066368,0.0868590101599693,0.123710192739964,0.188324257731438,0.214999362826347,0.189767867326736,0.135748416185379,0.0944228023290634
0,0,0,0,NaN,NaN,NaN,NaN,NaN,0,0,0,0,0,0,0,1.33540865476789e-07,0.000451493222499266,0.00411300361156464,NaN,NaN,0.0314620956778526,0.0394293516874313,0.0813154131174088,0.118713282048702,0.184944018721581,0.214863389730453,0.190299898386002,0.135602280497551,0.0937748551368713
0,0,0,0,0,NaN,NaN,NaN,0,0,0,0,0,0,0,NaN,9.20197340548157e-09,0.000447143625933677,0.00198810850270092,NaN,0.0447944030165672,0.0406537801027298,0.0379402637481689,0.0757269635796547,0.112687185406685,0.182150110602379,0.214404582977295,0.190808236598969,0.135323897004128,0.093044675886631
0,0,0,0,0,NaN,NaN,NaN,0,0,0,0,0,0,0,0,6.66498540385918e-13,0.000565133756026626,0.00207579997368157,NaN,0.0438468493521214,0.0465251207351685,0.0355809181928635,0.0696187093853951,0.108147732913494,0.1777613312006,0.213987290859222,0.191470682621002,0.134897112846375,0.0923153162002563
0,0,0,0,0,NaN,NaN,0,0,0,0,0,NaN,0,0,0,0,0.000709612912032753,0.0054407874122262,NaN,0.050995297729969,0.0498158596456051,0.0328412838280201,0.064281553030014,0.102569401264191,0.173364669084549,0.213404908776283,0.191965818405151,0.134382158517838,0.0915966778993607
0,0,0,0,0,0,NaN,0,0,0,0,0,NaN,0,0,0,0,0.000348602363374084,0.0151596898213029,0.0262779593467712,0.0465767420828342,NaN,0.0318606980144978,0.0594424344599247,0.0971604213118553,0.169000953435898,0.211956411600113,0.192146480083466,0.13407738506794,0.0908769369125366
0,0,0,0,0,0,0,0,0,0,0,NaN,0,0,0,0,0,0.000359545752871782,0.0123028820380569,0.0349638201296329,0.0453690029680729,NaN,0.0306085348129272,0.0558540299534798,0.0915817618370056,0.162733912467957,0.210343420505524,0.192047715187073,0.133788883686066,0.0901377499103546
0,0,0,0,NaN,0,0,0,0,0,0,NaN,0,0,0,0,0,0.000541227986104786,0.00263940612785518,0.0368770882487297,0.0556165911257267,NaN,0.0304905492812395,0.0525811351835728,0.0856837928295135,0.156281888484955,0.208640068769455,0.191722124814987,0.133455872535706,0.0894004106521606
0,0,0,0,NaN,0,0,NaN,NaN,0,0,NaN,0,0,0,0,0,0.000179496346390806,0.0015319500816986,0.0379894264042377,0.0866842269897461,NaN,0.0340579263865948,0.0488114878535271,0.080128088593483,0.15033994615078,0.205387607216835,0.191298246383667,0.132931515574455,0.0886657312512398
0,0,0,0,0,0,0,NaN,NaN,0,0,NaN,NaN,0,0,0,0,NaN,NaN,0.036952082067728,0.0973250865936279,NaN,0.0346847288310528,0.0450323931872845,0.0748834013938904,0.143720388412476,0.201213911175728,0.190647155046463,0.132234483957291,0.087933711707592
0,0,0,0,0,0,0,0,0,0,0,NaN,NaN,0,0,0,0,NaN,NaN,NaN,0.103178285062313,NaN,0.0376640670001507,0.0414933711290359,0.0697137415409088,0.137320905923843,0.196929931640625,0.189872026443481,0.131410479545593,0.0871958509087563
0,0,0,0,0,0,0,0,0,0,NaN,NaN,NaN,0,0,NaN,0,NaN,NaN,NaN,0.152748197317123,NaN,0.0391297824680805,0.0380091927945614,0.0643185004591942,0.1304791867733,0.192604318261147,0.189003676176071,0.130504310131073,0.0864594280719757
0,0,0,0,0,0,0,0,0,0,NaN,NaN,NaN,0,0,0,0,NaN,NaN,NaN,0.16345377266407,NaN,0.0267093293368816,0.0351541973650455,0.0598658882081509,0.123759068548679,0.187317728996277,0.187633082270622,0.12972030043602,0.085817351937294
0,0,0,0,0,0,0,0,0,0,0,NaN,NaN,0,0,0,0,0,NaN,NaN,NaN,NaN,NaN,0.0319231562316418,0.0549009218811989,0.117870584130287,0.182567968964577,0.185838088393211,0.129006892442703,0.0851421132683754
0,0,0,0,0,0,0,0,0,0,0,NaN,NaN,0,0,0,0,1.86687771019933e-06,NaN,NaN,NaN,NaN,0.0304049775004387,0.0277963988482952,0.0495905987918377,0.111633844673634,0.178567662835121,0.18409888446331,0.12811690568924,0.0844651237130165
0,0,0,0,0,0,0,0,0,0,0,NaN,NaN,0,0,0,1.2695370310567e-09,6.20391510892659e-05,0.000244025402935222,NaN,NaN,NaN,NaN,0.0240656342357397,0.0459950119256973,0.10480772703886,0.174907341599464,0.18251845240593,0.127134501934052,0.0837901160120964
NaN,NaN,0,0,0,0,0,0,0,0,NaN,NaN,0,0,0,0,1.74554330101273e-07,0.000110572684207,0.000403440761147067,NaN,NaN,NaN,NaN,0.0213359631597996,0.0431424342095852,0.100011371076107,0.170598104596138,0.180954068899155,0.126148387789726,0.0830971598625183
NaN,NaN,0,0,0,0,0,0,0,0,NaN,NaN,0,0,0,0,2.82690848507627e-06,0.000194986248970963,0.000714257941581309,0.00377874821424484,NaN,NaN,NaN,0.0216445419937372,0.0412069298326969,0.0953301340341568,0.166860297322273,0.179245799779892,0.125122904777527,0.0823191776871681
NaN,NaN,0,0,0,0,0,0,0,NaN,NaN,NaN,0,0,0,0,2.36990872508613e-05,0.000329838512698188,0.00295701390132308,0.00691240048035979,NaN,NaN,NaN,0.0227752421051264,0.0412046276032925,0.08918147534132,0.163989648222923,0.177565231919289,0.124056294560432,0.081524483859539
NaN,NaN,0,0,0,0,0,0,0,NaN,NaN,0,0,0,0,0,8.88911235961132e-05,0.000752038497012109,0.00486957374960184,0.0150002967566252,NaN,NaN,NaN,0.026444336399436,0.0414144322276115,0.0823863968253136,0.161469921469688,0.175856277346611,0.122864067554474,0.0807218179106712
NaN,0,0,0,0,NaN,0,0,0,NaN,NaN,0,0,0,0,0,0.000185915603651665,0.00136568094603717,0.00686091091483831,0.0231891628354788,NaN,NaN,NaN,0.0303984060883522,0.0410555899143219,0.0765629857778549,0.158183947205544,0.174095720052719,0.121486321091652,0.0799470022320747
NaN,0,0,0,NaN,NaN,NaN,NaN,NaN,NaN,NaN,0,0,0,0,0,0.000197381610632874,0.0021048947237432,0.0104127181693912,0.0314681306481361,0.0779465585947037,NaN,NaN,0.0326455868780613,0.0407034829258919,0.0714750215411186,0.153866276144981,0.172143056988716,0.120187699794769,0.079394519329071
NaN,0,0,NaN,NaN,NaN,NaN,NaN,NaN,NaN,0,0,0,0,0,0,9.35706993914209e-05,0.00422734068706632,0.0161160156130791,0.0407998822629452,0.0789593309164047,NaN,NaN,0.0363380648195744,0.0404627993702888,0.0662246346473694,0.149249285459518,0.169981554150581,0.118907563388348,0.0787668079137802
0,0,0,NaN,NaN,NaN,NaN,NaN,NaN,NaN,0,0,0,0,0,2.29598583700863e-07,9.02232477528742e-06,0.012680796906352,0.0173805858939886,0.0407571755349636,0.0806291326880455,NaN,NaN,0.0378432832658291,0.0402141809463501,0.0611811578273773,0.144749313592911,0.167664632201195,0.117471486330032,0.0781008750200272
0,0,0,0,NaN,NaN,NaN,NaN,0,0,0,0,0,0,0,5.78810704610078e-06,0.000155832778546028,0.0169340446591377,NaN,0.0398299656808376,0.0870673358440399,NaN,NaN,0.0401413440704346,0.0392286963760853,0.0564427971839905,0.140504851937294,0.165123760700226,0.115935087203979,0.0774267092347145
0,0,0,0,NaN,0,0,NaN,0,0,0,0,0,0,0,6.60442019579932e-05,0.000629347283393145,NaN,NaN,0.0391665101051331,0.088348925113678,0.114404104650021,NaN,0.0415679700672626,0.0384419746696949,0.0527160838246346,0.135636270046234,0.162423998117447,0.114520348608494,0.0767328217625618
0,0,0,0,0,0,0,NaN,0,0,0,0,0,0,0,0.000162299547810107,0.00098634697496891,NaN,NaN,0.0328388251364231,0.0838393718004227,0.116749711334705,0.0350074656307697,0.0437650978565216,0.0373060442507267,0.0490831024944782,0.130600824952126,0.159849867224693,0.113159492611885,0.0760259330272675
0,0,0,NaN,0,0,NaN,0,0,0,0,0,0,0,0,0.000192910534678958,0.00162066670600325,NaN,NaN,0.0242726262658834,0.0632570013403893,0.135005548596382,0.0350074656307697,0.0441866926848888,0.03525784984231,0.0458646640181541,0.125867038965225,0.15748205780983,0.111626245081425,0.0753071755170822
0,0,0,0,0,0,NaN,0,0,0,0,0,0,0,0,0.000185431155841798,0.00262745888903737,NaN,NaN,0.020056115463376,0.0228761862963438,0.161532208323479,0.0402253866195679,0.0454146191477776,0.0326366685330868,0.043490469455719,0.121611244976521,0.155075326561928,0.109937854111195,0.0744895190000534
0,0,0,0,0,0,NaN,0,0,0,0,0,0,0,1.26373813757324e-12,0.000416536437114701,0.00360332615673542,NaN,NaN,NaN,NaN,0.163734897971153,0.0472162403166294,0.0478083416819572,0.0301936417818069,0.0412486791610718,0.117278330028057,0.152617067098618,0.10832729190588,0.0737808644771576
0,0,0,0,0,0,0,0,0,0,0,0,0,0,3.68003649775517e-09,0.000640887476038188,0.00352163752540946,NaN,NaN,NaN,NaN,0.162274077534676,0.0635060146450996,0.0499853827059269,0.0284010581672192,0.0392805561423302,0.112628810107708,0.14979076385498,0.106719329953194,0.0732168778777122
0,0,0,0,0,0,0,0,0,0,0,0,0,0,3.75156020027134e-07,0.000887366652023047,0.00415854202583432,NaN,NaN,NaN,NaN,0.158463969826698,0.118021123111248,0.051012247800827,0.0273141115903854,0.037544459104538,0.107628352940083,0.14660869538784,0.104948952794075,0.0726194158196449
0,0,0,0,0,0,0,0,0,0,0,0,0,0,2.88151272798132e-06,0.00113936339039356,0.00719113508239388,NaN,NaN,NaN,NaN,0.159878596663475,0.123873367905617,0.050545334815979,0.0263882484287024,0.0355132073163986,0.102551341056824,0.143791422247887,0.102893240749836,0.0720033943653107
0,0,0,0,0,0,0,0,0,0,0,0,0,0,5.86529438351135e-07,0.000943693972658366,0.00417427346110344,NaN,NaN,NaN,NaN,0.206310972571373,0.1341462880373,0.0497220456600189,0.0263797622174025,0.0329901948571205,0.0978214666247368,0.140394017100334,0.101180054247379,0.0713781118392944
0,0,0,0,0,0,0,0,0,0,0,0,0,0,0,7.10511885699816e-05,NaN,NaN,NaN,NaN,NaN,0.206310972571373,0.11590338498354,0.0472446903586388,0.0269658360630274,0.0299687124788761,0.0930417254567146,0.137272328138351,0.0995866134762764,0.070743590593338
0,0,0,0,0,0,0,0,0,0,0,0,0,0,0,0,NaN,NaN,NaN,NaN,NaN,NaN,0.112806841731071,0.0455968864262104,0.0274932701140642,0.0266751237213612,0.0885280296206474,0.134054645895958,0.0976830720901489,0.0699432864785194
0,0,0,0,0,0,0,0,0,0,0,0,0,0,0,NaN,NaN,NaN,NaN,NaN,NaN,NaN,0.110907852649689,0.0462344400584698,0.0289237853139639,0.0234642252326012,0.0838693827390671,0.130760163068771,0.0955368056893349,0.0689990818500519
0,0,0,0,0,0,0,0,0,0,0,0,0,0,NaN,NaN,NaN,NaN,NaN,NaN,NaN,NaN,0.113479949533939,0.047272264957428,0.0310303624719381,0.02051124535501,0.0787322446703911,0.12740258872509,0.093819685280323,0.0684636458754539
0,0,0,0,0,0,0,0,6.46319995212252e-06,2.74804788205074e-05,0,0,NaN,NaN,NaN,NaN,NaN,NaN,NaN,NaN,NaN,NaN,0.128557443618774,0.0525562800467014,0.0334504321217537,0.0170654971152544,0.0743194669485092,0.123815909028053,0.0919795855879784,0.0679401606321335
0,0,0,0,0,0,0,0,2.23849074245663e-05,0.000109064421849325,1.32807399495505e-05,0,NaN,NaN,NaN,NaN,NaN,NaN,NaN,NaN,NaN,NaN,0.167147919535637,0.0632727593183517,0.0352917797863483,0.0134114176034927,0.0702519342303276,0.120684444904327,0.0897459462285042,0.0674014315009117
0,0,0,0,0,0,NaN,NaN,1.22506135085132e-05,0.00076703930972144,0.000154268738697283,0,NaN,NaN,NaN,NaN,NaN,NaN,NaN,NaN,NaN,NaN,0.220613479614258,0.0745391473174095,0.0365329682826996,0.0103077376261353,0.0670571774244308,0.117015093564987,0.087789811193943,0.0668474659323692
0,0,0,0,0,NaN,NaN,NaN,4.88762052555103e-05,0.000715551082976162,9.14671109057963e-05,0,NaN,NaN,NaN,NaN,NaN,NaN,NaN,NaN,NaN,0.329527527093887,0.284197837114334,0.0842199698090553,0.0349682867527008,0.00823977496474981,0.0641805306077003,0.113425262272358,0.0859784111380577,0.0662242397665977
0,0,0,0,NaN,NaN,NaN,NaN,NaN,0.000481583352666348,0.00118794024456292,NaN,NaN,NaN,NaN,NaN,NaN,NaN,NaN,NaN,NaN,0.329527527093887,0.326240748167038,0.0952332317829132,0.028005188331008,0.00797114614397287,0.0616572313010693,0.110075533390045,0.0838615596294403,0.065368764102459
0,0,0,NaN,NaN,NaN,NaN,NaN,NaN,NaN,NaN,NaN,NaN,NaN,NaN,NaN,NaN,NaN,NaN,NaN,NaN,NaN,0.416388511657715,0.103999584913254,0.0173076428472996,0.00823765806853771,0.0594119504094124,0.106755167245865,0.0816443040966988,0.0646409466862679
0,0,NaN,NaN,NaN,NaN,NaN,NaN,NaN,NaN,NaN,NaN,NaN,NaN,NaN,NaN,NaN,NaN,NaN,NaN,NaN,NaN,0.481763571500778,0.0972974225878716,0.0133517105132341,0.00866964086890221,0.0574673116207123,0.103355742990971,0.0798504948616028,0.0642355754971504
0,NaN,NaN,NaN,NaN,NaN,NaN,NaN,NaN,NaN,NaN,NaN,NaN,NaN,NaN,NaN,NaN,NaN,NaN,NaN,NaN,NaN,0.452085912227631,0.102388255298138,0.0124358888715506,0.00907230004668236,0.0558949299156666,0.0999385863542557,0.0777608901262283,0.0638067126274109
0,NaN,NaN,NaN,NaN,NaN,NaN,NaN,NaN,NaN,NaN,NaN,NaN,NaN,NaN,NaN,NaN,NaN,NaN,NaN,NaN,NaN,0.405611425638199,0.0587111338973045,0.0113413641229272,0.00915730651468039,0.054550476372242,0.0971682444214821,0.0752817019820213,0.0633596703410149
0,NaN,NaN,NaN,NaN,NaN,NaN,NaN,NaN,NaN,NaN,NaN,NaN,NaN,NaN,NaN,NaN,NaN,NaN,NaN,NaN,NaN,NaN,0.0488475486636162,0.010170754045248,0.00854839105159044,0.0533897057175636,0.0937372520565987,0.0734425559639931,0.0628944411873817
0,NaN,NaN,NaN,NaN,NaN,NaN,NaN,NaN,NaN,NaN,NaN,NaN,NaN,NaN,NaN,NaN,NaN,NaN,NaN,NaN,NaN,NaN,0.041948676109314,0.00899347383528948,0.00749385775998235,0.0517410710453987,0.0907380133867264,0.0716684609651566,0.0622950382530689
0,NaN,NaN,NaN,NaN,NaN,NaN,NaN,NaN,NaN,NaN,NaN,NaN,NaN,NaN,NaN,NaN,NaN,NaN,NaN,NaN,NaN,NaN,0.0387009531259537,0.00784173607826233,0.00635973177850246,0.0502869822084904,0.0878775417804718,0.0693511813879013,0.0614099614322186
0,0,NaN,NaN,NaN,NaN,NaN,NaN,NaN,NaN,NaN,NaN,NaN,NaN,NaN,NaN,NaN,NaN,NaN,NaN,NaN,NaN,NaN,0.0390166416764259,0.00585675798356533,0.00585821084678173,0.0485081635415554,0.0851558297872543,0.0673308074474335,0.0608578026294708
0,0,0,0,NaN,NaN,NaN,NaN,NaN,NaN,NaN,NaN,NaN,NaN,NaN,NaN,NaN,NaN,NaN,NaN,NaN,NaN,NaN,0.0362448245286942,0.00207198597490788,0.00546394241973758,0.0467039681971073,0.0822352543473244,0.0655895322561264,0.0606209710240364
0,0,0,0,0,0,NaN,NaN,NaN,NaN,NaN,NaN,NaN,NaN,NaN,NaN,NaN,NaN,NaN,NaN,NaN,NaN,NaN,0.0175820477306843,0.000460734969237819,0.00507553294301033,0.0448619499802589,0.0796662643551826,0.0632824003696442,0.0603712312877178
0,0,0,0,0,0,NaN,NaN,NaN,NaN,NaN,NaN,NaN,NaN,NaN,NaN,NaN,NaN,NaN,NaN,NaN,NaN,NaN,0.00388371199369431,0.000419303716626018,0.00465978169813752,0.0429121665656567,0.0773744508624077,0.0608481727540493,0.0599700100719929
0,0,0,0,0,0,NaN,NaN,NaN,NaN,NaN,NaN,NaN,NaN,NaN,NaN,NaN,NaN,NaN,NaN,NaN,NaN,NaN,0.00274835643358529,0.000418006733525544,0.00435700872913003,0.0414971821010113,0.0741598680615425,0.0595441311597824,0.0593742020428181
0,0,0,0,0,0,NaN,NaN,NaN,NaN,NaN,NaN,NaN,NaN,NaN,NaN,NaN,NaN,NaN,NaN,NaN,NaN,NaN,0.00168730388395488,0.00042258421308361,0.00407164357602596,0.0398432984948158,0.0718423202633858,0.0575414337217808,0.0586581341922283
0,0,0,0,0,0,NaN,NaN,NaN,NaN,NaN,NaN,NaN,NaN,NaN,NaN,NaN,NaN,NaN,NaN,NaN,NaN,NaN,0.000910902919713408,0.000413502217270434,0.00386110390536487,0.0387627109885216,0.0694597885012627,0.054802130907774,0.0576698295772076
0,0,0,0,0,0,0,NaN,NaN,NaN,NaN,NaN,NaN,NaN,NaN,NaN,NaN,NaN,NaN,NaN,NaN,NaN,NaN,0.000149070139741525,0.000390064087696373,0.00367683568038046,0.0372996553778648,0.0667848289012909,0.0536517277359962,0.0574725866317749
0,0,0,0,0,0,0,NaN,NaN,NaN,NaN,NaN,NaN,NaN,NaN,NaN,NaN,NaN,NaN,NaN,NaN,NaN,NaN,7.76567394495942e-05,0.000364890904165804,0.00350356800481677,0.0365572981536388,0.0635938942432404,0.0521701276302338,0.0574415288865566
0,0,0,0,0,0,0,0,NaN,NaN,NaN,NaN,NaN,NaN,NaN,NaN,NaN,NaN,NaN,NaN,NaN,NaN,NaN,7.1254835347645e-05,0.000338202167768031,0.00338635756634176,0.03476382791996,0.062657855451107,0.0490152277052402,0.0574105381965637
0,0,0,0,0,0,0,0,0,NaN,NaN,NaN,NaN,NaN,NaN,NaN,NaN,NaN,NaN,NaN,NaN,NaN,NaN,0.000127636973047629,0.000333228323142976,0.00307683949358761,0.0341387130320072,0.0590450502932072,0.047550804913044,0.0573796108365059
0,0,0,0,0,0,0,0,0,NaN,NaN,NaN,NaN,NaN,NaN,NaN,NaN,NaN,NaN,NaN,NaN,NaN,NaN,0.000200185444555245,0.000356659205863252,0.00294093764387071,0.0321647673845291,0.0567155256867409,0.0475576967000961,0.0573487542569637
0,0,0,0,0,0,0,0,0,NaN,NaN,NaN,NaN,NaN,NaN,NaN,NaN,NaN,NaN,NaN,NaN,NaN,NaN,0.00041545819840394,0.000400521385017782,0.00285619730129838,0.0319104455411434,0.0567090176045895,0.0475645884871483,0.0573179610073566
0,0,0,0,0,0,0,0,0,NaN,NaN,NaN,NaN,NaN,NaN,NaN,NaN,NaN,NaN,NaN,NaN,NaN,NaN,0.000525960931554437,0.000407864165026695,0.00277947285212576,0.029617452993989,0.0511377640068531,0.0420360527932644,0.0537881068885326
0,0,0,0,0,0,0,0,0,NaN,NaN,NaN,NaN,NaN,NaN,NaN,NaN,NaN,NaN,NaN,NaN,NaN,NaN,0.00043883197940886,0.000373827497242019,0.0027489922940731,0.0294490456581116,0.0511426851153374,0.0420288853347301,0.0538197606801987
0,0,0,0,0,0,0,0,0,NaN,NaN,NaN,NaN,NaN,NaN,NaN,NaN,NaN,NaN,NaN,NaN,NaN,NaN,0.000357742450432852,0.000346547138178721,0.00271965400315821,0.0274858772754669,0.0492292270064354,0.0420217141509056,0.0538514778017998
0,0,0,0,0,0,0,0,0,NaN,0.0141304554417729,NaN,NaN,NaN,NaN,NaN,NaN,NaN,NaN,NaN,NaN,NaN,NaN,0.000349695968907326,0.000332782306941226,0.00252607488073409,0.0261498708277941,0.0469702742993832,0.041504692286253,0.0538832545280457
0,0,0,0,0,0,0,0,0,0,0.0159938484430313,0.016236562281847,NaN,NaN,NaN,NaN,NaN,NaN,NaN,NaN,NaN,NaN,NaN,0.000454344117315486,0.00033109009382315,0.00241759978234768,0.0240105632692575,0.0463555827736855,0.0402949899435043,0.0539150945842266
0,0,0,0,0,0,0,0,7.36484437879881e-08,2.08968003789778e-06,0.0219847038388252,0.0149858547374606,NaN,NaN,NaN,NaN,NaN,NaN,NaN,NaN,NaN,NaN,NaN,0.000518598011694849,0.000326596258673817,0.00223357393406332,0.0231143571436405,0.044547576457262,0.0392533652484417,0.053946990519762
0,0,0,0,0,0,0,0,3.85897101295996e-06,0.000204325711820275,0.0330832004547119,NaN,0,NaN,NaN,NaN,NaN,NaN,NaN,NaN,NaN,0.0330459401011467,0.0292811952531338,0.000708952720742673,0.000328119029290974,0.0020382646471262,0.0217674747109413,0.0429229028522968,0.0384419858455658,0.0538674928247929
0,0,0,0,0,0,0,0,4.27021732321009e-05,0.00242682872340083,0.015013886615634,0,0,0,NaN,NaN,NaN,NaN,NaN,NaN,NaN,0.0330459401011467,0.0180445127189159,0.000930178561247885,0.000329030764987692,0.0018748112488538,0.0205210167914629,0.0411890707910061,0.0366651825606823,0.0532487221062183
0,0,0,0,NaN,0,0,0,8.89561397343641e-06,0.00100583641324192,0.00175241020042449,0,0,0,NaN,NaN,NaN,NaN,NaN,NaN,NaN,NaN,0.0102179972454906,0.000958024000283331,0.000307208101730794,0.00167007278650999,0.0189862623810768,0.0392826348543167,0.0354305133223534,0.0527596734464169
0,0,0,0,NaN,0,0,0,0,3.12368356389925e-05,9.99068142846227e-05,0,0,1.78132193440206e-08,1.25815740048552e-08,0.000796854437794536,0.0012000190326944,0.0011158213019371,0.00571616273373365,NaN,NaN,0.00643357168883085,0.00552123319357634,0.000690612068865448,0.000256001891102642,0.00153394229710102,0.0175490658730268,0.0365502461791039,0.0349442958831787,0.0523509830236435
0,0,0,0,NaN,0,0,0,0,2.95864435173598e-08,2.53402788530366e-07,0,8.7485108046792e-10,2.13616681321582e-06,0.000654314586427063,0.00802979897707701,0.00572886597365141,0.408130317926407,0.0149427689611912,2.83509943983518e-05,NaN,0.00489211408421397,0.00375946285203099,0.000534068793058395,0.000175485911313444,0.00144063110928982,0.016380425542593,0.0345657393336296,0.0334181040525436,0.0520828329026699
0,0,0,0,NaN,NaN,0,0,0,0,0,0,5.88380650867748e-08,9.95075170067139e-05,0.00166578474454582,0.0226623937487602,0.0594254806637764,0.203328356146812,0.0348509699106216,0.00204847916029394,NaN,0.00329640484414995,0.00306975073181093,0.000607134832534939,0.000116680137580261,0.0013913509901613,0.0153915593400598,0.0322470739483833,0.0318069197237492,0.0519245378673077
0,0,0,0,NaN,NaN,0,0,0,0,0,0,2.78618500715311e-07,0.000246541603701189,0.00369097315706313,0.025196535512805,0.0859339758753777,0.173018738627434,0.0414441116154194,0.00345363817177713,7.24767517112923e-07,0.000333589006913826,0.0021458063274622,0.000449589046183974,0.000111074878077488,0.00136731343809515,0.0145556218922138,0.0297590550035238,0.0305454060435295,0.0517828017473221
0,0,0,0,0,NaN,0,0,0,0,0,0,3.25822711033652e-08,0.000137963550514542,0.00214112689718604,0.0139685440808535,0.0526560358703136,0.0987539887428284,0.0336890071630478,0.0023530893959105,2.40301415033173e-06,4.00916615035385e-05,0.00106676947325468,0.000277132698101923,0.000123280929983594,0.00132865156047046,0.0134442485868931,0.0275310706347227,0.0289649944752455,0.0514218509197235
0,0,0,0,0,NaN,0,0,0,0,0,0,8.5507190217271e-10,1.75176392076537e-05,0.00108527950942516,0.00682060839608312,0.0318845808506012,0.0566488467156887,0.0220558773726225,0.000889197748620063,5.10142740495212e-07,2.96026319119846e-05,0.000360094069037586,0.00016875883738976,0.000128033207147382,0.0013279520208016,0.0125189619138837,0.0253849625587463,0.0271914061158895,0.050830814987421
0,0,0,0,0,0,0,0,0,0,0,0,7.11791606558543e-12,3.55963521769809e-07,0.000260146538494155,0.0029259892180562,0.016588969156146,0.0291291493922472,0.0112248864024878,0.000285501650068909,5.66852733641099e-08,1.73675744008506e-05,0.000127293416881002,8.86297420947812e-05,0.000145444922964089,0.00134024489670992,0.0115253897383809,0.0233373381197453,0.0258974526077509,0.0505016781389713
0,0,0,0,0,0,0,0,0,0,0,0,0,1.26319879001358e-08,3.0292490919237e-05,0.000821867084596306,0.00628240685909986,0.011813641525805,0.00351583422161639,9.26453358260915e-05,4.12976646152821e-13,3.06095103042026e-06,1.55796351464232e-05,2.1664487576345e-05,0.000182254749233834,0.00137535168323666,0.0105289286002517,0.0210658181458712,0.0246536210179329,0.0502958707511425
0,0,0,0,0,0,0,0,0,0,0,0,0,1.11702071203812e-10,2.10292387237132e-06,0.000138468923978508,0.00162836548406631,0.0020548989996314,0.000364988867659122,1.23168911159155e-05,0,0,1.39645706553893e-07,1.9704355054273e-06,0.000229738216148689,0.00143678998574615,0.00939626339823008,0.0193017683923244,0.0231237709522247,0.0501066334545612
0,0,0,0,0,0,0,0,0,0,0,0,0,0,5.9860255419153e-08,8.28142037789803e-06,0.000301428197417408,0.00035302632022649,1.65724122780375e-05,1.17766816742915e-07,0,0,1.55438065196911e-10,4.48512037110049e-06,0.000274127756711096,0.00151064817328006,0.00873054470866919,0.0172418020665646,0.0219719540327787,0.0499339699745178
0,0,0,0,0,0,0,0,0,0,0,0,0,0,0,1.44508064181537e-07,3.60031954187434e-05,4.31994194514118e-05,4.27199182695404e-07,7.8438942840986e-11,0,0,0,1.26620907394681e-05,0.000317387748509645,0.00161728321108967,0.00818716827780008,0.0154964784160256,0.0211755950003862,0.0497989654541016
0,0,0,0,0,0,0,0,0,0,0,0,0,0,0,1.1032140756484e-09,1.15228522190591e-06,1.64137384217611e-06,1.10408295839193e-08,0,0,0,0,1.97171539184637e-05,0.000332467403495684,0.001692337798886,0.00797654967755079,0.0140169532969594,0.0203882902860641,0.0496021024882793
0,0,0,0,0,0,0,0,0,0,0,0,0,0,0,0,4.74555283958011e-09,2.93722788313744e-08,9.36219157754437e-12,0,0,0,0,1.87787645700155e-05,0.000325871573295444,0.00166754680685699,0.00769815361127257,0.0127177545800805,0.0197090785950422,0.0493646413087845
0,0,0,0,0,0,0,0,0,0,0,0,0,0,0,0,0,0,0,0,0,0,6.14805012455477e-11,1.92654752027011e-05,0.000303181033814326,0.00160398415755481,0.00717453006654978,0.0114521542564034,0.0192064847797155,0.04928158223629
0,0,0,0,0,0,0,0,0,0,0,0,0,0,0,0,0,0,0,0,0,0,6.23556761780719e-11,1.72316886164481e-05,0.000272088160272688,0.00152322207577527,0.00659616151824594,0.0102361645549536,0.0187184847891331,0.0492448508739471
0,0,0,0,0,0,0,0,0,0,0,0,0,0,0,0,0,0,0,0,0,0,1.01975381264219e-11,1.218101442646e-05,0.00023668039648328,0.00143672828562558,0.00592409074306488,0.00932904612272978,0.0182553641498089,0.0492179915308952
0,0,0,0,0,0,0,0,0,0,0,0,0,0,0,0,0,0,0,0,0,0,5.31144030667396e-13,8.77102229424054e-06,0.00019712776702363,0.0013003769563511,0.00531357526779175,0.00835331901907921,0.0180542077869177,0.0492010042071342
0,0,0,0,0,0,0,0,0,0,0,0,0,0,0,0,0,0,0,0,0,0,3.35576157790493e-14,6.54779432807118e-06,0.000162136639119126,0.00115600670687854,0.00462130317464471,0.00760697992518544,0.0179348420351744,0.0491881780326366
0,0,0,0,0,0,0,0,0,0,0,0,0,0,0,0,0,0,0,0,0,0,2.96156193102179e-13,4.56890074929106e-06,0.000132900400785729,0.00101833266671747,0.00406697299331427,0.00685447826981544,0.0177497863769531,0.0490996241569519
0,0,0,0,0,0,0,0,0,0,0,0,0,0,0,0,0,0,0,0,0,0,4.73201495077968e-14,2.8835831926699e-06,0.000101192483271006,0.000907028559595346,0.0035605535376817,0.00622730748727918,0.0177737679332495,0.0492124669253826
0,0,0,0,0,0,0,0,0,0,0,0,0,0,0,0,0,0,0,0,0,0,0,1.42084081744542e-06,8.08924378361553e-05,0.000788561359513551,0.00309443008154631,0.00580075243487954,0.0179786700755358,0.0494555495679379
