0,0,0,0,0,0,0,0,0,0,0,0,0,0,0,0,0,0,0,0,0,0,1.48494605500815e-09,0.863614201545715,27.8429145812988,54.9146194458008,64.9109802246094,72.7465209960938,72.7141723632813,85.341667175293
0,0,0,0,0,0,0,0,0,0,0,0,0,0,0,0,0,0,0,0,0,1.63739690879545e-17,6.8201928549172e-09,0.825490832328796,28.6531982421875,54.5219192504883,64.3244018554688,72.1103439331055,72.0877685546875,85.2992324829102
0,0,0,0,0,0,0,0,0,0,0,0,0,0,0,0,0,0,0,0,0,1.25896024833448e-13,7.40124761478e-09,0.74861741065979,29.2040348052979,54.0851058959961,63.838493347168,71.2831268310547,71.4992370605469,85.246696472168
0,0,0,0,0,0,0,0,0,0,0,0,0,0,0,0,0,0,0,0,3.7097536841211e-26,2.56339307419529e-11,3.60878900096395e-08,0.638585031032562,29.5738067626953,53.6406288146973,63.2695541381836,70.3367462158203,70.9982604980469,85.1592636108398
0,0,0,0,0,0,0,0,0,0,0,0,0,0,0,0,0,0,0,0,3.2789976664324e-22,1.81063619653088e-09,4.43470071331831e-06,0.795753955841064,29.6134719848633,53.0754280090332,62.6902809143066,69.3905792236328,70.5151519775391,85.0096282958984
0,NaN,0,0,0,0,0,0,0,0,0,0,0,0,0,0,0,0,0,0,1.01293797777465e-19,5.68834650493955e-07,0.000216356173041277,1.08762383460999,29.4658889770508,52.5522766113281,62.1161231994629,68.3910217285156,70.0361938476563,84.8138580322266
NaN,NaN,0,0,0,0,0,0,0,0,0,0,0,0,0,0,0,0,0,0,1.26395356539501e-17,9.44833936955547e-06,0.00486021395772696,1.55778276920319,29.406551361084,51.9961128234863,61.5486373901367,67.4816284179688,69.5959854125977,84.6582489013672
NaN,NaN,NaN,0,0,0,0,0,0,0,0,0,0,0,0,0,0,0,0,0,6.35106296468009e-17,5.13061931997072e-05,0.0626169666647911,2.71333146095276,29.5172481536865,51.4349174499512,60.9042701721191,66.6935882568359,69.1715087890625,84.5092544555664
NaN,NaN,NaN,0,0,0,0,0,0,0,0,0,0,0,0,0,0,0,0,0,2.17721242883127e-16,0.000479461363283917,0.534436464309692,5.46992492675781,29.523286819458,50.792537689209,60.3169136047363,66.0383605957031,68.7659301757813,84.3722305297852
NaN,NaN,NaN,0,0,0,0,0,0,0,0,0,0,0,0,0,0,0,0,0,2.35556924485885e-16,0.000627047498710454,1.90600776672363,9.82223987579346,29.8447914123535,50.1402320861816,59.6684799194336,65.5938110351563,68.3952865600586,84.2639083862305
NaN,NaN,NaN,NaN,0,0,0,0,0,0,0,0,0,0,0,0,0,0,0,0,1.493806129954e-16,0.000542177294846624,3.8160662651062,14.0685691833496,30.48655128479,49.5068778991699,59.0977325439453,65.2234573364258,68.0864105224609,84.1633224487305
NaN,NaN,NaN,NaN,0,0,0,0,0,0,0,0,0,0,0,0,0,0,0,0,8.11844922224311e-16,0.00059176521608606,5.80237722396851,17.0896835327148,31.0244770050049,48.9963607788086,58.5507392883301,64.945426940918,67.8093109130859,84.0878982543945
NaN,NaN,NaN,NaN,NaN,0,0,0,0,0,0,0,0,0,0,0,0,0,0,0,7.41658978121432e-16,0.000136101254611276,7.15098524093628,19.2847366333008,31.6701469421387,48.4444770812988,58.0908851623535,64.7477111816406,67.5846176147461,84.0759582519531
NaN,NaN,NaN,NaN,NaN,NaN,0,0,0,0,0,0,0,0,0,0,0,0,0,0,1.66136004659098e-15,0.00023470820451621,7.94585561752319,20.9156112670898,32.4331321716309,48.0287094116211,57.6813201904297,64.5831909179688,67.4607696533203,84.0021591186523
NaN,NaN,NaN,NaN,NaN,NaN,NaN,0,0,0,0,0,0,0,0,0,0,0,0,0,1.12717628318533e-15,9.2172653239686e-05,8.40077972412109,22.2452545166016,33.0356216430664,47.7607536315918,57.3436813354492,64.4840698242188,67.4214477539063,83.9234008789063
NaN,NaN,NaN,NaN,NaN,NaN,NaN,0,0,0,0,0,0,0,0,0,0,0,0,0,1.22077674846125e-14,0.000140122065204196,8.61188793182373,23.3834362030029,33.4851493835449,47.666088104248,57.0808486938477,64.4441680908203,67.4303741455078,83.8507843017578
NaN,NaN,NaN,NaN,NaN,NaN,NaN,NaN,0,0,0,0,0,0,0,0,0,0,NaN,0,2.75769702483709e-14,0.00019427589722909,8.95309925079346,24.1103019714355,34.0315437316895,47.6257629394531,56.9404258728027,64.3910369873047,67.4538955688477,83.8018798828125
0,0,0,NaN,NaN,NaN,NaN,NaN,NaN,0,0,0,0,0,0,0,0,0,NaN,0,3.63753135685513e-13,0.000352652947185561,9.5447998046875,24.6946315765381,34.3392105102539,47.7218894958496,56.8800086975098,64.356559753418,67.6134643554688,83.9050445556641
0,0,0,0,NaN,NaN,NaN,NaN,NaN,0,0,0,0,0,0,0,0,0,0,0,6.45973183797943e-13,0.0011500131804496,10.4142484664917,25.230541229248,34.4773101806641,47.899299621582,56.8434715270996,64.3409881591797,67.8170776367188,84.0474014282227
0,0,0,0,NaN,NaN,NaN,NaN,NaN,NaN,0,0,0,0,0,0,0,0,0,0,8.288449787619e-11,0.00277754641138017,11.4588766098022,25.6820297241211,34.7177734375,47.8644981384277,56.8903160095215,64.3325881958008,68.0470199584961,84.1963653564453
0,0,0,0,NaN,NaN,NaN,NaN,NaN,NaN,0,0,0,0,0,0,0,0,0,0,3.24067023216301e-10,0.0108729042112827,12.6280937194824,26.2738170623779,34.7513008117676,47.7755966186523,56.9834785461426,64.3490753173828,68.3570709228516,84.3441772460938
0,0,0,0,0,0,NaN,NaN,NaN,NaN,0,0,0,0,0,0,0,0,0,0,2.7470734575985e-09,0.0199195835739374,13.9890565872192,26.7795867919922,34.7594337463379,47.6873054504395,57.1218795776367,64.399055480957,68.707878112793,84.3708724975586
0,NaN,NaN,0,0,0,NaN,NaN,NaN,NaN,0,0,0,0,0,0,0,0,0,0,9.72026992229758e-09,0.0720410197973251,15.0830593109131,27.2308864593506,34.7834854125977,47.5022964477539,57.2743186950684,64.4352722167969,69.1089477539063,84.3342742919922
NaN,NaN,NaN,NaN,0,0,NaN,NaN,NaN,NaN,0,0,0,0,0,0,0,0,0,0,8.20610281948575e-08,0.11755308508873,16.1577396392822,27.5435924530029,34.7185974121094,47.1775398254395,57.4392127990723,64.4860916137695,69.5302429199219,84.354133605957
0,NaN,NaN,NaN,0,0,NaN,NaN,NaN,NaN,0,0,0,0,0,0,0,0,0,0,4.43538908712071e-07,0.321835815906525,17.1819458007813,27.6823215484619,34.6518516540527,46.9424667358398,57.5746650695801,64.5612564086914,69.9722061157227,84.4127655029297
0,NaN,NaN,NaN,0,0,NaN,NaN,NaN,NaN,0,0,0,0,0,0,0,0,0,0,1.00045292583673e-06,0.498854607343674,18.2100238800049,27.7030353546143,34.5553207397461,46.6603927612305,57.6244010925293,64.6611251831055,70.4662933349609,84.4766006469727
0,NaN,NaN,NaN,NaN,NaN,NaN,NaN,NaN,NaN,0,0,0,0,0,0,0,0,0,0,1.00572397059295e-05,1.05528593063354,18.6098670959473,27.5069828033447,34.3735771179199,46.4008140563965,57.5940322875977,64.7424545288086,71.0424575805664,84.5456466674805
0,NaN,NaN,NaN,NaN,NaN,NaN,NaN,NaN,NaN,0,0,0,0,0,0,0,0,0,2.25617227924246e-20,1.89555557881249e-05,1.59100437164307,19.3181419372559,27.1233291625977,34.1036949157715,46.323055267334,57.5456962585449,64.8175430297852,71.6733627319336,84.623420715332
0,NaN,NaN,NaN,NaN,NaN,NaN,NaN,NaN,NaN,NaN,0,0,0,0,0,0,0,0,5.30809740009158e-18,5.2769471949432e-05,2.96952557563782,19.2629852294922,26.5443286895752,33.8432006835938,46.1402778625488,57.3962707519531,64.9641494750977,72.3370971679688,84.783317565918
NaN,NaN,NaN,NaN,NaN,NaN,NaN,NaN,NaN,NaN,0,0,0,0,0,0,0,0,0,2.42511405781255e-18,0.000275854370556772,4.28532934188843,19.2853164672852,25.9026470184326,33.4795761108398,46.0682678222656,57.198558807373,65.2675247192383,72.8552398681641,84.9825897216797
NaN,NaN,NaN,NaN,NaN,NaN,NaN,NaN,NaN,NaN,0,0,0,0,0,0,0,0,0,1.72901143195561e-19,0.000655535492114723,6.36376047134399,18.9413166046143,25.1727313995361,33.0776138305664,46.1420555114746,56.9973526000977,65.6155853271484,73.4304428100586,85.1907653808594
NaN,NaN,NaN,NaN,NaN,NaN,NaN,NaN,NaN,0,0,0,0,0,0,0,0,0,0,1.21382357167107e-20,0.00236183358356357,8.67254257202148,18.6363716125488,24.4043731689453,32.7805023193359,46.0913848876953,56.7907028198242,65.986457824707,74.0632095336914,85.4142150878906
NaN,NaN,NaN,NaN,NaN,NaN,0,NaN,NaN,0,0,0,0,0,0,0,0,0,0,5.59669368477613e-18,0.0330646000802517,11.0396823883057,18.339262008667,23.6449947357178,32.484016418457,46.1069869995117,56.5572395324707,66.4090194702148,74.7617874145508,85.7081527709961
NaN,NaN,NaN,NaN,NaN,NaN,0,NaN,NaN,0,0,0,0,0,0,0,0,0,0,7.98284050470223e-18,0.158633172512054,13.1708431243896,18.153247833252,22.826961517334,32.3731079101563,46.2204971313477,56.3243446350098,66.9028701782227,75.5835800170898,86.0249404907227
NaN,NaN,NaN,NaN,NaN,0,0,NaN,NaN,0,0,0,0,0,0,0,0,0,0,1.00704235135625e-17,0.651863753795624,14.3765707015991,17.9366626739502,22.138614654541,32.567813873291,46.1974258422852,56.2024345397949,67.4288787841797,76.5343475341797,86.3359603881836
NaN,NaN,NaN,NaN,0,0,0,NaN,NaN,0,0,0,0,0,0,0,0,0,0,6.84837801101739e-18,0.877142071723938,14.7511768341064,17.8227806091309,21.4500999450684,32.9236793518066,46.1906318664551,56.1536064147949,68.1115798950195,77.4175415039063,86.5526580810547
NaN,NaN,NaN,NaN,0,0,0,NaN,NaN,0,0,0,0,0,0,0,0,0,0,1.57412040434923e-17,0.772975027561188,14.4154262542725,17.7597255706787,20.8905181884766,33.5776824951172,46.2000923156738,56.1158714294434,69.0726165771484,78.001838684082,86.5904388427734
NaN,NaN,NaN,0,0,0,0,NaN,0,0,0,0,0,0,0,0,0,0,0,2.03548601582884e-17,0.691215634346008,13.6870403289795,17.7692050933838,20.5118675231934,34.4557456970215,46.1608963012695,56.130241394043,70.1755599975586,78.6500778198242,86.6328659057617
NaN,NaN,NaN,NaN,0,0,0,NaN,0,0,0,0,0,0,0,0,0,0,0,4.34456058397199e-21,0.490468144416809,12.5963973999023,17.8280448913574,20.2792797088623,35.5161209106445,46.2089004516602,56.2363967895508,71.3818511962891,79.3470611572266,86.6799850463867
NaN,NaN,NaN,NaN,0,0,0,NaN,0,0,0,0,0,0,0,0,0,0,0,2.19764715064106e-20,0.219066843390465,11.2927179336548,17.921236038208,20.4641380310059,36.3389358520508,46.3647003173828,56.2767448425293,72.6195907592773,80.0792007446289,86.7622299194336
NaN,NaN,NaN,NaN,0,0,0,0,0,0,0,0,0,0,0,0,0,0,0,9.7868242528078e-20,0.0506682619452477,9.83361053466797,18.010892868042,20.7109127044678,37.2466011047363,46.7139892578125,56.6412162780762,73.5168151855469,80.8407211303711,86.9291076660156
NaN,NaN,NaN,NaN,NaN,NaN,0,0,0,0,0,0,0,0,0,0,0,0,0,2.2776833372541e-20,0.00157335144467652,8.42403507232666,18.0569744110107,21.4527187347412,37.8999061584473,46.9364624023438,57.216007232666,74.4595489501953,81.6014556884766,87.1114730834961
NaN,NaN,NaN,NaN,NaN,NaN,0,0,0,0,0,0,0,0,0,0,0,0,0,1.13281667972346e-21,2.2044084744266e-06,7.1522855758667,18.0465507507324,21.9380111694336,38.4396743774414,47.2442512512207,57.6976165771484,75.8954696655273,81.8640594482422,87.3271255493164
NaN,NaN,NaN,NaN,NaN,NaN,0,0,0,0,0,0,0,0,0,0,0,0,0,0,1.26128981037255e-07,6.18815231323242,17.9114856719971,22.534574508667,38.5836410522461,47.7878761291504,58.0751953125,77.6012344360352,82.0357284545898,87.6827163696289
NaN,NaN,NaN,NaN,NaN,NaN,0,0,0,0,0,0,0,0,0,0,0,0,0,0,5.02590769002609e-09,5.61421966552734,17.6296062469482,22.7003650665283,38.8282737731934,48.1320381164551,59.2686462402344,78.5811233520508,82.1592483520508,88.0850296020508
NaN,NaN,NaN,NaN,NaN,NaN,0,0,0,0,0,0,0,0,0,0,0,0,0,6.36952106404264e-23,3.64641039585223e-10,5.40823936462402,17.2381324768066,22.7479763031006,38.6382141113281,48.7113494873047,60.7183265686035,79.2372283935547,82.2540054321289,88.6589813232422
NaN,NaN,NaN,NaN,NaN,NaN,0,0,0,0,0,0,0,0,0,0,0,0,0,4.36934273740949e-19,6.47733006554213e-13,5.47776794433594,16.6476211547852,22.7509956359863,38.8023300170898,49.4178619384766,61.8717956542969,80.3664932250977,82.3246154785156,89.3843612670898
NaN,NaN,NaN,NaN,NaN,NaN,0,0,0,0,0,0,0,0,0,0,0,0,0,2.02944978111402e-16,3.62954566575369e-12,5.84441471099854,15.9670639038086,22.5828609466553,39.1158866882324,50.1205101013184,63.2604141235352,82.3726806640625,82.3073959350586,90.4126968383789
NaN,NaN,NaN,NaN,NaN,NaN,NaN,0,0,0,0,0,0,0,0,0,0,0,0,2.43257003489051e-14,1.45444593868671e-11,6.27489900588989,15.1971292495728,22.5885105133057,39.6180458068848,51.384162902832,65.3954772949219,83.5442199707031,82.6266174316406,90.7860717773438
NaN,NaN,NaN,NaN,NaN,NaN,NaN,NaN,0,0,0,0,0,0,0,0,0,0,0,7.21516769941477e-12,8.70766566490877e-12,6.4039511680603,14.3160982131958,22.4219074249268,40.440486907959,53.3507881164551,67.5021286010742,83.3114471435547,83.3476104736328,90.7794494628906
NaN,NaN,NaN,NaN,NaN,NaN,NaN,NaN,0,0,0,0,0,0,0,0,0,0,1.5537066658158e-25,4.58719312534939e-10,5.97775218214025e-10,6.3506236076355,13.4660739898682,22.4501113891602,41.382453918457,55.7002487182617,69.8269577026367,83.0513534545898,84.3296966552734,90.7728042602539
NaN,NaN,NaN,NaN,NaN,NaN,NaN,NaN,0,0,0,0,0,0,0,0,0,0,4.25140334334217e-24,2.28988419337384e-08,8.80095107902434e-10,6.00141000747681,12.3490800857544,22.4781265258789,43.2861938476563,57.6889801025391,71.6469497680664,82.7896041870117,85.3972473144531,90.7661590576172
NaN,NaN,NaN,NaN,NaN,NaN,NaN,NaN,0,0,0,0,0,0,0,0,0,0,1.7583083032491e-21,1.04130026556959e-06,1.41039455670011e-08,5.61828517913818,11.3641901016235,22.7416915893555,45.1435317993164,63.0899238586426,72.2081146240234,82.8225250244141,86.6727447509766,90.7595062255859
NaN,NaN,NaN,NaN,NaN,NaN,NaN,NaN,0,0,0,0,NaN,0,0,0,0,0,3.39769554786196e-19,4.48369355581235e-05,1.119563512475e-05,5.38425397872925,10.1917057037354,22.9170722961426,49.5670928955078,67.1761474609375,75.6009750366211,82.8115768432617,88.5194473266602,90.7528305053711
NaN,NaN,NaN,NaN,NaN,NaN,NaN,NaN,0,0,0,0,NaN,0,0,0,0,0,1.08068202267072e-17,0.00109587714541703,0.000717381888534874,6.02249145507813,9.0753288269043,23.5416240692139,55.9101295471191,69.9155960083008,79.0680618286133,83.9127960205078,89.6718521118164,90.7461547851563
NaN,NaN,NaN,NaN,NaN,NaN,NaN,NaN,0,0,0,0,0,NaN,0,0,0,0,6.53353305210888e-16,0.0128948343917727,0.0143905794247985,5.82756662368774,8.37613677978516,24.0315799713135,58.0267601013184,76.0226821899414,79.0807342529297,87.3400497436523,89.6728210449219,90.7394638061523
NaN,NaN,NaN,NaN,NaN,NaN,NaN,NaN,0,0,0,0,0,0,0,0,0,6.64604967842336e-21,2.55137219944829e-13,0.0771334245800972,0.2849480509758,6.31832265853882,7.25618171691895,27.2133140563965,64.255615234375,76.5322418212891,83.2410430908203,90.3988265991211,89.6737899780273,90.7327728271484
NaN,NaN,NaN,NaN,NaN,NaN,NaN,NaN,0,0,0,0,0,0,0,0,0,1.39255194378812e-18,6.69638511308079e-11,0.24956414103508,1.51273369789124,5.12537050247192,5.30396890640259,28.6473369598389,64.7263259887695,82.4351119995117,89.8842010498047,90.4014358520508,89.6747589111328,90.7260589599609
NaN,NaN,NaN,NaN,NaN,NaN,NaN,NaN,NaN,0,0,0,0,0,0,0,0,3.68680751761989e-17,2.29645600313688e-08,0.181129693984985,2.93827509880066,6.42743539810181,8.8123254776001,38.6896171569824,67.3338394165039,85.8348846435547,89.8998184204102,90.402717590332,89.6757278442383,90.7193450927734
NaN,NaN,NaN,NaN,NaN,NaN,NaN,NaN,0,0,0,0,0,0,0,NaN,0,4.71869402360721e-16,3.05185994875501e-06,0.577172517776489,9.98637199401855,10.9277648925781,13.6983766555786,42.3862190246582,67.3711395263672,85.817008972168,89.8971405029297,90.4039993286133,89.6766891479492,90.7126159667969
NaN,NaN,NaN,NaN,NaN,NaN,NaN,NaN,0,0,0,0,0,0,0,0,0,9.59047836805726e-13,0.0362408272922039,4.0984673500061,14.9304676055908,16.7899398803711,7.9147777557373,35.9250144958496,59.6058235168457,65.5123901367188,68.6021347045898,74.1380004882813,76.1587982177734,82.0022430419922
NaN,NaN,NaN,NaN,NaN,NaN,NaN,NaN,NaN,0,0,0,0,0,0,0,0,5.61709814268395e-15,0.00030990899540484,0.563903391361237,6.57691717147827,10.205150604248,4.66069746017456,35.242057800293,59.6640357971191,65.5204086303711,68.6103973388672,74.1457901000977,76.1616439819336,82.0258865356445
NaN,NaN,NaN,NaN,NaN,NaN,NaN,NaN,NaN,0,0,0,0,0,0,0,0,3.34553198747072e-17,3.72587942365499e-06,0.0300893913954496,1.68426036834717,5.94423484802246,2.18250751495361,34.041088104248,63.952880859375,68.3672332763672,68.6314010620117,74.1535797119141,76.1644897460938,82.0495910644531
NaN,NaN,NaN,NaN,NaN,NaN,NaN,NaN,NaN,0,0,0,0,0,0,0,0,1.30429968234332e-19,4.56233983925358e-08,0.00166173907928169,0.242942437529564,2.58270120620728,1.90464127063751,34.3796653747559,64.8024444580078,73.0564651489258,72.3590774536133,74.1619415283203,76.1673355102539,82.073371887207
NaN,NaN,NaN,NaN,NaN,NaN,NaN,NaN,NaN,0,0,0,0,0,0,0,0,0,3.90739773870052e-10,0.000143157667480409,0.00568672409281135,0.0151985371485353,2.04882764816284,35.3088455200195,71.058967590332,73.6428527832031,74.2225723266602,75.6060485839844,76.1701965332031,82.0972290039063
NaN,NaN,NaN,NaN,NaN,NaN,NaN,NaN,NaN,0,0,0,0,0,0,0,0,0,2.80958524674635e-12,1.52506590893609e-05,0.00161989824846387,8.89472794369794e-05,2.35897469520569,36.5773429870605,73.3701019287109,79.5593490600586,74.2465591430664,77.5968627929688,76.1730575561523,82.1211547851563
NaN,NaN,NaN,NaN,NaN,NaN,NaN,NaN,NaN,0,0,0,0,0,0,0,0,0,3.21907688764604e-14,1.50006724197738e-06,1.3027505701757e-05,5.66314975003479e-06,3.2291100025177,38.0796318054199,76.7115249633789,81.7873153686523,76.6589279174805,78.3581161499023,76.8470840454102,82.1451568603516
NaN,NaN,NaN,NaN,NaN,NaN,NaN,NaN,0,0,0,0,0,0,0,0,0,0,9.35037870529009e-16,1.49095143342493e-07,1.02260162293533e-06,5.41493227501633e-06,4.45123386383057,40.5871429443359,79.1730194091797,83.3449859619141,79.48291015625,78.3832931518555,77.8794021606445,82.1692276000977
NaN,NaN,NaN,NaN,NaN,NaN,NaN,NaN,0,0,NaN,0,0,0,0,0,0,0,2.7318251843217e-17,1.47780792048025e-08,7.900752052592e-08,0.000342713668942451,6.80602025985718,43.2497482299805,81.1587982177734,85.3899154663086,80.4412612915039,79.3946838378906,78.7066192626953,82.1933746337891
NaN,NaN,NaN,NaN,NaN,NaN,NaN,NaN,0,0,NaN,NaN,0,0,0,0,0,0,2.27247524655876e-18,1.22839027838495e-09,4.76091477352725e-09,0.00479039968922734,11.0609092712402,46.7245483398438,82.7456512451172,86.3003387451172,81.5765914916992,80.8170852661133,79.5126647949219,82.2175979614258
NaN,NaN,NaN,NaN,NaN,NaN,NaN,NaN,NaN,NaN,NaN,NaN,NaN,0,0,0,0,0,9.18908415513138e-20,7.94539919968251e-11,2.07798528384373e-10,0.0156398098915815,14.7416133880615,50.1401290893555,83.6937484741211,87.1089782714844,83.2236175537109,81.8104553222656,80.2564392089844,82.2418899536133
NaN,NaN,NaN,NaN,NaN,NaN,NaN,NaN,NaN,NaN,NaN,0,NaN,0,0,0,0,0,1.98326588694658e-21,4.3493889045898e-12,8.11847984671932e-12,0.0515097416937351,17.6217136383057,54.1466636657715,84.456787109375,87.788459777832,84.5421447753906,82.6374664306641,80.7503128051758,82.2662506103516
NaN,NaN,NaN,NaN,NaN,NaN,NaN,NaN,NaN,0,0,0,0,0,0,0,0,0,3.10783902069758e-23,2.06538968870393e-13,4.95439409983756e-13,0.0845034345984459,19.0057392120361,58.1160202026367,85.1520156860352,88.22900390625,85.4874420166016,83.5938491821289,81.3169708251953,82.4847640991211
NaN,NaN,NaN,NaN,NaN,NaN,NaN,NaN,0,0,0,0,0,0,0,0,0,0,0,1.0228816457855e-14,8.79304631494146e-14,0.103245101869106,19.6401882171631,61.8743438720703,85.6184692382813,88.4370880126953,86.1025314331055,84.4977264404297,82.0630493164063,83.0310134887695
NaN,NaN,NaN,NaN,NaN,NaN,NaN,NaN,0,0,0,0,0,0,0,0,0,0,0,3.91095625826502e-16,1.30494763215735e-13,0.0560621507465839,20.0577011108398,65.4049606323242,86.0357666015625,88.6396331787109,86.6144332885742,85.1605453491211,82.6186981201172,83.4039764404297
NaN,NaN,NaN,NaN,NaN,NaN,NaN,NaN,NaN,NaN,NaN,0,0,0,0,0,0,0,0,4.87807391017579e-18,1.71059293032488e-13,0.0429334565997124,20.5239715576172,68.648193359375,86.2801971435547,88.7481842041016,87.1223983764648,85.6571044921875,83.0339279174805,83.6791763305664
NaN,NaN,NaN,NaN,NaN,NaN,NaN,NaN,NaN,NaN,NaN,0,0,0,0,0,0,0,0,0,8.22723372718645e-14,0.0427368171513081,20.959924697876,70.9198455810547,86.465087890625,88.7754211425781,87.4926910400391,86.176887512207,83.3491058349609,83.8359222412109
NaN,NaN,NaN,NaN,NaN,NaN,NaN,NaN,NaN,NaN,NaN,0,0,0,0,0,0,0,0,0,2.03138998948905e-14,0.0255132857710123,21.0128879547119,72.769157409668,86.5540237426758,88.7615280151367,87.6412658691406,86.7983016967773,83.5935745239258,83.9693450927734
NaN,NaN,NaN,NaN,NaN,NaN,NaN,NaN,NaN,NaN,NaN,NaN,0,0,0,0,0,0,0,0,5.79193844849144e-15,0.0222790669649839,21.1769771575928,73.4159164428711,86.5243530273438,88.7041702270508,87.7564010620117,87.2334442138672,83.8635177612305,84.0055313110352
NaN,NaN,NaN,NaN,NaN,NaN,NaN,NaN,NaN,NaN,NaN,NaN,0,0,0,0,0,0,0,0,6.91384671614045e-15,0.0179989766329527,20.7133979797363,73.4370880126953,86.4704284667969,88.597770690918,87.8366470336914,87.3947296142578,84.3341293334961,84.0256576538086
NaN,NaN,NaN,NaN,NaN,NaN,NaN,NaN,NaN,NaN,NaN,NaN,0,0,0,0,0,0,0,0,5.22311897847697e-15,0.0292399488389492,20.6356773376465,72.8447952270508,86.5478134155273,88.4448318481445,87.8647689819336,87.50244140625,84.728645324707,84.0442810058594
NaN,NaN,NaN,NaN,NaN,NaN,NaN,NaN,NaN,NaN,NaN,NaN,0,0,0,0,0,0,0,0,4.69540754205206e-14,0.0202016327530146,20.4000244140625,72.9651107788086,86.6853561401367,88.2999267578125,87.8319473266602,87.6144561767578,85.0290679931641,84.0222244262695
NaN,NaN,NaN,NaN,NaN,NaN,NaN,NaN,NaN,NaN,NaN,0,0,0,0,0,0,0,0,0,9.24243812044792e-15,0.0586424097418785,20.654914855957,72.2169570922852,86.6600875854492,88.1112670898438,87.768424987793,87.6938247680664,85.2767639160156,83.9857406616211
NaN,NaN,NaN,NaN,NaN,NaN,NaN,NaN,NaN,NaN,NaN,NaN,0,0,0,0,0,0,0,0,8.47206419601898e-15,0.0772699266672134,20.5852069854736,72.0535659790039,86.5294799804688,87.9344863891602,87.6989059448242,87.7481842041016,85.4476547241211,83.9516220092773
NaN,NaN,NaN,NaN,NaN,NaN,NaN,NaN,NaN,NaN,NaN,NaN,NaN,0,0,0,0,0,0,0,1.20305554865527e-14,0.122005321085453,21.1508045196533,71.4215240478516,86.2500228881836,87.7499923706055,87.6212921142578,87.7958450317383,85.57568359375,83.9198837280273
NaN,NaN,NaN,NaN,NaN,NaN,NaN,NaN,NaN,NaN,NaN,NaN,NaN,0,0,0,0,0,0,0,9.12486655923724e-15,0.166079595685005,21.1726207733154,71.4237442016602,85.9575653076172,87.5512466430664,87.5288543701172,87.7981719970703,85.7277069091797,83.9054412841797
NaN,NaN,NaN,NaN,NaN,NaN,NaN,NaN,NaN,NaN,NaN,NaN,NaN,NaN,0,0,0,0,0,0,1.77777968534505e-14,0.203874617815018,21.6635475158691,71.2257080078125,85.5518188476563,87.3832855224609,87.4531173706055,87.7786178588867,85.8791198730469,83.8266372680664
NaN,NaN,NaN,NaN,NaN,NaN,NaN,NaN,NaN,NaN,NaN,NaN,NaN,NaN,0,0,0,0,0,0,1.78912364524192e-12,0.232632696628571,22.1974678039551,71.3290863037109,85.1326675415039,87.1391677856445,87.3855743408203,87.7591705322266,86.0151977539063,83.7511672973633
NaN,NaN,NaN,NaN,NaN,NaN,NaN,NaN,NaN,NaN,NaN,NaN,NaN,NaN,NaN,0,0,0,0,0,5.14896562886502e-11,0.405652463436127,22.8940315246582,71.2998428344727,84.6643371582031,86.9035797119141,87.2826690673828,87.7545394897461,86.1413345336914,83.6756439208984
NaN,NaN,NaN,NaN,NaN,NaN,NaN,NaN,NaN,NaN,NaN,NaN,NaN,NaN,NaN,0,0,0,0,0,3.11228785798701e-11,0.667145729064941,23.7963848114014,70.8991928100586,84.0702972412109,86.6675109863281,87.1894760131836,87.7441940307617,86.2583847045898,83.5859146118164
NaN,NaN,NaN,NaN,NaN,NaN,NaN,NaN,NaN,NaN,NaN,NaN,NaN,NaN,NaN,0,0,0,0,0,1.9383140925644e-11,1.21997404098511,24.4984855651855,70.2441482543945,83.7140655517578,86.2285537719727,87.1280212402344,87.7189712524414,86.3691482543945,83.4970855712891
NaN,NaN,NaN,NaN,NaN,NaN,NaN,NaN,NaN,NaN,NaN,NaN,NaN,NaN,NaN,0,0,0,0,0,4.70381936526487e-12,2.56528639793396,24.9310550689697,68.7643585205078,83.3973083496094,85.7714538574219,87.0463409423828,87.6958160400391,86.4760437011719,83.4109344482422
NaN,NaN,NaN,NaN,NaN,NaN,NaN,NaN,NaN,NaN,NaN,NaN,NaN,NaN,NaN,0,0,0,0,0,3.29822540806601e-12,2.81415104866028,24.9386692047119,66.958740234375,83.2586212158203,85.4771270751953,86.9107513427734,87.6614837646484,86.5954513549805,83.3394088745117
NaN,NaN,NaN,NaN,NaN,NaN,NaN,NaN,NaN,NaN,NaN,NaN,NaN,NaN,NaN,0,0,0,0,0,1.61694507609667e-12,4.28774261474609,24.8271045684814,64.9693756103516,83.1568832397461,85.434455871582,86.7754287719727,87.6263046264648,86.7003326416016,83.2997970581055
NaN,NaN,NaN,NaN,NaN,NaN,NaN,NaN,NaN,NaN,NaN,NaN,NaN,NaN,NaN,NaN,0,0,0,0,0,5.76853799819946,24.6464748382568,62.7167892456055,82.9798049926758,85.5181427001953,86.6579742431641,87.5695190429688,86.7962646484375,83.2626724243164
NaN,NaN,NaN,NaN,NaN,NaN,NaN,NaN,NaN,NaN,NaN,NaN,NaN,NaN,NaN,NaN,0,0,0,0,NaN,8.33252620697021,24.4559555053711,60.5031318664551,82.5925674438477,85.5519027709961,86.4992294311523,87.4937133789063,86.8810424804688,83.2265853881836
NaN,NaN,NaN,NaN,NaN,NaN,NaN,NaN,NaN,NaN,NaN,NaN,NaN,NaN,NaN,NaN,0,0,0,0,NaN,11.8708467483521,24.6802291870117,58.2983894348145,81.9525756835938,85.4559478759766,86.322868347168,87.4158630371094,86.9451370239258,83.1915130615234
NaN,NaN,NaN,NaN,NaN,NaN,NaN,NaN,NaN,NaN,NaN,NaN,NaN,NaN,NaN,NaN,0,0,0,0,9.25484855542891e-05,11.7803020477295,24.974967956543,56.1765060424805,81.2221755981445,85.2980651855469,86.1687850952148,87.3361358642578,87.012321472168,83.1662826538086
NaN,NaN,NaN,NaN,NaN,NaN,NaN,NaN,NaN,NaN,NaN,NaN,NaN,NaN,NaN,NaN,0,0,0,0,0.00561503460630774,11.4089412689209,25.5974674224854,54.3844985961914,79.9395446777344,85.0915069580078,86.036491394043,87.2628707885742,87.087532043457,83.1562805175781
NaN,NaN,NaN,NaN,NaN,NaN,NaN,NaN,NaN,NaN,NaN,NaN,NaN,NaN,NaN,NaN,0,0,0,7.97590906204128e-17,0.0122275687754154,11.7353773117065,26.2540588378906,52.6904716491699,78.5253372192383,84.8238372802734,85.8991470336914,87.1580200195313,87.1445922851563,83.1613464355469
NaN,NaN,NaN,NaN,NaN,NaN,NaN,NaN,NaN,NaN,NaN,NaN,NaN,NaN,NaN,NaN,0,0,0,2.42468422167905e-16,0.0391888916492462,12.2797212600708,27.1647968292236,50.9687728881836,77.13525390625,84.5608367919922,85.7628784179688,87.0265808105469,87.1696624755859,83.2111587524414
NaN,NaN,NaN,NaN,NaN,NaN,NaN,NaN,NaN,NaN,NaN,NaN,NaN,NaN,NaN,NaN,0,0,0,7.09496554779035e-16,0.0613519065082073,13.2080821990967,28.0845813751221,49.9938201904297,75.3859786987305,84.2869720458984,85.6276550292969,86.8968963623047,87.1878128051758,83.2632675170898
NaN,NaN,NaN,NaN,NaN,NaN,NaN,NaN,NaN,NaN,NaN,NaN,NaN,NaN,NaN,NaN,NaN,0,0,3.05044143699036e-14,0.148818850517273,14.4896354675293,29.1917495727539,49.1097221374512,74.0710296630859,83.9234390258789,85.500602722168,86.7803497314453,87.204345703125,83.3147735595703
NaN,NaN,NaN,NaN,NaN,NaN,NaN,NaN,NaN,NaN,NaN,NaN,NaN,NaN,NaN,NaN,NaN,0,0,1.58812063976929e-13,0.342882871627808,15.7697620391846,30.3037338256836,48.4734497070313,72.8965377807617,83.6102523803711,85.3436965942383,86.683349609375,87.2185745239258,83.370246887207
NaN,NaN,NaN,NaN,NaN,NaN,NaN,NaN,NaN,NaN,NaN,NaN,NaN,NaN,NaN,NaN,NaN,0,0,4.21769737191102e-12,0.802767753601074,16.8962650299072,31.2487297058105,48.1405334472656,71.6606826782227,83.3303756713867,85.2006225585938,86.6078109741211,87.228630065918,83.4471817016602
NaN,NaN,NaN,NaN,NaN,NaN,NaN,NaN,NaN,NaN,NaN,NaN,NaN,NaN,NaN,NaN,NaN,0,0,7.66826810383314e-11,1.41605937480927,17.9440593719482,32.0386810302734,47.7085723876953,70.8282775878906,83.0370025634766,85.0912094116211,86.5328521728516,87.2374267578125,83.5267868041992
NaN,NaN,NaN,NaN,NaN,NaN,NaN,NaN,NaN,NaN,NaN,NaN,NaN,0,NaN,NaN,NaN,0,0,2.51109644189285e-09,2.18366050720215,18.9602146148682,32.7072715759277,47.3811416625977,70.2512512207031,82.840705871582,84.9856033325195,86.4702453613281,87.2543869018555,83.6062240600586
NaN,NaN,NaN,NaN,NaN,NaN,NaN,NaN,NaN,NaN,NaN,NaN,NaN,0,NaN,NaN,0,0,0,2.89539219266999e-08,3.17166972160339,19.8063793182373,33.3182106018066,47.1069145202637,69.6852951049805,82.6952133178711,84.8507232666016,86.4204025268555,87.2944717407227,83.6838760375977
NaN,NaN,NaN,NaN,NaN,NaN,NaN,NaN,NaN,NaN,NaN,NaN,NaN,0,0,NaN,0,0,0,7.02298393662204e-07,3.99971151351929,20.4853000640869,33.8687324523926,46.8092422485352,69.1432495117188,82.5624771118164,84.7046279907227,86.3938064575195,87.3199691772461,83.7509002685547
NaN,NaN,NaN,NaN,NaN,NaN,NaN,NaN,NaN,NaN,NaN,NaN,NaN,0,0,NaN,0,0,0,4.32433080277406e-06,4.75076961517334,21.1720066070557,34.4326477050781,46.5640449523926,68.5899124145508,82.3686294555664,84.5644454956055,86.3840637207031,87.3441314697266,83.8204956054688
NaN,NaN,NaN,NaN,NaN,NaN,NaN,NaN,NaN,NaN,NaN,NaN,NaN,0,0,NaN,0,0,3.99013494656125e-22,7.3238908953499e-05,5.53903675079346,21.8431034088135,34.927791595459,46.3452186584473,67.9655380249023,82.1861114501953,84.4293975830078,86.3845367431641,87.3715362548828,83.8915710449219
NaN,NaN,NaN,NaN,NaN,NaN,NaN,NaN,NaN,NaN,NaN,NaN,NaN,0,0,NaN,0,0,1.3041483393105e-17,0.000541051209438592,6.60103797912598,22.3658180236816,35.2970504760742,46.1328048706055,67.4075164794922,81.9399108886719,84.3094100952148,86.376594543457,87.4039840698242,83.9631576538086
NaN,NaN,NaN,NaN,NaN,NaN,NaN,NaN,NaN,NaN,NaN,NaN,NaN,0,0,0,0,0,1.50088071853606e-14,0.00904853921383619,8.2780122756958,22.7782020568848,35.3922271728516,45.9313735961914,66.7180557250977,81.6474990844727,84.1933364868164,86.3877105712891,87.4279251098633,84.037971496582
NaN,NaN,NaN,NaN,NaN,NaN,NaN,NaN,NaN,NaN,NaN,NaN,NaN,0,0,0,0,0,2.86574985963739e-10,0.0582259856164455,10.2137870788574,23.180305480957,35.1802978515625,45.7549514770508,65.8142166137695,81.2422256469727,84.0832138061523,86.401969909668,87.4503326416016,84.1139755249023
NaN,NaN,NaN,NaN,NaN,NaN,NaN,NaN,NaN,NaN,NaN,NaN,NaN,0,0,0,0,0,7.97415466990969e-09,0.324376732110977,12.0028581619263,23.4009227752686,34.6379089355469,45.5426139831543,64.8518371582031,80.8354110717773,83.9858703613281,86.4194183349609,87.4637985229492,84.1903839111328
NaN,NaN,NaN,NaN,NaN,NaN,NaN,NaN,NaN,NaN,NaN,NaN,NaN,0,0,0,0,0,4.95821893764514e-07,0.898840367794037,13.5229053497314,23.3593635559082,33.5842895507813,45.2255210876465,63.8591537475586,80.4368896484375,83.8824996948242,86.446662902832,87.4871368408203,84.2661285400391
NaN,NaN,NaN,NaN,NaN,NaN,NaN,NaN,NaN,NaN,NaN,NaN,NaN,0,0,0,0,8.58602646347536e-23,2.35400766541716e-05,1.99733352661133,14.6160144805908,23.0597267150879,32.2991371154785,44.6507148742676,62.8210182189941,80.0221862792969,83.8109741210938,86.4734268188477,87.519660949707,84.3310546875
NaN,NaN,NaN,NaN,NaN,NaN,NaN,NaN,NaN,NaN,NaN,NaN,NaN,0,0,0,0,1.12359315949013e-19,0.000162592317792587,3.52599620819092,15.3569850921631,22.5414352416992,30.941614151001,43.8232116699219,61.9109764099121,79.4673004150391,83.7275238037109,86.5070190429688,87.5466995239258,84.3876800537109
NaN,NaN,NaN,NaN,NaN,NaN,NaN,NaN,NaN,NaN,NaN,NaN,NaN,0,0,0,0,4.87053953556635e-18,0.00207630870863795,4.772780418396,15.7051620483398,22.0035076141357,29.6304740905762,42.6444816589355,61.0898666381836,78.8544769287109,83.6530914306641,86.5292816162109,87.5578918457031,84.4655456542969
NaN,NaN,NaN,NaN,NaN,NaN,NaN,NaN,NaN,NaN,NaN,NaN,NaN,0,0,0,0,1.63432008676084e-14,0.0101154185831547,5.65962409973145,15.6723394393921,21.6108512878418,28.5656814575195,41.0635185241699,60.1098251342773,78.2420501708984,83.5541687011719,86.5420608520508,87.5762329101563,84.5517730712891
NaN,NaN,NaN,NaN,NaN,NaN,NaN,NaN,NaN,NaN,NaN,NaN,NaN,0,0,0,0,9.2540981388306e-13,0.0426820404827595,6.57828521728516,15.6476821899414,21.289571762085,27.8287792205811,39.1844673156738,58.9075164794922,77.6056976318359,83.4673309326172,86.5688934326172,87.5941467285156,84.6382827758789
NaN,NaN,NaN,NaN,NaN,NaN,NaN,NaN,NaN,NaN,NaN,NaN,NaN,0,0,0,0,8.68640315926372e-12,0.119487710297108,7.69868326187134,15.7779636383057,21.1419143676758,27.2896556854248,37.3861236572266,57.3728103637695,76.9348907470703,83.3823776245117,86.5964202880859,87.6083374023438,84.7250747680664
NaN,NaN,NaN,NaN,NaN,NaN,NaN,NaN,NaN,NaN,NaN,NaN,NaN,0,0,0,0,4.31232383135693e-10,0.194284066557884,8.83517169952393,15.9970951080322,21.2121105194092,26.9449653625488,35.6330528259277,55.7268218994141,76.1109619140625,83.2846832275391,86.6229553222656,87.6268768310547,84.8022766113281
NaN,NaN,NaN,NaN,NaN,NaN,NaN,NaN,NaN,NaN,NaN,NaN,NaN,0,0,0,0,5.46949285862297e-09,0.335696280002594,9.42320823669434,16.3526744842529,21.4993381500244,26.8883800506592,34.026237487793,53.9241561889648,75.2578887939453,83.168815612793,86.6540069580078,87.6472625732422,84.8616409301758
NaN,NaN,NaN,NaN,NaN,NaN,NaN,NaN,NaN,NaN,NaN,NaN,NaN,0,0,0,1.74342677674913e-24,4.12838430108309e-09,0.517122089862823,9.34014987945557,16.7874298095703,22.0740833282471,27.1055335998535,32.6695327758789,51.9697952270508,74.4218444824219,82.998649597168,86.690071105957,87.6610336303711,84.9154052734375
NaN,NaN,NaN,NaN,NaN,NaN,NaN,NaN,NaN,NaN,NaN,NaN,NaN,0,0,0,5.47090941206621e-23,1.22500253496582e-07,0.594451367855072,8.98358345031738,17.2642688751221,23.0866832733154,27.4723854064941,31.7050933837891,49.8463554382324,73.5637664794922,82.7750930786133,86.7385940551758,87.679443359375,84.9697418212891
NaN,NaN,NaN,NaN,NaN,NaN,NaN,NaN,NaN,NaN,NaN,NaN,NaN,0,0,0,3.04775686242283e-21,4.27762103072382e-07,0.567169487476349,8.89261627197266,18.0203971862793,24.4362602233887,27.8882675170898,31.0348777770996,47.5434532165527,72.6176071166992,82.4853439331055,86.764533996582,87.7041244506836,85.0250625610352
NaN,NaN,NaN,NaN,NaN,NaN,NaN,NaN,NaN,NaN,NaN,NaN,NaN,0,0,0,3.1066285780853e-18,1.53498874055913e-07,0.496956348419189,9.19137191772461,19.3539924621582,25.7123050689697,28.2954845428467,30.4665603637695,45.4198951721191,71.4560546875,82.177619934082,86.7953109741211,87.7292785644531,85.0813598632813
NaN,NaN,NaN,NaN,NaN,NaN,NaN,NaN,NaN,NaN,NaN,NaN,NaN,0,0,0,1.76249805027675e-17,5.29253370018523e-08,0.443831443786621,9.74910449981689,20.787260055542,26.6381320953369,28.5688762664795,29.9604721069336,43.6608543395996,70.0774841308594,81.8341827392578,86.8203735351563,87.7551574707031,85.1341781616211
NaN,NaN,NaN,NaN,NaN,NaN,NaN,NaN,NaN,NaN,NaN,0,0,0,0,0,4.12334745368332e-17,4.8108170780381e-09,0.452696144580841,10.4768342971802,21.8318271636963,27.2546710968018,28.6759414672852,29.5339546203613,42.068489074707,68.7477188110352,81.4943084716797,86.8373641967773,87.7879104614258,85.1705169677734
NaN,NaN,NaN,NaN,NaN,NaN,NaN,NaN,NaN,NaN,0,0,0,0,0,0,4.46796810222965e-18,1.22664711721399e-09,0.571016192436218,11.1549396514893,22.316104888916,27.6668872833252,28.7134017944336,29.1557884216309,40.5657577514648,67.5163803100586,81.1222610473633,86.8668518066406,87.8163146972656,85.2070541381836
NaN,NaN,NaN,NaN,NaN,NaN,NaN,NaN,NaN,NaN,0,0,0,0,0,0,0,4.69414063175577e-10,0.743481636047363,11.5101556777954,22.4105186462402,27.9406032562256,28.7763595581055,28.899600982666,39.1880340576172,66.3305740356445,80.7198791503906,86.8667755126953,87.848388671875,85.2297210693359
NaN,NaN,NaN,NaN,NaN,NaN,NaN,NaN,NaN,NaN,NaN,0,0,0,0,0,0,1.59480970096659e-11,0.821785986423492,11.5909204483032,22.4017925262451,27.9861488342285,28.7867164611816,28.6524028778076,37.9256896972656,65.065055847168,80.2874603271484,86.8766937255859,87.8666458129883,85.2467956542969
NaN,NaN,NaN,NaN,NaN,NaN,NaN,NaN,NaN,NaN,NaN,0,0,0,0,0,0,7.83029348826181e-13,0.838351547718048,11.5640649795532,22.3813781738281,27.7543926239014,28.6394348144531,28.2780647277832,36.7751998901367,63.7510948181152,79.7731246948242,86.8703002929688,87.8867721557617,85.2636337280273
NaN,NaN,NaN,NaN,NaN,NaN,NaN,NaN,NaN,NaN,NaN,0,0,0,0,9.65093027195141e-21,0,7.83604737883734e-18,0.870501697063446,11.696964263916,22.3250102996826,27.3669605255127,28.2641639709473,27.7990970611572,35.6754684448242,62.311450958252,79.3159790039063,86.8633804321289,87.9216384887695,85.2802276611328
NaN,NaN,NaN,NaN,NaN,NaN,NaN,NaN,NaN,NaN,NaN,0,0,0,3.60961608164762e-15,2.31345159034782e-16,0,2.12861158414195e-15,1.00749671459198,12.1489562988281,22.2187557220459,26.9847183227539,27.788537979126,27.3225002288818,34.6321067810059,60.7194290161133,78.8726425170898,86.8456954956055,87.958625793457,85.286750793457
NaN,NaN,NaN,NaN,NaN,NaN,NaN,NaN,NaN,NaN,NaN,0,0,0,5.74701094005481e-12,3.78008117429135e-13,0,1.82050864353412e-15,1.11350977420807,12.4543342590332,22.024206161499,26.6451568603516,27.3306121826172,26.8724708557129,33.7162551879883,58.9906272888184,78.4712142944336,86.8425216674805,87.9945297241211,85.2716445922852
NaN,NaN,NaN,NaN,NaN,NaN,NaN,NaN,NaN,NaN,NaN,0,0,0,8.02628452589715e-09,6.35857422270902e-10,0,1.93138053835619e-13,1.15106880664825,12.6380205154419,21.7106189727783,26.2989196777344,26.8383350372314,26.3766078948975,32.8671264648438,57.193546295166,78.1258163452148,86.8258361816406,88.0104598999023,85.2770690917969
NaN,NaN,NaN,NaN,NaN,NaN,NaN,NaN,NaN,NaN,NaN,0,0,0,5.54241923964582e-05,1.71341682175807e-07,0,1.55777432619963e-10,1.36057305335999,12.9465017318726,21.3261299133301,25.9534873962402,26.2126274108887,25.76047706604,32.132137298584,55.3618774414063,77.7483978271484,86.8135681152344,88.0286865234375,85.3022689819336
NaN,NaN,NaN,NaN,NaN,NaN,NaN,NaN,NaN,NaN,NaN,0,0,0,0.0176446009427309,NaN,0,2.24964605877176e-06,1.69471204280853,13.1124048233032,21.2832698822021,25.6055717468262,25.3332614898682,25.0166053771973,31.539493560791,53.3220710754395,77.3806228637695,86.8163833618164,88.0539779663086,85.3287811279297
NaN,NaN,NaN,NaN,NaN,NaN,NaN,NaN,NaN,NaN,NaN,NaN,0,0,0.457149416208267,0.628161668777466,0,0.0345806404948235,2.45562982559204,13.3951292037964,21.6842765808105,25.1208896636963,23.9835300445557,24.0284557342529,30.9748916625977,51.3653984069824,76.8825454711914,86.8166732788086,88.0780181884766,85.3305130004883
NaN,NaN,NaN,NaN,NaN,NaN,NaN,NaN,NaN,NaN,NaN,NaN,0,0,2.95742988586426,2.39219045639038,4.03049642992424e-17,0.231378555297852,3.93768739700317,14.0937566757202,22.2365226745605,24.4276523590088,22.4798545837402,23.0668201446533,30.3807983398438,49.5094757080078,76.4055328369141,86.809326171875,88.0953826904297,85.302360534668
NaN,NaN,NaN,NaN,NaN,NaN,NaN,NaN,NaN,NaN,NaN,NaN,0,0.174706265330315,3.92549562454224,3.3831193447113,2.76765502876808e-12,0.628961563110352,5.86684417724609,14.9801435470581,22.6265544891357,23.5260314941406,21.1732921600342,22.3411464691162,29.8230075836182,47.728832244873,75.9653015136719,86.8188629150391,88.1149826049805,85.2690505981445
NaN,NaN,NaN,NaN,NaN,NaN,NaN,NaN,NaN,NaN,NaN,NaN,0,0.963237047195435,3.43932628631592,2.59796261787415,0.003458860097453,1.33807897567749,7.06494379043579,15.8728733062744,22.7767295837402,22.6154441833496,20.3150997161865,21.6964836120605,29.3016815185547,46.2168922424316,75.3834228515625,86.8346481323242,88.138786315918,85.2287979125977
NaN,NaN,NaN,NaN,NaN,NaN,NaN,NaN,NaN,NaN,NaN,NaN,0,0.322777509689331,2.3873393535614,1.55506360530853,0.0501118376851082,2.24512815475464,8.0158863067627,16.5224933624268,22.5949077606201,21.7542419433594,19.6273326873779,21.1741752624512,28.8161602020264,44.7731666564941,75.0796890258789,86.847282409668,88.1332473754883,85.2223815917969
NaN,NaN,NaN,NaN,NaN,NaN,NaN,NaN,NaN,NaN,NaN,NaN,0,0.283288270235062,1.66349613666534,0.786624372005463,0.16799932718277,3.27718663215637,9.17582035064697,17.1187992095947,22.0992126464844,20.8715953826904,18.92018699646,20.6761608123779,28.4048652648926,43.7123641967773,74.6023406982422,86.9275894165039,88.1370468139648,85.2229156494141
NaN,NaN,NaN,NaN,NaN,NaN,NaN,NaN,NaN,NaN,NaN,NaN,0,0.117378249764442,0.835530281066895,0.173291519284248,0.325598955154419,4.44588851928711,10.8992357254028,17.5792026519775,21.2953014373779,20.043155670166,18.1165828704834,20.1976375579834,28.0800819396973,42.817066192627,74.4568710327148,86.9358139038086,88.1428451538086,85.2234573364258
NaN,NaN,NaN,NaN,NaN,NaN,NaN,NaN,NaN,NaN,NaN,NaN,0,0.012122574262321,0.121626548469067,0.00447633257135749,0.676584601402283,5.82761859893799,12.231593132019,18.0277919769287,20.3318023681641,19.3583831787109,17.1701946258545,19.7132778167725,27.8324279785156,41.8458251953125,74.2606735229492,87.0051651000977,88.1455688476563,85.224006652832
NaN,NaN,NaN,NaN,NaN,NaN,NaN,NaN,NaN,NaN,NaN,NaN,0,0,0,4.81066297908228e-10,1.49542450904846,6.77959680557251,13.3409652709961,18.3591632843018,19.4190540313721,18.7513294219971,16.1771125793457,19.2680835723877,27.6436653137207,41.3723182678223,74.357551574707,87.095458984375,88.1470108032227,85.2245559692383
NaN,NaN,NaN,NaN,NaN,NaN,NaN,NaN,NaN,NaN,NaN,0,0,0,0,1.24173267154748e-11,2.3433985710144,7.16244745254517,13.9833555221558,18.5019874572754,18.5193023681641,18.0940341949463,15.0405464172363,18.8771572113037,27.5551433563232,41.0307998657227,74.348518371582,87.0915832519531,88.1484451293945,85.2251129150391
NaN,NaN,NaN,NaN,NaN,NaN,NaN,NaN,NaN,NaN,NaN,0,0,0,0,0.020532263442874,3.06062722206116,8.97979068756104,14.7986068725586,18.3559703826904,17.5964183807373,17.1340103149414,13.7741479873657,18.5709495544434,27.6155738830566,40.780345916748,74.4991149902344,87.2048187255859,88.094367980957,85.5606231689453
NaN,NaN,NaN,NaN,NaN,NaN,NaN,NaN,NaN,NaN,NaN,0,0,0,0,0.0311749782413244,3.39157795906067,10.0833530426025,15.4449033737183,17.9216060638428,16.7844619750977,15.9311656951904,12.7527732849121,18.1899929046631,27.6561622619629,40.9187164306641,74.6159820556641,87.2083282470703,88.0928802490234,85.561767578125
NaN,NaN,NaN,NaN,NaN,NaN,NaN,NaN,NaN,NaN,0,0,0,0,0,0.0788531824946404,3.65477132797241,10.7860584259033,15.8802165985107,17.3675785064697,15.8533554077148,14.997275352478,11.7432403564453,17.7538166046143,27.8136768341064,41.1242332458496,75.0830688476563,87.2742614746094,88.0913848876953,85.5629119873047
NaN,NaN,NaN,NaN,NaN,NaN,NaN,NaN,NaN,NaN,0,0,0,0,0,0.244752153754234,4.1589183807373,11.2767581939697,15.8607616424561,16.3253402709961,14.8837833404541,14.4980506896973,10.833459854126,17.5821189880371,28.1205825805664,41.7519950866699,75.4996871948242,87.286247253418,88.0632858276367,85.5640640258789
0,NaN,NaN,NaN,NaN,NaN,NaN,NaN,NaN,NaN,0,0,0,0,0,0.550746440887451,4.8354377746582,11.4878702163696,15.14271068573,14.3559131622314,14.3023099899292,14.4203300476074,10.1407308578491,17.5197086334229,28.6120853424072,42.4794120788574,76.1012573242188,87.3195571899414,88.011962890625,85.5652236938477
0,NaN,NaN,NaN,NaN,NaN,NaN,NaN,NaN,NaN,0,0,0,0,0,0.887748956680298,5.56588363647461,11.1780576705933,13.3541946411133,11.6307764053345,13.9384384155273,14.9355564117432,9.77749919891357,17.754789352417,29.2743263244629,43.3721733093262,76.8919372558594,87.3585739135742,87.9776916503906,85.5663833618164
0,0,NaN,NaN,NaN,NaN,NaN,NaN,NaN,NaN,NaN,0,0,0,0,1.21660995483398,6.03013896942139,10.0669803619385,10.6105670928955,9.77842998504639,13.6437654495239,15.756329536438,10.0128564834595,18.3153800964355,30.0179004669189,44.775993347168,77.5380096435547,87.3413772583008,87.9310684204102,85.5504913330078
0,0,NaN,NaN,NaN,NaN,NaN,NaN,NaN,NaN,NaN,0,0,0,0,1.50723993778229,5.97733163833618,8.44399929046631,8.50189113616943,8.3731575012207,13.3664493560791,16.7780532836914,10.8574047088623,19.0058326721191,30.7545547485352,46.2435836791992,78.5286407470703,87.3701705932617,87.8608322143555,85.4602890014648
0,0,NaN,NaN,NaN,NaN,NaN,NaN,NaN,NaN,0,0,0,0,0,1.57370865345001,5.32666921615601,6.81274461746216,6.59677028656006,7.55032682418823,13.2354183197021,17.887357711792,12.4833583831787,19.8137893676758,31.5128326416016,48.273853302002,79.3412017822266,87.3712158203125,87.8124694824219,85.4417114257813
0,0,NaN,NaN,NaN,NaN,NaN,NaN,NaN,NaN,0,0,0,0,0,1.21900236606598,4.29396629333496,4.86988687515259,4.94322347640991,6.89633989334106,13.3385438919067,18.8652648925781,14.4969615936279,20.5788307189941,32.3589668273926,50.5887794494629,80.2358474731445,87.3543167114258,87.7744293212891,85.4379806518555
0,NaN,NaN,NaN,NaN,NaN,NaN,NaN,NaN,0,0,0,0,0,0,0.542517066001892,2.96094012260437,3.14767956733704,3.29039740562439,6.47878932952881,13.7161808013916,19.7101497650146,16.7081851959229,21.4657535552979,33.2988815307617,53.1828804016113,81.2108840942383,87.3376922607422,87.6915969848633,85.4460830688477
0,0,NaN,NaN,NaN,NaN,NaN,NaN,NaN,0,0,0,0,0,0,0.0915466770529747,1.41069352626801,1.33347535133362,1.97552895545959,6.43579530715942,14.4192934036255,20.6131629943848,18.8326454162598,22.4788284301758,34.3399124145508,56.2192268371582,81.9073333740234,87.3219909667969,87.6069946289063,85.464241027832
0,0,NaN,NaN,NaN,NaN,NaN,NaN,NaN,0,0,0,0,0,0,0.00196717376820743,0.192859828472137,0.160792857408524,1.08319067955017,6.76076984405518,15.5082912445068,21.6265716552734,20.5310516357422,23.5737419128418,35.5959968566895,59.3187217712402,82.7011566162109,87.2770385742188,87.5381011962891,85.4812240600586
NaN,0,NaN,NaN,NaN,NaN,NaN,NaN,NaN,0,0,0,0,0,0,1.23671366480949e-08,0.00324496603570879,0.00347645953297615,1.03694808483124,7.63334178924561,16.9602966308594,22.8529434204102,22.042911529541,24.7917613983154,37.165283203125,62.6506080627441,83.2919235229492,87.2344741821289,87.4410781860352,85.4910736083984
0,NaN,NaN,NaN,NaN,NaN,NaN,NaN,NaN,0,0,0,0,0,0,1.18301581638475e-13,1.03787360785645e-05,9.36973265197594e-06,1.48115611076355,9.04515647888184,18.730073928833,24.602123260498,23.8062381744385,26.2856960296631,39.0352897644043,65.9483947753906,83.8459167480469,87.2121124267578,87.3123016357422,85.4934921264648
0,NaN,NaN,NaN,NaN,NaN,NaN,NaN,NaN,0,0,0,0,0,0,1.90189895252046e-18,1.08561803990881e-09,3.73770694750419e-06,2.1910183429718,10.9086885452271,21.2566375732422,26.5769329071045,25.7749614715576,27.8622398376465,41.3109970092773,69.1114044189453,84.3539047241211,87.1654434204102,87.1961669921875,85.5008544921875
0,NaN,NaN,NaN,NaN,NaN,NaN,NaN,NaN,0,0,0,0,0,0,4.43372491867088e-20,7.82025540244785e-15,1.23501240523183e-05,2.81159996986389,12.6456003189087,23.6938362121582,28.584846496582,27.7554874420166,29.3596096038818,43.9776916503906,72.0858840942383,84.7566604614258,87.1059951782227,87.0681457519531,85.5105667114258
0,NaN,NaN,NaN,NaN,NaN,NaN,NaN,NaN,0,0,0,0,0,0,0,2.34481508505959e-26,2.34198341786396e-06,3.15920925140381,13.7973670959473,25.4714012145996,30.5659770965576,29.6170978546143,30.9059143066406,47.0404281616211,74.8343200683594,85.1716384887695,87.0806121826172,86.9001617431641,85.5201568603516
0,NaN,NaN,NaN,NaN,NaN,NaN,NaN,NaN,0,0,0,0,0,0,0,0,0.0078277662396431,3.36264777183533,14.4035863876343,26.7254199981689,32.3054237365723,31.3810234069824,32.5503463745117,50.5346183776855,77.4514770507813,85.5064468383789,87.0408706665039,86.7722473144531,85.529655456543
0,NaN,NaN,NaN,NaN,NaN,NaN,NaN,0,0,0,0,0,0,0,0,0,0.0392040945589542,3.76986861228943,14.6575946807861,27.565113067627,33.741039276123,32.8847007751465,34.3065032958984,54.3732414245605,79.6328811645508,85.797477722168,87.012580871582,86.6838912963867,85.5411682128906
0,NaN,NaN,NaN,NaN,NaN,NaN,NaN,0,0,0,0,0,0,0,0,0,0.101592309772968,4.48693990707397,14.9241733551025,28.1402912139893,34.8411750793457,34.0136756896973,36.2021980285645,58.4147529602051,81.2797622680664,86.0206909179688,87.0048599243164,86.6189575195313,85.5710372924805
0,NaN,NaN,NaN,NaN,NaN,NaN,NaN,NaN,NaN,0,0,0,0,0,0,0,0.252379536628723,5.41404104232788,15.7867374420166,28.8041229248047,35.7326583862305,35.0088233947754,38.239444732666,62.3647575378418,82.5875549316406,86.2198028564453,87.0216751098633,86.5854568481445,85.6049270629883
0,0,NaN,NaN,NaN,NaN,NaN,NaN,NaN,0,0,0,0,0,0,0,0,0.535160183906555,6.62877559661865,17.1824340820313,29.6130809783936,36.5199012756348,36.1037445068359,40.519832611084,66.25537109375,83.5994873046875,86.4121475219727,87.0623016357422,86.5780029296875,85.6286849975586
0,0,NaN,NaN,NaN,NaN,NaN,NaN,NaN,0,0,0,0,0,0,0,0,0.887462973594666,7.77875995635986,18.9273242950439,30.5723972320557,37.4064521789551,37.4285736083984,43.1220932006836,70.1020812988281,84.2959747314453,86.5717163085938,87.0999450683594,86.5959014892578,85.6493988037109
0,0,NaN,NaN,NaN,NaN,NaN,NaN,NaN,0,0,0,0,0,0,0,0,1.15719974040985,8.74671268463135,20.5888023376465,31.6420593261719,38.6070442199707,38.8208312988281,46.2196769714355,73.6381912231445,84.8619613647461,86.7321319580078,87.1215896606445,86.6544189453125,85.6694641113281
0,0,0,NaN,NaN,NaN,NaN,NaN,NaN,0,0,0,0,0,0,0,2.5381906645916e-11,1.40452635288239,9.584228515625,22.1176891326904,32.6807174682617,39.8905944824219,40.2726364135742,49.8708572387695,76.5460205078125,85.3695220947266,86.8587112426758,87.1374816894531,86.6909713745117,85.6889038085938
0,0,0,NaN,NaN,NaN,NaN,NaN,NaN,0,0,0,0,0,0,0,4.48830497849773e-24,1.69986259937286,10.3214616775513,23.3817481994629,33.574089050293,41.2012138366699,41.8171081542969,54.1285591125488,78.8399353027344,85.8044128417969,86.9740753173828,87.1496047973633,86.7110214233398,85.7078399658203
0,0,0,NaN,0,NaN,NaN,NaN,NaN,0,0,0,0,0,0,0,2.33519756900446e-23,1.93844330310822,10.8866558074951,24.108699798584,34.718017578125,42.4691123962402,43.5135040283203,58.5495223999023,80.7854461669922,86.18896484375,87.0488815307617,87.1542282104492,86.7385025024414,85.7271270751953
0,0,0,0,0,NaN,NaN,NaN,NaN,0,0,0,0,0,0,0,3.69968638888509e-17,2.11569237709045,11.3329839706421,24.3974456787109,36.0497131347656,43.9055366516113,45.5227241516113,62.884693145752,82.4142074584961,86.5191802978516,87.1111068725586,87.1547164916992,86.7391204833984,85.6814727783203
0,0,0,0,0,NaN,NaN,NaN,NaN,0,0,0,0,0,0,0,3.90520813386627e-14,2.41916346549988,11.5468769073486,24.4798049926758,37.5373382568359,45.8348770141602,48.056396484375,67.1467742919922,83.770622253418,86.7570114135742,87.1552047729492,87.1514587402344,86.7189025878906,85.599609375
0,0,0,0,0,0,0,NaN,0,0,0,0,0,0,0,1.02871235951391e-22,8.66521854270275e-11,2.96544122695923,11.8465824127197,24.2351589202881,39.4146156311035,47.9917449951172,51.1686973571777,71.2646789550781,84.7358932495117,86.9399948120117,87.1864929199219,87.1478881835938,86.6988983154297,85.5190658569336
0,0,0,0,0,0,0,NaN,0,0,0,0,0,0,0,1.26533081594504e-19,0.00213398016057909,3.65792989730835,12.8457698822021,24.0615940093994,41.4396667480469,49.8721237182617,54.9741744995117,74.7084655761719,85.4978408813477,87.0802307128906,87.2103500366211,87.1392211914063,86.6786117553711,85.4398651123047
0,0,0,0,0,0,NaN,NaN,0,0,0,0,0,0,0,3.24517905594125e-18,0.0219412241131067,4.57441520690918,13.8236608505249,24.2100734710693,43.3051147460938,51.8897132873535,59.1631011962891,77.541389465332,86.1813278198242,87.1940994262695,87.2232131958008,87.1293106079102,86.6548385620117,85.3695831298828
0,0,0,0,0,0,NaN,3.89622662001006e-16,3.14393060213701e-16,0,0,0,0,0,0,1.28516175566112e-14,0.0751433745026588,5.40151214599609,14.4910497665405,24.4370765686035,45.2057571411133,54.1539115905762,63.3438301086426,79.9725189208984,86.8131256103516,87.3184509277344,87.2298049926758,87.1147613525391,86.6196746826172,85.3203659057617
0,0,0,0,0,0,NaN,5.21824694565964e-10,7.83235509869279e-13,7.20210972830863e-21,0,0,0,0,0,3.14749237568021e-17,0.15023173391819,5.54158926010132,14.6589336395264,24.6834373474121,47.3521881103516,56.7323265075684,67.5314102172852,82.0244598388672,87.3015747070313,87.467155456543,87.2301864624023,87.0985870361328,86.5850296020508,85.2654647827148
0,0,0,0,0,NaN,4.76659302306448e-11,2.71185626843362e-06,4.05121824975652e-10,1.9249353121946e-17,0,0,0,0,0,1.14865304851182e-20,0.0620287768542767,5.07605075836182,14.417384147644,24.8656253814697,50.1656723022461,60.5391998291016,71.7496490478516,83.5221405029297,87.6940307617188,87.6154098510742,87.2409286499023,87.0805358886719,86.5544891357422,85.2041168212891
0,0,0,0,0,NaN,NaN,0.00922882836312056,6.79082887700133e-08,1.06427911053314e-15,0,0,0,0,0,0,0.00191496382467449,4.01518249511719,14.0443620681763,24.7926349639893,53.9044914245605,65.3083343505859,75.3171691894531,84.7705001831055,88.0424728393555,87.7530975341797,87.2565078735352,87.0599899291992,86.5277633666992,85.1459426879883
0,0,0,0,0,NaN,4.33215808868408,0.427462071180344,1.49206971400417e-06,2.53682534878577e-15,0,0,0,0,0,3.30340329113248e-20,2.1314205955747e-09,2.89463257789612,13.4940986633301,25.0364036560059,57.6208877563477,69.9639739990234,78.5094833374023,85.8189163208008,88.3361434936523,87.8633346557617,87.2909774780273,87.0369873046875,86.5018844604492,85.0892639160156
0,0,0,0,0,0,0.0140772387385368,0.0802438035607338,7.32440923911781e-07,3.68597101964492e-15,0,0,0,0,0,2.60344241055526e-20,2.45746964444571e-11,2.08614063262939,13.2106418609619,25.0948581695557,61.6632804870605,74.0620880126953,81.2929763793945,86.6548919677734,88.5283737182617,87.9515609741211,87.3235473632813,87.0136947631836,86.4760131835938,85.0382537841797
0,0,0,0,0,0,1.1830442417704e-05,0.00041140805114992,5.50173184787894e-10,3.77764162689138e-18,0,0,0,0,0,0,6.09875927537473e-10,1.70615971088409,12.8291692733765,25.614631652832,64.929573059082,77.413818359375,83.6061630249023,87.4139633178711,88.6611785888672,88.0205688476563,87.3567047119141,86.9954376220703,86.4524459838867,85.0045776367188
0,0,0,0,0,0,6.56692666430989e-17,3.01624387934933e-15,2.20090188849963e-23,0,0,0,0,0,0,0,1.18004370164293e-10,1.35433900356293,12.679633140564,26.0528526306152,67.4978256225586,80.3607788085938,85.4876403808594,88.0823287963867,88.7548141479492,88.0741882324219,87.3924102783203,86.9768524169922,86.4344329833984,84.9735946655273
0,0,0,0,0,0,0,0,0,0,0,0,0,0,0,0,5.28907654734205e-17,1.08447015285492,12.4802703857422,26.7032470703125,69.8029861450195,82.8174438476563,86.7824783325195,88.5844650268555,88.8451309204102,88.1111068725586,87.4273529052734,86.9584350585938,86.4271392822266,84.9483871459961
0,0,0,0,0,0,0,0,0,0,0,0,0,0,0,0,1.52763419064762e-15,0.889763116836548,12.488787651062,27.6683235168457,71.783073425293,84.6497192382813,87.7102584838867,88.9814224243164,88.9472808837891,88.1426620483398,87.4577789306641,86.9517059326172,86.4195556640625,84.9419097900391
0,0,0,0,0,0,0,0,0,0,0,0,0,0,0,0,2.59696765265614e-15,0.785390079021454,12.4903659820557,28.7100486755371,74.155876159668,86.0114898681641,88.3118896484375,89.2755813598633,89.0615310668945,88.1528167724609,87.4810256958008,86.9551010131836,86.3999328613281,84.9414138793945
0,0,0,0,0,NaN,0,0,0,0,0,0,0,0,0,0,1.83265319017361e-16,0.855542421340942,12.8224821090698,30.4817161560059,76.0439300537109,87.0117416381836,88.7747421264648,89.4676895141602,89.1575546264648,88.1440124511719,87.5016937255859,86.955940246582,86.3995132446289,84.9422073364258
0,NaN,0,0,0,NaN,0,0,0,0,0,0,0,0,0,0,0,0.921303033828735,13.0168933868408,32.5173416137695,78.158203125,87.6959762573242,89.1840667724609,89.5908050537109,89.2320327758789,88.1324462890625,87.5128631591797,86.9571380615234,86.4066009521484,84.9437408447266
0,NaN,NaN,0,0,NaN,0,0,NaN,0,0,0,0,0,0,0,0,0.844620704650879,13.1959037780762,35.2574157714844,79.941291809082,88.1457443237305,89.5254440307617,89.6549682617188,89.283332824707,88.1252975463867,87.5170440673828,86.9560928344727,86.4123382568359,84.9509811401367
0,NaN,NaN,0,0,NaN,0,NaN,NaN,0,0,0,0,0,0,0,1.22231485530874e-21,0.639547049999237,13.154634475708,38.759952545166,81.7447509765625,88.4631042480469,89.7966613769531,89.7017517089844,89.3141098022461,88.1135482788086,87.5150909423828,86.9721908569336,86.4094161987305,84.9983062744141
NaN,NaN,NaN,0,0,NaN,0,NaN,NaN,NaN,0,0,0,0,0,0,5.00587620994737e-18,0.559063196182251,13.0925674438477,43.2386093139648,83.3006591796875,88.7219696044922,89.9476089477539,89.7580490112305,89.330924987793,88.0969772338867,87.5143890380859,86.9983215332031,86.4027099609375,85.0552749633789
NaN,NaN,NaN,NaN,NaN,NaN,NaN,NaN,NaN,NaN,0,0,0,0,0,0,3.49531163239362e-16,0.496836811304092,13.3634624481201,48.410472869873,84.5298919677734,88.9765396118164,90.0364074707031,89.8188018798828,89.3269653320313,88.0899887084961,87.5116195678711,87.0188140869141,86.3989410400391,85.1134948730469
NaN,NaN,NaN,NaN,NaN,NaN,NaN,NaN,NaN,NaN,0,0,0,0,0,0,2.78549173337488e-14,0.633095383644104,13.929404258728,54.5795211791992,85.6332092285156,89.2219161987305,90.0563583374023,89.8776321411133,89.3138809204102,88.0911102294922,87.5046463012695,87.0365676879883,86.3883438110352,85.172721862793
NaN,NaN,NaN,NaN,NaN,NaN,NaN,NaN,NaN,NaN,0,0,0,0,0,0,7.22186588308915e-10,0.972474336624146,15.2113704681396,61.605339050293,86.4339141845703,89.4171829223633,90.0339813232422,89.9282302856445,89.2889404296875,88.0935363769531,87.5026092529297,87.0633392333984,86.3553848266602,85.2306365966797
NaN,NaN,NaN,NaN,NaN,NaN,NaN,NaN,NaN,NaN,0,0,0,0,0,0,8.22395374022733e-10,1.61511707305908,18.035083770752,68.3471298217773,87.285514831543,89.5788269042969,89.9850921630859,89.9534378051758,89.25341796875,88.1100006103516,87.5023574829102,87.103141784668,86.312629699707,85.2951736450195
NaN,NaN,NaN,NaN,NaN,NaN,NaN,NaN,NaN,NaN,NaN,0,0,0,0,0,5.8097606370211e-07,2.77422308921814,22.6211719512939,74.4026870727539,88.0565567016602,89.6964721679688,89.9258193969727,89.9588165283203,89.2201995849609,88.1186752319336,87.5088424682617,87.1466903686523,86.264533996582,85.3727188110352
NaN,NaN,NaN,NaN,NaN,NaN,NaN,NaN,NaN,NaN,NaN,0,0,0,0,1.04810367128039e-20,1.37779279612005e-05,4.25830602645874,29.0356464385986,79.1938629150391,88.7023849487305,89.8107986450195,89.8604507446289,89.9462738037109,89.1970672607422,88.1036911010742,87.5216369628906,87.1965255737305,86.2178115844727,85.4586181640625
NaN,NaN,NaN,NaN,NaN,NaN,NaN,NaN,NaN,NaN,NaN,0,0,0,0,3.17552900079821e-18,0.000387064676033333,6.08443355560303,37.4106140136719,82.6613693237305,89.2690277099609,89.9139633178711,89.7909774780273,89.9138031005859,89.1643447875977,88.0936584472656,87.5384292602539,87.2317352294922,86.1801528930664,85.5464019775391
NaN,NaN,NaN,NaN,NaN,NaN,NaN,NaN,NaN,NaN,NaN,0,0,0,0,1.93559088740939e-17,0.0062096007168293,8.31923675537109,47.490852355957,85.0754470825195,89.6996154785156,90.0180740356445,89.7283706665039,89.8724212646484,89.1242065429688,88.0781173706055,87.5538940429688,87.2595748901367,86.1710968017578,85.6360549926758
0,NaN,NaN,NaN,NaN,NaN,NaN,NaN,NaN,NaN,0,0,0,0,0,9.55892827542035e-17,0.0449519641697407,11.0164337158203,58.3022232055664,86.7787246704102,90.0381393432617,90.1240310668945,89.6834564208984,89.8310089111328,89.089714050293,88.0380783081055,87.5718688964844,87.2796173095703,86.1869049072266,85.7287826538086
0,NaN,NaN,NaN,NaN,NaN,NaN,NaN,NaN,NaN,0,0,0,0,0,5.48105067531128e-16,0.13848851621151,14.5056028366089,68.3061447143555,88.0894393920898,90.3337478637695,90.2184600830078,89.6773376464844,89.7786407470703,89.0430603027344,88.0108871459961,87.5909881591797,87.3009490966797,86.2171325683594,85.8478012084961
NaN,NaN,NaN,NaN,NaN,NaN,NaN,NaN,NaN,NaN,0,0,0,3.09640684845912e-24,6.50832905736774e-16,2.09515759437367e-15,0.361244797706604,20.3591575622559,75.5388259887695,89.0774993896484,90.5879287719727,90.33056640625,89.7086181640625,89.7253570556641,88.9760589599609,87.9743881225586,87.6060104370117,87.3360443115234,86.2321014404297,85.9798049926758
0,NaN,NaN,NaN,NaN,NaN,NaN,NaN,NaN,NaN,0,0,0,1.15811087933113e-13,2.21877960449035e-09,1.02586239503211e-09,0.756082653999329,26.6129932403564,80.4756393432617,89.8077697753906,90.8288497924805,90.4493560791016,89.7813415527344,89.6458435058594,88.9082946777344,87.930290222168,87.6170959472656,87.3648910522461,86.2719345092773,86.1155776977539
0,NaN,NaN,NaN,NaN,NaN,NaN,NaN,NaN,NaN,0,0,2.21089738851968e-19,4.73044314830418e-09,7.2728144004941e-05,3.34250653395429e-05,1.24364328384399,33.9209976196289,83.8174896240234,90.3628921508789,91.0429382324219,90.5792083740234,89.8684921264648,89.5639877319336,88.7941741943359,87.8990020751953,87.6178970336914,87.3972473144531,86.3121948242188,86.2556610107422
0,0,NaN,NaN,NaN,NaN,NaN,NaN,NaN,NaN,0,0,5.48769454449637e-19,1.26512604765594e-05,0.0750518664717674,0.147825345396996,1.92708265781403,40.5160293579102,86.1920700073242,90.7837448120117,91.2156295776367,90.7050094604492,89.9657211303711,89.4532241821289,88.6805572509766,87.8619918823242,87.6148071289063,87.4367446899414,86.3559722900391,86.4050521850586
0,NaN,NaN,NaN,NaN,NaN,NaN,NaN,NaN,NaN,0,0,0,0.00262149330228567,2.00880813598633,4.03670310974121,3.77579784393311,46.9670219421387,87.7421722412109,91.0840530395508,91.3452682495117,90.8221969604492,90.0414733886719,89.3416137695313,88.5556793212891,87.8186569213867,87.6192016601563,87.4781341552734,86.3690948486328,86.5618057250977
0,NaN,NaN,NaN,NaN,NaN,NaN,NaN,NaN,NaN,0,0,0,0.106387071311474,6.8906135559082,12.1411142349243,9.03833198547363,53.436408996582,88.855583190918,91.2815780639648,91.4242858886719,90.9235992431641,90.1016464233398,89.2209548950195,88.4052963256836,87.7959594726563,87.6127700805664,87.514045715332,86.3581390380859,86.7309417724609
0,NaN,NaN,NaN,NaN,NaN,NaN,NaN,NaN,NaN,0,0,0,0.289405524730682,10.5671148300171,19.6766662597656,16.6837005615234,60.1636352539063,89.6355743408203,91.4008255004883,91.4540863037109,90.9953994750977,90.1308288574219,89.0929412841797,88.2682037353516,87.743522644043,87.5983047485352,87.5456008911133,86.359748840332,86.8595123291016
0,NaN,NaN,NaN,NaN,NaN,NaN,NaN,NaN,NaN,0,0,0,0.351409882307053,12.5192880630493,29.8620586395264,30.0555191040039,68.6793060302734,90.1542205810547,91.4661560058594,91.4453659057617,91.0317001342773,90.1348724365234,88.9603576660156,88.1029586791992,87.6782989501953,87.5816192626953,87.5874786376953,86.3815155029297,86.9239654541016
0,NaN,NaN,NaN,NaN,NaN,NaN,NaN,NaN,NaN,0,0,4.89819652614221e-20,0.36857408285141,13.5733499526978,36.4665679931641,40.6388206481934,75.6244735717773,90.4716796875,91.4990310668945,91.4098663330078,91.0331344604492,90.0927505493164,88.8198089599609,87.9495086669922,87.6043014526367,87.5612640380859,87.6302642822266,86.4720306396484,86.9909286499023
0,NaN,NaN,NaN,NaN,NaN,NaN,NaN,NaN,0,0,0,2.95109246333846e-19,0.369668781757355,14.4213886260986,41.2098197937012,49.8705863952637,80.8548049926758,90.6602401733398,91.5175170898438,91.3609466552734,91.0011138916016,90.0449523925781,88.6714172363281,87.7779388427734,87.5123519897461,87.5386199951172,87.6735000610352,86.5756607055664,87.0604400634766
NaN,NaN,NaN,NaN,NaN,NaN,NaN,NaN,NaN,0,0,0,6.30666228754251e-19,0.357298344373703,15.4274997711182,46.7885856628418,61.8932952880859,84.6723709106445,90.7823181152344,91.5313339233398,91.317626953125,90.948371887207,89.9740676879883,88.4873809814453,87.6049194335938,87.4363708496094,87.5156784057617,87.7248077392578,86.6747436523438,87.1395950317383
NaN,NaN,NaN,NaN,NaN,NaN,NaN,NaN,NaN,0,0,0,3.95143196339604e-19,0.408824473619461,16.5796012878418,55.6726989746094,72.7627410888672,86.6910018920898,90.883918762207,91.5468139648438,91.298095703125,90.8929443359375,89.9019165039063,88.3140716552734,87.4167633056641,87.3290939331055,87.5075531005859,87.7582550048828,86.7643356323242,87.2403945922852
NaN,NaN,NaN,NaN,NaN,NaN,NaN,NaN,NaN,0,0,0,2.89914991526713e-19,0.350097626447678,18.242000579834,66.3087615966797,80.2621994018555,87.8421096801758,90.9848785400391,91.5714645385742,91.2971878051758,90.8369903564453,89.8209533691406,88.1250991821289,87.2459564208984,87.2414627075195,87.4964981079102,87.7828216552734,86.8384475708008,87.3471527099609
NaN,NaN,NaN,NaN,NaN,NaN,NaN,NaN,NaN,0,0,0,2.81821778865312e-19,0.234099313616753,20.2807941436768,74.4874267578125,84.2637100219727,88.539924621582,91.0733947753906,91.614372253418,91.3076171875,90.7817764282227,89.7272644042969,87.9791107177734,87.0317230224609,87.1652755737305,87.4748077392578,87.8131942749023,86.8989562988281,87.4624404907227
NaN,NaN,NaN,NaN,NaN,NaN,NaN,NaN,NaN,0,0,0,2.51297004804515e-19,0.090539887547493,21.0434703826904,79.018180847168,86.047004699707,88.9684982299805,91.1548843383789,91.6629486083984,91.3321762084961,90.7297668457031,89.6252365112305,87.8017501831055,86.8700180053711,87.0652008056641,87.4378509521484,87.831787109375,86.9697036743164,87.6037368774414
NaN,NaN,NaN,NaN,NaN,NaN,NaN,NaN,NaN,0,0,0,5.93409419428797e-20,0.0185919217765331,19.6731281280518,80.4186019897461,86.8389511108398,89.2428588867188,91.2398376464844,91.714241027832,91.35791015625,90.6777038574219,89.5161743164063,87.6830673217773,86.6581649780273,86.9913787841797,87.3700256347656,87.831184387207,87.0158538818359,87.7570724487305
NaN,NaN,NaN,NaN,NaN,NaN,NaN,NaN,NaN,0,0,0,1.63599667813404e-18,0.0013332626549527,16.4210643768311,79.8031921386719,87.1597747802734,89.4103469848633,91.3018188476563,91.7560958862305,91.3916015625,90.6193466186523,89.4344177246094,87.5330047607422,86.499870300293,86.8744583129883,87.2955932617188,87.8251495361328,87.0466842651367,87.9401626586914
NaN,NaN,NaN,NaN,NaN,NaN,NaN,NaN,NaN,0,0,0,9.60657454044789e-18,4.83401563542429e-05,12.4904108047485,78.1261291503906,87.2416458129883,89.5043640136719,91.3376007080078,91.7956390380859,91.4279327392578,90.5629425048828,89.3532791137695,87.4287109375,86.2982330322266,86.7387924194336,87.2573776245117,87.8196487426758,87.0708847045898,88.1502532958984
NaN,NaN,NaN,NaN,NaN,NaN,NaN,NaN,NaN,0,0,0,4.031261096362e-19,3.28887381328968e-06,8.69655323028564,75.5153961181641,87.1887588500977,89.5596466064453,91.3599700927734,91.8409957885742,91.4648056030273,90.5079803466797,89.2643661499023,87.2709808349609,86.1818695068359,86.6175918579102,87.1959381103516,87.7797698974609,87.073356628418,88.3900451660156
NaN,NaN,NaN,NaN,NaN,NaN,NaN,NaN,NaN,NaN,0,0,1.90170793842244e-20,2.12817425904177e-07,5.0251145362854,71.7637023925781,86.9716567993164,89.6300354003906,91.3739929199219,91.8797302246094,91.4975357055664,90.4444961547852,89.1996765136719,87.1581115722656,86.0424423217773,86.4510116577148,87.0823593139648,87.7087249755859,87.1313095092773,88.4723358154297
NaN,NaN,NaN,NaN,NaN,NaN,NaN,NaN,NaN,NaN,0,0,3.98533680423488e-20,3.65709489358323e-08,2.43844985961914,66.5654983520508,86.6212463378906,89.6975021362305,91.3913879394531,91.9185333251953,91.5230255126953,90.390022277832,89.1066360473633,87.0395736694336,85.897102355957,86.2186660766602,86.9639434814453,87.6034851074219,87.238899230957,88.4708709716797
NaN,NaN,NaN,NaN,NaN,NaN,NaN,NaN,NaN,NaN,0,0,0,3.69510488873459e-09,1.25588488578796,59.133846282959,86.1491851806641,89.6910705566406,91.4330673217773,91.9686737060547,91.5453643798828,90.3636245727539,89.0484237670898,86.9260330200195,85.7644653320313,85.9846649169922,86.7721176147461,87.4947204589844,87.3603668212891,88.4694061279297
NaN,NaN,NaN,NaN,NaN,NaN,NaN,NaN,NaN,NaN,0,0,0,2.27063905872127e-11,0.44452753663063,49.5413284301758,85.4701309204102,89.5716857910156,91.5013275146484,92.0393829345703,91.5623931884766,90.3560104370117,88.96728515625,86.8147888183594,85.6095962524414,85.8403015136719,86.6125183105469,87.3467636108398,87.5387573242188,88.4679412841797
NaN,NaN,NaN,NaN,NaN,NaN,NaN,NaN,NaN,NaN,0,0,0,9.71625297579992e-12,0.108038432896137,37.5423736572266,84.2394638061523,89.3850173950195,91.5786056518555,92.127555847168,91.5727920532227,90.3391036987305,88.8884048461914,86.7143249511719,85.443717956543,85.5097885131836,86.5083312988281,87.2362060546875,87.6603469848633,88.4664916992188
NaN,NaN,NaN,NaN,NaN,NaN,NaN,NaN,NaN,0,0,0,0,1.7086724017016e-13,0.00849850941449404,23.3881893157959,81.0392227172852,89.2533645629883,91.6004409790039,92.2105407714844,91.5726165771484,90.3185424804688,88.814453125,86.5731811523438,85.2692642211914,85.2677764892578,86.1731796264648,87.2302856445313,87.709342956543,88.4650344848633
NaN,NaN,NaN,NaN,NaN,NaN,NaN,NaN,NaN,0,0,0,0,8.8674396940395e-16,0.000155929927132092,9.89776802062988,73.7054214477539,89.0949630737305,91.5697021484375,92.2568511962891,91.5568161010742,90.2872848510742,88.6990051269531,86.4893341064453,85.0622634887695,85.0254745483398,85.8263549804688,87.1507568359375,87.6979141235352,88.4635848999023
NaN,NaN,NaN,NaN,NaN,NaN,NaN,NaN,NaN,0,0,0,0,2.99120689733695e-18,3.54847179551143e-06,2.12349343299866,60.6035461425781,88.6438293457031,91.5738677978516,92.2411575317383,91.5115585327148,90.2422103881836,88.5803070068359,86.2917251586914,84.947265625,84.5299758911133,85.8147888183594,86.820426940918,87.6965942382813,88.4621429443359
NaN,NaN,NaN,NaN,NaN,NaN,NaN,NaN,NaN,0,0,0,NaN,NaN,6.9621428622213e-09,0.155879810452461,44.457820892334,87.8167953491211,91.6199645996094,92.1741333007813,91.435302734375,90.1780471801758,88.4463272094727,86.1810302734375,84.7331314086914,84.4883575439453,85.45166015625,86.5134429931641,87.6952743530273,88.4607086181641
NaN,NaN,NaN,NaN,NaN,NaN,NaN,NaN,NaN,0,0,0,NaN,NaN,5.7015516440051e-12,0.00760450586676598,34.6659851074219,86.0639724731445,91.6376266479492,92.0561828613281,91.3285217285156,90.0911560058594,88.1520690917969,86.03271484375,84.6991806030273,83.9043197631836,84.8300323486328,86.5102386474609,87.693962097168,88.4592742919922
NaN,NaN,NaN,NaN,NaN,NaN,NaN,NaN,NaN,0,0,0,NaN,NaN,1.56833384847748e-14,3.50288210029248e-05,29.2525291442871,81.9904174804688,91.4239501953125,91.928092956543,91.1880645751953,89.9638595581055,87.9448852539063,85.8608016967773,84.5843048095703,83.579216003418,84.8247985839844,86.5071563720703,87.6926498413086,88.4578399658203
NaN,NaN,NaN,NaN,NaN,NaN,NaN,NaN,NaN,0,0,0,0,NaN,1.70501396078799e-17,5.23254195528011e-09,17.3063411712646,77.2052307128906,90.8936386108398,91.8093414306641,90.9989013671875,89.783821105957,87.7381820678711,85.7866973876953,84.5879516601563,83.5794982910156,84.8213958740234,86.5040817260742,87.6913375854492,88.456413269043
NaN,NaN,NaN,NaN,NaN,NaN,NaN,NaN,NaN,0,0,0,0,NaN,1.74751307623817e-22,1.32056915163654e-15,1.5284031906846e-16,77.0049896240234,89.5913848876953,91.6357955932617,90.6614685058594,89.4151306152344,87.3078460693359,85.5732269287109,84.2299423217773,82.6173934936523,83.6316070556641,85.9487991333008,87.9786682128906,89.7822570800781
NaN,NaN,NaN,NaN,NaN,NaN,NaN,NaN,NaN,0,0,0,0,0,0,5.91631379192478e-18,2.63348652780604e-12,77.1843185424805,86.7161331176758,91.2353286743164,90.32373046875,89.0917663574219,87.0290908813477,85.49267578125,84.2211074829102,82.615837097168,83.6355438232422,85.9532928466797,87.9816970825195,89.7851409912109
NaN,NaN,NaN,NaN,NaN,NaN,NaN,NaN,NaN,0,0,0,0,0,0,3.44360355321641e-15,9.45487332870698e-09,70.0617141723633,80.9900054931641,90.4738159179688,90.2015838623047,88.7426223754883,86.7159042358398,85.2664413452148,83.7654113769531,82.3119659423828,83.6373443603516,85.9577713012695,87.9847259521484,89.7880172729492
NaN,NaN,NaN,NaN,NaN,NaN,NaN,NaN,NaN,0,0,0,NaN,0,0,4.89637827975824e-19,0.0012326460564509,49.0549354553223,73.1471633911133,89.680046081543,90.1952896118164,88.3527679443359,86.2057723999023,85.102653503418,83.6772003173828,81.7126846313477,82.9796829223633,85.9621353149414,87.9877624511719,89.7908782958984
NaN,NaN,NaN,NaN,NaN,NaN,NaN,NaN,0,0,0,NaN,NaN,0,0,0,1.58697474002838,33.3124084472656,66.0409240722656,88.8189392089844,90.1524963378906,87.8083038330078,85.9048309326172,84.9107360839844,83.2467269897461,81.6660537719727,82.602912902832,85.6911315917969,87.9907989501953,89.7937393188477
NaN,NaN,NaN,NaN,NaN,NaN,NaN,NaN,0,0,0,0,0,0,0,0,4.98744106292725,30.2238159179688,62.320255279541,87.40673828125,89.9310913085938,87.265998840332,85.7332611083984,84.6091842651367,83.0655822753906,81.1431503295898,82.6145477294922,85.4759063720703,87.9938507080078,89.7965774536133
NaN,NaN,NaN,NaN,NaN,NaN,NaN,0,0,0,0,0,0,0,0,0,10.6829309463501,21.7383193969727,56.1726341247559,85.3544540405273,89.2842330932617,86.865592956543,85.5498657226563,84.3936538696289,82.7502899169922,80.8529357910156,82.3097686767578,85.4494552612305,87.9519805908203,89.7994155883789
NaN,NaN,NaN,NaN,NaN,NaN,NaN,0,0,NaN,0,NaN,NaN,0,0,0,13.7386684417725,11.0591039657593,54.0492477416992,82.7501678466797,87.9973449707031,86.9130249023438,85.4034042358398,84.0376892089844,82.4538955688477,80.5239562988281,81.9129257202148,85.466552734375,87.9030456542969,89.80224609375
NaN,NaN,NaN,NaN,NaN,NaN,NaN,NaN,0,NaN,0,NaN,0,0,0,18.5410575866699,17.7238140106201,16.6053295135498,48.8930931091309,79.8674621582031,86.3109970092773,86.9949493408203,85.2141342163086,83.7224960327148,82.0737762451172,80.0498580932617,81.7545623779297,85.2967376708984,87.8942642211914,89.8050689697266
NaN,NaN,NaN,NaN,NaN,NaN,NaN,NaN,0,NaN,NaN,NaN,0,0,0,16.7000617980957,21.6779727935791,34.2758102416992,49.7682800292969,77.3167343139648,83.638557434082,86.9070663452148,84.9155044555664,83.2136306762695,81.469841003418,79.735237121582,81.5092468261719,85.0860214233398,87.9453659057617,89.8078765869141
NaN,NaN,NaN,NaN,NaN,NaN,NaN,NaN,0,0,NaN,NaN,0,0,0,10.5962905883789,22.1720333099365,45.089599609375,61.6497573852539,75.1837615966797,79.962532043457,86.4557800292969,84.5011367797852,82.5071411132813,80.8865203857422,79.2987442016602,81.1556930541992,84.9851684570313,88.0288772583008,89.810676574707
NaN,NaN,NaN,NaN,NaN,NaN,NaN,0,0,0,NaN,0,0,0,1.07722791495605e-16,1.57012748718262,33.4776458740234,49.3058471679688,63.2575454711914,71.7687606811523,75.99169921875,85.4116287231445,83.7616195678711,81.8133850097656,80.178466796875,78.9769058227539,80.8998489379883,84.9568939208984,88.0098876953125,89.8134689331055
NaN,NaN,NaN,NaN,NaN,NaN,NaN,0,0,0,NaN,0,0,0,2.94523364030574e-11,1.14534304263003e-09,34.9006462097168,50.2463836669922,60.223762512207,67.4507293701172,72.6167755126953,83.1398010253906,82.9267654418945,81.2008056640625,79.5244064331055,78.574333190918,80.5807266235352,84.8149490356445,87.9339599609375,89.7472610473633
NaN,NaN,NaN,NaN,NaN,NaN,NaN,NaN,0,0,NaN,NaN,NaN,0,5.14979774379754e-08,0.00178670394234359,35.0712776184082,45.239128112793,56.5184898376465,63.8116188049316,69.9976806640625,79.8959426879883,82.0144195556641,80.5435943603516,78.9894256591797,78.3586883544922,80.2863388061523,84.6191635131836,87.8590316772461,89.5773010253906
NaN,NaN,NaN,NaN,NaN,NaN,NaN,NaN,0,0,NaN,NaN,0,0,2.65103139440725e-09,2.68395066261292,32.3139724731445,33.7486915588379,50.6757850646973,60.9817047119141,68.4248199462891,75.5811538696289,80.6748657226563,79.8951797485352,78.2961502075195,78.0542297363281,80.0642929077148,84.4829635620117,87.8022537231445,89.5051345825195
NaN,NaN,NaN,NaN,NaN,NaN,NaN,NaN,0,0,NaN,0,0,0,1.92831826895112e-11,6.00579738616943,29.1248760223389,34.2410354614258,37.9609909057617,62.1630744934082,67.9740524291992,70.76806640625,78.9858856201172,78.9346466064453,77.8566360473633,77.7031631469727,79.770263671875,84.3898773193359,87.7601776123047,89.4687271118164
NaN,NaN,NaN,NaN,NaN,NaN,NaN,NaN,0,0,0,0,0,0,1.62974438089845e-13,1.7212016582489,22.9849987030029,29.8054046630859,20.4835071563721,68.4920349121094,68.0758666992188,66.2959823608398,76.6265182495117,78.0463638305664,77.1287384033203,77.5506896972656,79.4590530395508,84.233757019043,87.7322845458984,89.47412109375
NaN,NaN,NaN,NaN,NaN,NaN,NaN,0,0,0,0,0,0,0,1.22440242071416e-17,0.0600224249064922,21.6034202575684,21.1374206542969,12.3014678955078,70.5812606811523,68.8915863037109,62.94677734375,73.0155410766602,76.8007507324219,76.5256652832031,77.2315292358398,79.2836151123047,83.9609527587891,87.7168426513672,89.4849014282227
NaN,NaN,NaN,NaN,NaN,NaN,NaN,0,0,0,0,0,0,0,7.01252538613364e-18,9.13669719011523e-05,18.0654640197754,13.5426683425903,11.204176902771,73.7749557495117,69.2410659790039,59.888427734375,68.9610748291016,75.1975326538086,75.3998870849609,76.9133071899414,79.0012817382813,83.7707290649414,87.6901473999023,89.520378112793
NaN,NaN,NaN,NaN,NaN,NaN,NaN,0,0,0,0,0,0,0,0,2.70883115938148e-09,12.1005516052246,10.1592607498169,15.6295166015625,73.3400115966797,68.7398147583008,58.36376953125,63.5302772521973,73.0567474365234,74.2017974853516,76.4361267089844,78.6230316162109,83.6977233886719,87.5988922119141,89.559684753418
NaN,NaN,NaN,NaN,NaN,NaN,NaN,0,0,0,0,0,0,0,0,0,6.65773296356201,7.90838289260864,35.1357345581055,72.1076278686523,70.5181655883789,57.3197555541992,57.8378257751465,70.9083251953125,72.6868896484375,75.7618865966797,78.3552093505859,83.6489028930664,87.5348358154297,89.5987548828125
NaN,NaN,NaN,NaN,NaN,NaN,NaN,0,0,0,0,0,NaN,NaN,0,0,4.96179533004761,4.70985841751099,24.073579788208,71.1551055908203,73.9718704223633,57.5420989990234,52.3634834289551,69.3251037597656,71.2582855224609,75.2516174316406,78.2525634765625,83.5448837280273,87.4925231933594,89.6418914794922
NaN,NaN,NaN,NaN,NaN,NaN,NaN,NaN,0,0,0,0,0,0,0,1.13832300457255e-21,0.649127244949341,2.17641925811768,9.55111694335938,72.2507476806641,81.2151184082031,57.3210487365723,46.6854591369629,67.3951110839844,70.3057022094727,74.7048187255859,78.1818618774414,83.5054702758789,87.4645385742188,89.6864624023438
NaN,NaN,NaN,NaN,NaN,NaN,NaN,0,0,0,0,0,0,0,0,1.83189744901466e-19,0.0786467343568802,1.95066726207733,16.7115688323975,73.2173004150391,83.7653274536133,57.2064590454102,40.8393669128418,65.6690292358398,69.3857955932617,74.391242980957,78.1583786010742,83.5033340454102,87.4352722167969,89.7306823730469
NaN,NaN,NaN,NaN,NaN,NaN,NaN,0,0,0,0,0,0,0,0,4.14713079880963e-18,0.000230789562920108,2.57500195503235,27.5454559326172,66.2781219482422,83.6883163452148,55.9940414428711,35.3986663818359,63.2202606201172,68.3605346679688,74.0702590942383,78.0980453491211,83.5087966918945,87.4083251953125,89.7745590209961
0,0,NaN,NaN,NaN,NaN,NaN,NaN,0,0,NaN,NaN,0,NaN,0,2.37770999126836e-18,3.04503644521503e-12,0.312355369329453,26.4576530456543,61.0320320129395,90.0268402099609,51.6497192382813,30.8862724304199,60.4640960693359,67.5355682373047,73.7285232543945,78.0264587402344,83.4769897460938,87.3589706420898,89.8014450073242
0,0,0,NaN,NaN,NaN,NaN,NaN,0,0,NaN,0,0,0,0,3.57144418121594e-22,1.09226666647001e-18,0.0208273082971573,21.3421249389648,59.3326873779297,NaN,40.9219131469727,27.6582279205322,56.9274711608887,66.3074188232422,73.5316162109375,77.9899444580078,83.4458312988281,87.3050842285156,89.8223266601563
0,0,0,0,NaN,NaN,NaN,NaN,NaN,0,0,0,0,0,0,0,8.98772863858893e-13,0.0659238323569298,13.3168144226074,NaN,NaN,41.2472076416016,24.6575794219971,52.6640357971191,65.1152267456055,73.1078262329102,77.9706878662109,83.4250793457031,87.2613754272461,89.8248825073242
0,0,0,0,NaN,NaN,NaN,NaN,NaN,0,0,0,0,0,0,0,1.33752037223545e-12,0.228155106306076,7.85207891464233,NaN,NaN,52.0844955444336,23.0593338012695,46.8683166503906,63.428825378418,72.7310028076172,77.8489532470703,83.4243850708008,87.2269515991211,89.8252868652344
0,0,0,0,0,NaN,NaN,NaN,0,0,0,0,0,0,0,NaN,2.11197268068432e-15,0.113143995404243,2.14838099479675,NaN,35.9954490661621,58.5335845947266,21.2721767425537,40.9574775695801,61.0707588195801,72.409294128418,77.7218704223633,83.4009170532227,87.2032699584961,89.8297119140625
0,0,0,0,0,NaN,NaN,NaN,0,0,0,0,0,0,0,0,7.62005728600995e-17,0.00691006053239107,0.0456714667379856,NaN,35.5770149230957,56.1574516296387,18.7262668609619,34.6318511962891,58.9454727172852,71.7348098754883,77.6437377929688,83.3265838623047,87.1967391967773,89.8352661132813
0,0,0,0,0,NaN,NaN,0,0,0,0,0,NaN,0,0,0,0,9.63928177952766e-05,0.495990872383118,NaN,43.2400169372559,53.757740020752,16.1947288513184,30.3227310180664,56.2315521240234,71.0818939208984,77.5150985717773,83.2449264526367,87.1963424682617,89.8416290283203
0,0,0,0,0,0,NaN,0,0,0,0,0,NaN,0,0,0,0,9.71881263467367e-07,5.87297439575195,15.5484380722046,32.2992782592773,NaN,12.0194625854492,26.6895408630371,53.8568954467773,70.3872528076172,77.2366104125977,83.1998977661133,87.1554412841797,89.8463439941406
0,0,0,0,0,0,0,0,0,0,0,NaN,0,0,0,0,0,0.00108049158006907,3.86466693878174,22.608419418335,27.6166915893555,NaN,12.0856895446777,23.6165142059326,51.1841697692871,69.2059783935547,76.9405746459961,83.1822891235352,87.090705871582,89.8458480834961
0,0,0,0,NaN,0,0,0,0,0,0,NaN,0,0,0,0,0,0.381099998950958,0.00332348654046655,29.7447509765625,27.2059955596924,NaN,3.72929358482361,20.4240112304688,48.4485893249512,68.1002960205078,76.7087860107422,83.1057968139648,87.0283203125,89.8460006713867
0,0,0,0,NaN,0,0,NaN,NaN,0,0,NaN,0,0,0,0,0,11.337815284729,0.000257787964073941,32.3442115783691,38.7431945800781,NaN,1.26246607303619,17.4511413574219,45.792724609375,66.8648986816406,76.4023742675781,82.9673919677734,86.9703140258789,89.8470916748047
0,0,0,0,0,0,0,NaN,NaN,0,0,NaN,NaN,0,0,0,0,NaN,NaN,32.0946769714355,64.2044830322266,NaN,0.570467889308929,15.0769729614258,43.0833358764648,65.3170852661133,76.0622406005859,82.8327407836914,86.906120300293,89.8491058349609
0,0,0,0,0,0,0,0,0,0,0,NaN,NaN,0,0,0,0,NaN,NaN,NaN,72.7047653198242,NaN,0.674512386322021,13.1190700531006,40.5972290039063,64.0789947509766,75.767692565918,82.7090454101563,86.8530197143555,89.8531112670898
0,0,0,0,0,0,0,0,0,0,NaN,NaN,NaN,0,0,NaN,0,NaN,NaN,NaN,83.3317413330078,NaN,2.83397054672241,13.0378065109253,37.4342002868652,62.7551689147949,75.4930114746094,82.5912857055664,86.810417175293,89.8582077026367
0,0,0,0,0,0,0,0,0,0,NaN,NaN,NaN,0,0,0,0,NaN,NaN,NaN,84.4577865600586,NaN,16.469877243042,12.555853843689,34.5449295043945,61.104320526123,75.1070022583008,82.4230041503906,86.7478179931641,89.8392639160156
0,0,0,0,0,0,0,0,0,0,0,NaN,NaN,0,0,0,0,0,NaN,NaN,NaN,NaN,NaN,10.0778665542603,31.6160945892334,59.5894737243652,74.7410125732422,82.2529220581055,86.6511383056641,89.7795257568359
0,0,0,0,0,0,0,0,0,0,0,NaN,NaN,0,0,0,0,0,NaN,NaN,NaN,NaN,13.8824348449707,9.31528186798096,28.4039936065674,57.9320983886719,74.406852722168,82.1050567626953,86.5525512695313,89.7188949584961
0,0,0,0,0,0,0,0,0,0,0,NaN,NaN,0,0,0,0,0,0,NaN,NaN,NaN,NaN,9.85928153991699,26.3857307434082,55.5116844177246,74.0821533203125,81.962272644043,86.4581832885742,89.6599197387695
NaN,NaN,0,0,0,0,0,0,0,0,NaN,NaN,0,0,0,0,0,0,0,NaN,NaN,NaN,NaN,11.1175956726074,24.5836143493652,53.1554870605469,73.4548645019531,81.8412628173828,86.3593215942383,89.604133605957
NaN,NaN,0,0,0,0,0,0,0,0,NaN,NaN,0,0,0,0,0,0,0,0,NaN,NaN,NaN,12.0634908676147,22.8341541290283,50.7678108215332,72.7702178955078,81.7251358032227,86.2416076660156,89.5567474365234
NaN,NaN,0,0,0,0,0,0,0,NaN,NaN,NaN,0,0,0,0,0,0,0,0,NaN,NaN,NaN,15.8131618499756,21.7116718292236,47.9948043823242,72.1638793945313,81.5470733642578,86.1234817504883,89.5113677978516
NaN,NaN,0,0,0,0,0,0,0,NaN,NaN,0,0,0,0,0,0,0,0,0,NaN,NaN,NaN,20.6012115478516,21.1613445281982,45.1929969787598,71.6061859130859,81.3804092407227,86.0129547119141,89.467155456543
NaN,0,0,0,0,NaN,0,0,0,NaN,NaN,0,0,0,0,0,0,0,0,0,NaN,NaN,NaN,25.7550868988037,21.0280132293701,42.917667388916,70.8017196655273,81.2398910522461,85.9066314697266,89.4234085083008
NaN,0,0,0,NaN,NaN,NaN,NaN,NaN,NaN,NaN,0,0,0,0,0,0,0,0,0,0,NaN,NaN,31.2617683410645,21.3275184631348,41.0578079223633,69.7941055297852,81.134880065918,85.7452392578125,89.3761138916016
NaN,0,0,NaN,NaN,NaN,NaN,NaN,NaN,NaN,0,0,0,0,0,0,0,0,0,2.73138915674131e-20,8.15998422396555e-15,NaN,NaN,34.9454689025879,21.9442806243896,39.1983184814453,68.8356246948242,81.0523529052734,85.5778350830078,89.3274307250977
0,0,0,NaN,NaN,NaN,NaN,NaN,NaN,NaN,0,0,0,0,0,0,0,0,0,6.92423378191095e-18,2.97840141438854e-10,NaN,NaN,40.0669441223145,22.3633728027344,37.5994338989258,67.957389831543,80.9432830810547,85.4000549316406,89.2790374755859
0,0,0,0,NaN,NaN,NaN,NaN,0,0,0,0,0,0,0,0,0,0,NaN,7.65509070105728e-17,1.23571538779288e-07,NaN,NaN,45.0688018798828,22.5617408752441,36.2371597290039,67.2550582885742,80.7377777099609,85.2281188964844,89.2315673828125
0,0,0,0,NaN,0,0,NaN,0,0,0,0,0,0,0,0,0,NaN,NaN,1.74167242839696e-15,0.000370233727153391,0.0110528841614723,NaN,51.1317672729492,22.7039642333984,35.3831214904785,66.2408447265625,80.5370178222656,85.0580444335938,89.1873092651367
0,0,0,0,0,0,0,NaN,0,0,0,0,0,0,0,0,0,NaN,NaN,8.73257775515563e-16,0.00660111615434289,0.23377625644207,64.3775024414063,55.3171463012695,23.2213668823242,34.5563659667969,65.2836608886719,80.3420104980469,84.8943328857422,89.1442794799805
0,0,0,NaN,0,0,NaN,0,0,0,0,0,0,0,0,0,0,NaN,NaN,2.49416262857317e-16,0.00422071758657694,1.62472033500671,64.3775024414063,58.9172134399414,23.5038318634033,33.8318176269531,64.3680114746094,80.153694152832,84.7085876464844,89.1017074584961
0,0,0,0,0,0,NaN,0,0,0,0,0,0,0,0,0,0,NaN,NaN,1.04841616783735e-18,6.3309909618274e-20,9.21849822998047,68.3059234619141,61.7901725769043,23.4801654815674,33.1632194519043,63.5699920654297,79.9702987670898,84.529296875,89.0555648803711
0,0,0,0,0,0,NaN,0,0,0,0,0,0,0,0,0,0,NaN,NaN,NaN,NaN,19.3884563446045,67.6486282348633,63.5115928649902,23.4821166992188,32.5717468261719,62.7155609130859,79.7891235351563,84.3703460693359,89.0083465576172
0,0,0,0,0,0,0,0,0,0,0,0,0,0,0,0,0,NaN,NaN,NaN,NaN,24.574047088623,61.6833763122559,64.2220916748047,23.5251541137695,31.9111080169678,61.6564979553223,79.5761947631836,84.2078018188477,88.960578918457
0,0,0,0,0,0,0,0,0,0,0,0,0,0,0,0,0,NaN,NaN,NaN,NaN,22.8098125457764,52.5511512756348,64.0259017944336,22.5898551940918,31.323169708252,60.3618011474609,79.263069152832,84.0316009521484,88.8821487426758
0,0,0,0,0,0,0,0,0,0,0,0,0,0,0,0,0,NaN,NaN,NaN,NaN,23.3139953613281,59.2087326049805,62.7810363769531,20.505615234375,30.5722599029541,59.0253639221191,78.9621276855469,83.8785171508789,88.7922515869141
0,0,0,0,0,0,0,0,0,0,0,0,0,0,0,0,0,NaN,NaN,NaN,NaN,66.7260513305664,65.8316421508789,60.1222763061523,17.7036190032959,29.6512088775635,57.6032524108887,78.6571426391602,83.7433471679688,88.7029037475586
0,0,0,0,0,0,0,0,0,0,0,0,0,0,0,0,NaN,NaN,NaN,NaN,NaN,66.7260513305664,68.4986801147461,56.0529937744141,14.5268230438232,28.4761657714844,56.0694274902344,78.3557205200195,83.6056137084961,88.6140975952148
0,0,0,0,0,0,0,0,0,0,0,0,0,0,0,0,NaN,NaN,NaN,NaN,NaN,NaN,69.4557571411133,51.1806182861328,10.6500072479248,26.7476463317871,54.5189628601074,78.0382614135742,83.4788208007813,88.4914245605469
0,0,0,0,0,0,0,0,0,0,0,0,0,0,0,NaN,NaN,NaN,NaN,NaN,NaN,NaN,69.744140625,45.396240234375,7.02070093154907,24.4606189727783,52.944938659668,77.7083969116211,83.3560028076172,88.3273086547852
0,0,0,0,0,0,0,0,0,0,0,0,0,0,NaN,NaN,NaN,NaN,NaN,NaN,NaN,NaN,70.4354095458984,39.5544281005859,4.18657541275024,21.7058982849121,51.1270866394043,77.3810653686523,83.2101135253906,88.2168731689453
0,0,0,0,0,0,0,0,1.54317483236355e-08,1.03815501972804e-07,0,0,NaN,NaN,NaN,NaN,NaN,NaN,NaN,NaN,NaN,NaN,72.5139999389648,34.0369415283203,2.25784230232239,18.2940216064453,49.425407409668,77.0436019897461,83.0697021484375,88.1088943481445
0,0,0,0,0,0,0,0,0.000236040432355367,0.646108865737915,0,0,NaN,NaN,NaN,NaN,NaN,NaN,NaN,NaN,NaN,NaN,75.7331085205078,29.4542579650879,1.01058614253998,14.8042068481445,47.7944297790527,76.6651382446289,82.9624481201172,87.9998168945313
0,0,0,0,0,0,NaN,NaN,9.38242810661905e-05,0.0212197694927454,0,0,NaN,NaN,NaN,NaN,NaN,NaN,NaN,NaN,NaN,NaN,78.0870971679688,27.1701278686523,0.36820986866951,11.4051275253296,46.4356460571289,76.2369079589844,82.8510665893555,87.8896408081055
0,0,0,0,0,NaN,NaN,NaN,0,0,0,0,NaN,NaN,NaN,NaN,NaN,NaN,NaN,NaN,NaN,87.3590621948242,82.2791061401367,27.6674480438232,0.144719034433365,8.58720684051514,45.1559677124023,75.8758697509766,82.7403793334961,87.7589492797852
0,0,0,0,NaN,NaN,NaN,NaN,NaN,0,0,NaN,NaN,NaN,NaN,NaN,NaN,NaN,NaN,NaN,NaN,87.3590621948242,82.5492553710938,30.1947593688965,0.051020011305809,6.55011081695557,44.0768775939941,75.5609588623047,82.64990234375,87.5497055053711
0,0,0,NaN,NaN,NaN,NaN,NaN,NaN,NaN,NaN,NaN,NaN,NaN,NaN,NaN,NaN,NaN,NaN,NaN,NaN,NaN,85.3876037597656,33.9931259155273,0.0179657209664583,5.16126871109009,43.1044769287109,75.3145599365234,82.5570907592773,87.3678741455078
0,0,NaN,NaN,NaN,NaN,NaN,NaN,NaN,NaN,NaN,NaN,NaN,NaN,NaN,NaN,NaN,NaN,NaN,NaN,NaN,NaN,86.2505874633789,37.7132759094238,0.00833945162594318,4.22562313079834,42.2855682373047,75.0948867797852,82.4427719116211,87.2465133666992
0,NaN,NaN,NaN,NaN,NaN,NaN,NaN,NaN,NaN,NaN,NaN,NaN,NaN,NaN,NaN,NaN,NaN,NaN,NaN,NaN,NaN,86.6410827636719,39.7215347290039,0.004970190115273,3.73217868804932,41.4269409179688,74.9552612304688,82.2981567382813,87.1153717041016
0,NaN,NaN,NaN,NaN,NaN,NaN,NaN,NaN,NaN,NaN,NaN,NaN,NaN,NaN,NaN,NaN,NaN,NaN,NaN,NaN,NaN,86.7759475708008,30.6269073486328,0.00372869428247213,3.44407773017883,40.7120819091797,74.8227386474609,82.1427154541016,86.9799652099609
0,NaN,NaN,NaN,NaN,NaN,NaN,NaN,NaN,NaN,NaN,NaN,NaN,NaN,NaN,NaN,NaN,NaN,NaN,NaN,NaN,NaN,NaN,30.7045211791992,0.00271765142679214,3.2678062915802,40.031177520752,74.7884979248047,82.0475006103516,86.8403015136719
0,NaN,NaN,NaN,NaN,NaN,NaN,NaN,NaN,NaN,NaN,NaN,NaN,NaN,NaN,NaN,NaN,NaN,NaN,NaN,NaN,NaN,NaN,31.0410461425781,0.00167018873617053,3.15871429443359,39.601016998291,74.759880065918,81.9562530517578,86.6711196899414
0,NaN,NaN,NaN,NaN,NaN,NaN,NaN,NaN,NaN,NaN,NaN,NaN,NaN,NaN,NaN,NaN,NaN,NaN,NaN,NaN,NaN,NaN,32.1108856201172,0.0012145055225119,3.07806515693665,39.2992973327637,74.8046722412109,81.8637771606445,86.4389877319336
0,0,NaN,NaN,NaN,NaN,NaN,NaN,NaN,NaN,NaN,NaN,NaN,NaN,NaN,NaN,NaN,NaN,NaN,NaN,NaN,NaN,NaN,34.0766296386719,0.00114039657637477,3.04562449455261,39.1579399108887,74.840690612793,81.7604598999023,86.2945175170898
0,0,0,0,NaN,NaN,NaN,NaN,NaN,NaN,NaN,NaN,NaN,NaN,NaN,NaN,NaN,NaN,NaN,NaN,NaN,NaN,NaN,36.1086463928223,0.0012694577453658,3.01420879364014,39.3057403564453,74.9128646850586,81.6718597412109,86.2328872680664
0,0,0,0,0,0,NaN,NaN,NaN,NaN,NaN,NaN,NaN,NaN,NaN,NaN,NaN,NaN,NaN,NaN,NaN,NaN,NaN,25.8961448669434,0.00134204851929098,3.0435836315155,39.4849700927734,75.0452423095703,81.5465774536133,86.1694412231445
0,0,0,0,0,0,NaN,NaN,NaN,NaN,NaN,NaN,NaN,NaN,NaN,NaN,NaN,NaN,NaN,NaN,NaN,NaN,NaN,6.31923007965088,0.00155530543997884,3.07378315925598,39.9802894592285,75.1305084228516,81.4256439208984,86.0625915527344
0,0,0,0,0,0,NaN,NaN,NaN,NaN,NaN,NaN,NaN,NaN,NaN,NaN,NaN,NaN,NaN,NaN,NaN,NaN,NaN,3.83199715614319,0.00205030152574182,3.1204993724823,40.5645904541016,75.2285232543945,81.3261260986328,85.9002914428711
0,0,0,0,0,0,NaN,NaN,NaN,NaN,NaN,NaN,NaN,NaN,NaN,NaN,NaN,NaN,NaN,NaN,NaN,NaN,NaN,1.61395442485809,0.00230800872668624,3.3115029335022,41.2772407531738,75.2009124755859,81.2551803588867,85.7117767333984
0,0,0,0,0,0,NaN,NaN,NaN,NaN,NaN,NaN,NaN,NaN,NaN,NaN,NaN,NaN,NaN,NaN,NaN,NaN,NaN,0.466999679803848,0.00197328347712755,3.41028523445129,42.1672325134277,75.3683547973633,81.1906661987305,85.4738388061523
0,0,0,0,0,0,0,NaN,NaN,NaN,NaN,NaN,NaN,NaN,NaN,NaN,NaN,NaN,NaN,NaN,NaN,NaN,NaN,0.000143607452628203,0.0017609391361475,3.67707276344299,43.0517272949219,75.3895874023438,81.0774230957031,85.4225769042969
0,0,0,0,0,0,0,NaN,NaN,NaN,NaN,NaN,NaN,NaN,NaN,NaN,NaN,NaN,NaN,NaN,NaN,NaN,NaN,8.17045838630293e-06,0.00152767007239163,3.99172115325928,44.0289306640625,75.5444717407227,80.9646301269531,85.4100799560547
0,0,0,0,0,0,0,0,NaN,NaN,NaN,NaN,NaN,NaN,NaN,NaN,NaN,NaN,NaN,NaN,NaN,NaN,NaN,3.9042751609486e-07,0.00218281173147261,4.20534706115723,45.2725257873535,75.5972061157227,80.7725448608398,85.397590637207
0,0,0,0,0,0,0,0,0,NaN,NaN,NaN,NaN,NaN,NaN,NaN,NaN,NaN,NaN,NaN,NaN,NaN,NaN,1.91773708024812e-08,0.00293186469934881,4.83519268035889,46.0433464050293,75.8368835449219,80.7105865478516,85.3851165771484
0,0,0,0,0,0,0,0,0,NaN,NaN,NaN,NaN,NaN,NaN,NaN,NaN,NaN,NaN,NaN,NaN,NaN,NaN,1.88396831468651e-09,0.0039338362403214,5.33381938934326,47.7486877441406,76.0863037109375,80.7111434936523,85.3726577758789
0,0,0,0,0,0,0,0,0,NaN,NaN,NaN,NaN,NaN,NaN,NaN,NaN,NaN,NaN,NaN,NaN,NaN,NaN,2.6109032713606e-09,0.00525398226454854,5.76218795776367,48.196704864502,76.0714645385742,80.7117080688477,85.3602142333984
0,0,0,0,0,0,0,0,0,NaN,NaN,NaN,NaN,NaN,NaN,NaN,NaN,NaN,NaN,NaN,NaN,NaN,NaN,9.68077884522245e-09,0.00806050095707178,6.94069766998291,50.260498046875,76.5981063842773,80.5481567382813,85.2510604858398
0,0,0,0,0,0,0,0,0,NaN,NaN,NaN,NaN,NaN,NaN,NaN,NaN,NaN,NaN,NaN,NaN,NaN,NaN,5.86405022318104e-08,0.0134139787405729,7.64713144302368,50.7769584655762,76.6124801635742,80.5475387573242,85.2640609741211
0,0,0,0,0,0,0,0,0,NaN,NaN,NaN,NaN,NaN,NaN,NaN,NaN,NaN,NaN,NaN,NaN,NaN,NaN,2.49223774062557e-07,0.0225634407252073,8.57935237884521,52.4355812072754,76.9182815551758,80.5469131469727,85.2770843505859
0,0,0,0,0,0,0,0,0,NaN,0,NaN,NaN,NaN,NaN,NaN,NaN,NaN,NaN,NaN,NaN,NaN,NaN,4.16633184840975e-07,0.0365142039954662,10.3544044494629,53.5228309631348,77.2038497924805,80.5161056518555,85.2901077270508
0,0,0,0,0,0,0,0,0,0,2.1832413654721e-10,0,NaN,NaN,NaN,NaN,NaN,NaN,NaN,NaN,NaN,NaN,NaN,6.43978182779392e-07,0.0701067969202995,11.8609209060669,54.8705749511719,77.3741607666016,80.4162902832031,85.3031539916992
0,0,0,0,0,0,0,0,0,0,9.24144554138184,0,NaN,NaN,NaN,NaN,NaN,NaN,NaN,NaN,NaN,NaN,NaN,1.81941379651107e-06,0.12823623418808,13.8510990142822,56.3648414611816,77.743408203125,80.4096374511719,85.3162155151367
0,0,0,0,0,0,0,0,0,0,7.28159093856812,NaN,0,NaN,NaN,NaN,NaN,NaN,NaN,NaN,NaN,30.3580017089844,20.0704174041748,6.27854660706362e-06,0.229369968175888,16.6450271606445,57.405876159668,77.922004699707,80.3558731079102,85.3346176147461
0,0,0,0,0,0,0,0,0,3.63654798548468e-13,6.82248573866673e-05,0,0,0,NaN,NaN,NaN,NaN,NaN,NaN,NaN,30.3580017089844,9.5380687713623,1.61378902703291e-05,0.397891640663147,19.4364795684814,58.6577301025391,78.2228622436523,80.2350769042969,85.3828048706055
0,0,0,0,NaN,0,0,0,0,2.44433921887943e-13,1.06851347214665e-10,0,0,0,NaN,NaN,NaN,NaN,NaN,NaN,NaN,NaN,2.30383038520813,3.83824044547509e-05,0.715770363807678,23.2734909057617,59.5840873718262,78.4456634521484,80.0682983398438,85.4504547119141
0,0,0,0,NaN,0,0,0,0,0,0,0,0,0,0,0,0,0,9.96357926719149e-11,NaN,NaN,4.12099279856193e-06,0.0617954358458519,7.60469338274561e-05,1.31551194190979,27.5294094085693,60.422794342041,78.6953964233398,79.9898529052734,85.5173110961914
0,0,0,0,NaN,0,0,0,0,0,0,0,0,0,0,4.13017984534332e-22,4.12276732962463e-22,93.7762756347656,1.00415618931038e-07,0,NaN,4.78528136227396e-06,0.00035590399056673,0.00025221862597391,2.22549843788147,32.0342254638672,61.273853302002,78.8384704589844,79.8120040893555,85.5557403564453
0,0,0,0,NaN,NaN,0,0,0,0,0,0,0,0,0,4.33117803842514e-15,0.000117138588393573,23.2893714904785,0.163137078285217,5.16002334177007e-13,NaN,3.14699718728662e-07,4.84385645904695e-06,0.000994733418338001,3.39253950119019,36.6517677307129,61.9214935302734,78.9914932250977,79.5680160522461,85.5714721679688
0,0,0,0,NaN,NaN,0,0,0,0,0,0,0,0,0,1.17985108106524e-14,0.000107508603832684,0.390182048082352,0.00041436028550379,1.64027437465908e-11,0,3.006072502032e-09,1.3331926140836e-07,0.00252120732329786,4.85821056365967,40.6609039306641,62.6035232543945,79.0699310302734,79.2865371704102,85.5888977050781
0,0,0,0,0,NaN,0,0,0,0,0,0,0,0,0,7.85813640991496e-17,2.03989181102315e-08,0.00112180237192661,1.94780841411557e-06,2.6713837305431e-12,0,4.21758544755235e-10,4.8178412370703e-09,0.00497163878753781,6.39049100875854,44.0664215087891,63.1791000366211,79.0694808959961,78.9856872558594,85.4526824951172
0,0,0,0,0,NaN,0,0,0,0,0,0,0,0,0,2.15920738902913e-19,8.62356921982332e-11,9.14526879114419e-07,2.10804507183582e-09,6.06651010757455e-15,0,2.18595072598582e-11,9.3032853643038e-10,0.00882895477116108,7.83213520050049,46.7816467285156,63.7398490905762,79.0663070678711,78.6804046630859,85.1545028686523
0,0,0,0,0,0,0,0,0,0,0,0,0,0,0,5.29891132760923e-25,2.3684570946733e-14,1.29185828701139e-09,2.0823076336135e-12,9.37932155639998e-17,0,5.24187735318621e-13,4.204375514405e-09,0.0154693610966206,9.36710834503174,48.7518043518066,64.2350845336914,78.9477996826172,78.4348068237305,84.9889373779297
0,0,0,0,0,0,0,0,0,0,0,0,0,0,0,5.14091320801953e-28,8.26541433550096e-17,1.50851987151812e-13,3.02098133462333e-15,3.18627613198211e-20,0,3.13031122290558e-14,3.3718546177397e-08,0.0273968037217855,10.9430055618286,50.2034950256348,64.6767807006836,78.6291885375977,78.1888809204102,84.88720703125
0,0,0,0,0,0,0,0,0,0,0,0,0,0,0,0,1.19719116675113e-19,2.70276884403178e-16,1.71928807895141e-18,3.82034088967661e-27,0,2.53441284013331e-16,4.96499524160754e-07,0.0466683954000473,12.5719327926636,51.3760986328125,65.0168151855469,78.2812042236328,77.8154296875,84.7944946289063
0,0,0,0,0,0,0,0,0,0,0,0,0,0,0,0,0,3.50249314377371e-21,2.28378340173449e-23,0,0,0,9.72683119471185e-05,0.0635335370898247,14.3183650970459,52.4255409240723,65.2774658203125,77.7587738037109,77.4065551757813,84.7107849121094
0,0,0,0,0,0,0,0,0,0,0,0,0,0,0,0,0,0,0,0,0,1.77222204911232e-07,0.00757927913218737,0.0781791508197784,16.2407455444336,53.2590980529785,65.4668502807617,77.2514190673828,76.9974670410156,84.6554489135742
0,0,0,0,0,0,0,0,0,0,0,0,0,0,0,0,0,0,0,0,0,0.001010074862279,0.153201967477798,0.115742571651936,18.5623455047607,54.1534881591797,65.7256393432617,76.862678527832,76.5866775512695,84.5931396484375
0,0,0,0,0,0,0,0,0,0,0,0,0,0,0,0,0,0,0,0,0,0.00356700737029314,0.571987688541412,0.313624769449234,21.36159324646,55.0901107788086,66.0298004150391,76.6031723022461,76.2072982788086,84.5173034667969
0,0,0,0,0,0,0,0,0,0,0,0,0,0,0,0,0,0,0,0,0,0.000762812094762921,0.72169303894043,0.947157859802246,24.1768455505371,55.7797546386719,66.3355026245117,76.3834686279297,75.8803787231445,84.6130523681641
0,0,0,0,0,0,0,0,0,0,0,0,0,0,0,0,0,0,0,0,0,0,0.398986130952835,1.50482046604156,26.1411457061768,56.0778503417969,66.5575332641602,76.1286697387695,75.6015090942383,84.7532119750977
0,0,0,0,0,0,0,0,0,0,0,0,0,0,0,0,0,0,0,0,0,0,0.0643950551748276,1.41417229175568,27.0452938079834,56.1882972717285,66.6468658447266,75.8415374755859,75.3183822631836,84.8943786621094
0,0,0,0,0,0,0,0,0,0,0,0,0,0,0,0,0,0,0,0,0,0,0.000197085391846485,1.04712438583374,27.0180702209473,56.1720237731934,66.6679229736328,75.426383972168,75.0102462768555,85.0365371704102
0,0,0,0,0,0,0,0,0,0,0,0,0,0,0,0,0,0,0,0,0,0,3.00639824146742e-09,0.746158838272095,26.6390171051025,56.0402526855469,66.5259170532227,74.9707183837891,74.688346862793,85.1837692260742
0,0,0,0,0,0,0,0,0,0,0,0,0,0,0,0,0,0,0,0,0,0,1.64743063635342e-08,0.550889611244202,26.3124084472656,55.8740081787109,66.2541427612305,74.4740905761719,74.2684707641602,85.3932800292969
0,0,0,0,0,0,0,0,0,0,0,0,0,0,0,0,0,0,0,0,0,0,1.37791680288046e-08,0.499508202075958,26.3181896209717,55.6533393859863,65.8913650512695,73.9640274047852,73.7749481201172,85.4427185058594
0,0,0,0,0,0,0,0,0,0,0,0,0,0,0,0,0,0,0,0,0,0,5.17047116233016e-09,0.620779812335968,26.9741840362549,55.2962074279785,65.3993225097656,73.411491394043,73.2542495727539,85.3894958496094
