0,0,0,0,0,0,0,0,0,0,0,0,0,0,0,0,0,0,0,0,0,0,0,1.04056409383415e-15,6.08691880188417e-05,2.1034517288208,5.84279584884644,5.1130895614624,18.532772064209,61.8620758056641
0,0,0,0,0,0,0,0,0,0,0,0,0,0,0,0,0,0,0,0,0,0,0,1.5403523109413e-16,1.4401901353267e-05,1.81651449203491,5.04912757873535,4.60205984115601,18.9376125335693,62.3089294433594
0,0,0,0,0,0,0,0,0,0,0,0,0,0,0,0,0,0,0,0,0,0,0,1.98031373071605e-17,1.35356333430536e-06,1.66891944408417,4.18486213684082,4.09676885604858,19.4262886047363,62.670482635498
0,0,0,0,0,0,0,0,0,0,0,0,0,0,0,0,0,0,0,0,0,0,0,1.38723120789545e-18,2.53636784464106e-07,1.69544446468353,3.13160347938538,3.83378148078918,19.9425048828125,62.7948875427246
0,0,0,0,0,0,0,0,0,0,0,0,0,0,0,0,0,0,0,0,0,0,0,5.53179257692733e-19,1.65341404567698e-07,1.43929529190063,2.1417920589447,3.6438319683075,20.4637298583984,62.8620567321777
0,NaN,0,0,0,0,0,0,0,0,0,0,0,0,0,0,0,0,0,0,0,0,0,1.11622349722017e-19,1.08733733128474e-08,0.948756635189056,1.34836769104004,3.47768449783325,21.0045013427734,62.9031600952148
NaN,NaN,0,0,0,0,0,0,0,0,0,0,0,0,0,0,0,0,0,0,0,0,0,5.93066567605178e-21,2.67931699049484e-09,0.273806184530258,0.70361453294754,3.38560342788696,21.5637111663818,62.9929046630859
NaN,NaN,NaN,0,0,0,0,0,0,0,0,0,0,0,0,0,0,0,0,0,0,0,0,5.18916944370608e-22,2.33479152678129e-10,0.0445371717214584,0.0992919430136681,3.37613344192505,22.1098136901855,63.0921249389648
NaN,NaN,NaN,0,0,0,0,0,0,0,0,0,0,0,0,0,0,0,0,0,0,0,0,1.99423898000352e-22,5.31489401101037e-11,0.00298083131201565,0.0105816191062331,3.40136361122131,22.638614654541,63.2239532470703
NaN,NaN,NaN,0,0,0,0,0,0,0,0,0,0,0,0,0,0,0,0,0,0,0,0,1.84936606315488e-23,1.04545313378557e-11,0.000140475851367228,0.0024030099157244,3.48459148406982,23.1506633758545,63.4556770324707
NaN,NaN,NaN,NaN,0,0,0,0,0,0,0,0,0,0,0,0,0,0,0,0,0,0,0,9.40464489809225e-25,4.47529681498957e-13,4.54381370218471e-06,0.00198295642621815,3.53792452812195,23.6707305908203,63.7051696777344
NaN,NaN,NaN,NaN,0,0,0,0,0,0,0,0,0,0,0,0,0,0,0,0,0,0,0,2.44058896192925e-25,8.13472214394005e-14,1.1454289960966e-07,0.00259085861034691,3.53212308883667,24.1969680786133,63.9862670898438
NaN,NaN,NaN,NaN,NaN,0,0,0,0,0,0,0,0,0,0,0,0,0,0,0,0,0,0,6.33691595385489e-26,1.18030094026353e-14,6.48096110111851e-09,0.00272051943466067,3.43581962585449,24.7268333435059,64.3481597900391
NaN,NaN,NaN,NaN,NaN,NaN,0,0,0,0,0,0,0,0,0,0,0,0,0,0,0,0,0,6.04067975205305e-28,2.09653635225356e-15,1.49166290430713e-09,0.00279027060605586,3.41304278373718,25.0988445281982,64.6639785766602
NaN,NaN,NaN,NaN,NaN,NaN,NaN,0,0,0,0,0,0,0,0,0,0,0,0,0,0,0,0,0,5.53918572285489e-16,2.27320917645102e-09,0.00257441587746143,3.44261479377747,25.5121440887451,64.9814682006836
NaN,NaN,NaN,NaN,NaN,NaN,NaN,0,0,0,0,0,0,0,0,0,0,0,0,0,0,0,0,0,1.27369244251136e-16,1.98561367348304e-09,0.00219229771755636,3.52700757980347,26.0079288482666,65.3103103637695
NaN,NaN,NaN,NaN,NaN,NaN,NaN,NaN,0,0,0,0,0,0,0,0,0,0,NaN,0,0,0,0,0,1.21234899298222e-16,2.31778929382642e-09,0.00359147088602185,3.62497043609619,26.5176563262939,65.6762771606445
0,0,0,NaN,NaN,NaN,NaN,NaN,NaN,0,0,0,0,0,0,0,0,0,NaN,0,0,0,0,0,4.99446128293026e-17,3.45864892281611e-09,0.00424642954021692,3.78251004219055,27.0558662414551,66.2636642456055
0,0,0,0,NaN,NaN,NaN,NaN,NaN,0,0,0,0,0,0,0,0,0,0,0,0,0,0,0,1.33284750301192e-16,7.73990205260588e-09,0.00349972583353519,3.97095465660095,27.6207599639893,66.9134140014648
0,0,0,0,NaN,NaN,NaN,NaN,NaN,NaN,0,0,0,0,0,0,0,0,0,0,0,0,0,6.74820395971876e-23,9.20747260038527e-16,1.09047482155233e-08,0.00298618734814227,4.20844268798828,28.2265224456787,67.5802993774414
0,0,0,0,NaN,NaN,NaN,NaN,NaN,NaN,0,0,0,0,0,0,0,0,0,0,0,0,0,2.10107769405897e-23,2.07526439033269e-15,1.04660875521745e-08,0.00244373106397688,4.47368001937866,28.8880996704102,68.2442932128906
0,0,0,0,0,0,NaN,NaN,NaN,NaN,0,0,0,0,0,0,0,0,0,0,0,0,0,3.28370412103348e-24,5.23340449955548e-15,1.45040690568976e-08,0.00287586753256619,4.91238069534302,29.424243927002,68.5956344604492
0,NaN,NaN,0,0,0,NaN,NaN,NaN,NaN,0,0,0,0,0,0,0,0,0,0,0,0,0,2.12378489744358e-23,5.89436743229747e-14,3.11343661962837e-08,0.00353834521956742,5.44995260238647,29.8895740509033,68.7826461791992
NaN,NaN,NaN,NaN,0,0,NaN,NaN,NaN,NaN,0,0,0,0,0,0,0,0,0,0,0,0,0,1.01113556035806e-23,9.65276849337199e-14,3.63785943591211e-08,0.00414056470617652,6.02420139312744,30.3970184326172,69.0921401977539
0,NaN,NaN,NaN,0,0,NaN,NaN,NaN,NaN,0,0,0,0,0,0,0,0,0,0,0,0,0,1.00807154571609e-24,1.67556994754708e-13,2.94476656392817e-08,0.00415631383657455,6.59336805343628,30.9505290985107,69.4894256591797
0,NaN,NaN,NaN,0,0,NaN,NaN,NaN,NaN,0,0,0,0,0,0,0,0,0,0,0,0,0,1.79076848903893e-24,9.16006420020876e-13,8.47157366479223e-08,0.00379633600823581,7.14190006256104,31.5763301849365,69.9024429321289
0,NaN,NaN,NaN,NaN,NaN,NaN,NaN,NaN,NaN,0,0,0,0,0,0,0,0,0,0,0,0,0,1.01488357533683e-26,2.41905215477012e-12,2.0784969478882e-07,0.00527829537168145,7.63045644760132,32.3507614135742,70.3311996459961
0,NaN,NaN,NaN,NaN,NaN,NaN,NaN,NaN,NaN,0,0,0,0,0,0,0,0,0,0,0,0,0,3.2852599658205e-28,4.79792898119835e-12,2.57780328638546e-07,0.00828101858496666,8.03496837615967,33.2193298339844,70.7853546142578
0,NaN,NaN,NaN,NaN,NaN,NaN,NaN,NaN,NaN,NaN,0,0,0,0,0,0,0,0,0,0,0,0,0,2.31021712177037e-11,3.84073445047761e-07,0.00930784363299608,8.42436218261719,33.9943695068359,71.4709625244141
NaN,NaN,NaN,NaN,NaN,NaN,NaN,NaN,NaN,NaN,0,0,0,0,0,0,0,0,0,0,0,0,0,0,3.75450885659045e-11,1.66610436735937e-06,0.00877569243311882,8.98326396942139,34.3938064575195,72.2710571289063
NaN,NaN,NaN,NaN,NaN,NaN,NaN,NaN,NaN,NaN,0,0,0,0,0,0,0,0,0,0,0,0,0,0,6.86467410693226e-11,3.26912390846701e-06,0.00828214734792709,9.62248039245605,34.8117370605469,73.1000747680664
NaN,NaN,NaN,NaN,NaN,NaN,NaN,NaN,NaN,0,0,0,0,0,0,0,0,0,0,0,0,0,0,0,1.86201179475098e-10,5.42044199391967e-06,0.0152995865792036,10.3046970367432,35.2077713012695,73.9949951171875
NaN,NaN,NaN,NaN,NaN,NaN,0,NaN,NaN,0,0,0,0,0,0,0,0,0,0,0,0,0,0,0,1.12770383309257e-10,1.46388683788246e-05,0.0199670270085335,10.7609453201294,35.7434387207031,75.2754821777344
NaN,NaN,NaN,NaN,NaN,NaN,0,NaN,NaN,0,0,0,0,0,0,0,0,0,0,0,0,0,0,0,4.1264192063295e-10,4.07395091315266e-05,0.0197028815746307,11.0356569290161,36.2953147888184,76.6748886108398
NaN,NaN,NaN,NaN,NaN,0,0,NaN,NaN,0,0,0,0,0,0,0,0,0,0,0,0,0,0,0,2.9166963289029e-10,7.21925680409186e-05,0.0190206132829189,11.2545795440674,36.8976669311523,78.0795135498047
NaN,NaN,NaN,NaN,0,0,0,NaN,NaN,0,0,0,0,0,0,0,0,0,0,0,0,0,0,0,1.20905048126008e-11,0.000128446568851359,0.0265345387160778,11.451358795166,37.7054290771484,79.110595703125
NaN,NaN,NaN,NaN,0,0,0,NaN,NaN,0,0,0,0,0,0,0,0,0,0,0,0,0,0,5.2348422333451e-20,1.8832418957615e-10,0.000403600017307326,0.0467723719775677,11.9013862609863,38.5427436828613,79.2691192626953
NaN,NaN,NaN,0,0,0,0,NaN,0,0,0,0,0,0,0,0,0,0,0,0,0,0,0,6.00615002669444e-20,9.23370963024084e-11,0.000731477979570627,0.0547143444418907,12.4669342041016,39.7183151245117,79.4362869262695
NaN,NaN,NaN,NaN,0,0,0,NaN,0,0,0,0,0,0,0,0,0,0,0,0,0,0,0,1.41111894321506e-18,1.75487485654102e-10,0.0010207035811618,0.0591155961155891,12.929986000061,41.1745643615723,79.6123886108398
NaN,NaN,NaN,NaN,0,0,0,NaN,0,0,0,0,0,0,0,0,0,0,0,0,0,0,0,3.35564034135127e-18,4.21142509754446e-10,0.00324189616367221,0.0689208433032036,13.1774368286133,42.785945892334,79.8305130004883
NaN,NaN,NaN,NaN,0,0,0,0,0,0,0,0,0,0,0,0,0,0,0,0,0,0,0,1.81824383625184e-16,3.07103842356327e-10,0.00618777424097061,0.134566962718964,13.2741737365723,44.7552528381348,80.1455535888672
NaN,NaN,NaN,NaN,NaN,NaN,0,0,0,0,0,0,0,0,0,0,0,0,0,0,0,0,0,2.98085029001096e-16,6.4959739809467e-09,0.00796675123274326,0.196555227041245,13.642430305481,47.0806198120117,80.4833526611328
NaN,NaN,NaN,NaN,NaN,NaN,0,0,0,0,0,0,0,0,0,0,0,0,0,0,0,0,0,1.29618953171131e-14,2.99120928026753e-09,0.0197533573955297,0.250964045524597,14.319465637207,49.4545745849609,80.8684387207031
NaN,NaN,NaN,NaN,NaN,NaN,0,0,0,0,0,0,0,0,0,0,0,0,0,0,0,0,0,3.33451290939011e-14,6.85972310066063e-08,0.0394667088985443,0.323871374130249,15.1329936981201,52.2035522460938,81.4428558349609
NaN,NaN,NaN,NaN,NaN,NaN,0,0,0,0,0,0,0,0,0,0,0,0,0,0,0,0,0,1.58917800793801e-12,1.1520068454729e-07,0.0490074343979359,0.593733370304108,15.8983688354492,55.3604431152344,82.0836181640625
NaN,NaN,NaN,NaN,NaN,NaN,0,0,0,0,0,0,0,0,0,0,0,0,0,0,0,0,0,1.87679754549974e-12,1.82274831672657e-07,0.106218598783016,0.882778704166412,16.7458801269531,59.0881118774414,82.9397201538086
NaN,NaN,NaN,NaN,NaN,NaN,0,0,0,0,0,0,0,0,0,0,0,0,0,0,0,0,0,8.79677858334205e-11,1.29355487388239e-06,0.214837327599525,1.17705583572388,17.5069713592529,63.6318130493164,83.9841995239258
NaN,NaN,NaN,NaN,NaN,NaN,0,0,0,0,0,0,0,0,0,0,0,0,0,0,0,0,0,1.70161412738068e-10,1.59749390604702e-06,0.250294178724289,1.68996059894562,18.4149475097656,69.2004776000977,85.3320693969727
NaN,NaN,NaN,NaN,NaN,NaN,NaN,0,0,0,0,0,0,0,0,0,0,0,0,0,0,0,0,4.13641565444323e-09,4.72871506644879e-05,0.482944160699844,2.61535668373108,21.4869174957275,72.0469360351563,85.8141632080078
NaN,NaN,NaN,NaN,NaN,NaN,NaN,NaN,0,0,0,0,0,0,0,0,0,0,0,0,0,0,0,3.38827232937433e-09,9.32363400352187e-05,0.932311177253723,3.82703924179077,26.5314884185791,72.8496398925781,85.8110580444336
NaN,NaN,NaN,NaN,NaN,NaN,NaN,NaN,0,0,0,0,0,0,0,0,0,0,0,0,0,0,0,5.7744252046632e-08,0.000776917324401438,1.01226794719696,5.73928785324097,33.5652618408203,73.9660339355469,85.8078918457031
NaN,NaN,NaN,NaN,NaN,NaN,NaN,NaN,0,0,0,0,0,0,0,0,0,0,0,0,0,0,0,1.04459239480548e-07,0.00406313501298428,1.85193049907684,7.27419996261597,42.2655487060547,75.4476547241211,85.8046569824219
NaN,NaN,NaN,NaN,NaN,NaN,NaN,NaN,0,0,0,0,0,0,0,0,0,0,0,0,0,0,0,3.58391571353422e-06,0.00419530179351568,3.37384486198425,11.1028203964233,47.0587463378906,77.4753646850586,85.8013534545898
NaN,NaN,NaN,NaN,NaN,NaN,NaN,NaN,0,0,0,0,NaN,0,0,0,0,0,0,0,0,0,1.01274210399053e-20,5.07951881445479e-06,0.168916344642639,3.6743905544281,21.2666454315186,46.8502922058105,80.4926300048828,85.797981262207
NaN,NaN,NaN,NaN,NaN,NaN,NaN,NaN,0,0,0,0,NaN,0,0,0,0,0,0,0,0,0,2.10733130621249e-20,8.43743691802956e-05,0.225188091397285,9.38626098632813,29.7087230682373,48.4432182312012,82.2596817016602,85.794548034668
NaN,NaN,NaN,NaN,NaN,NaN,NaN,NaN,0,0,0,0,0,NaN,0,0,0,0,0,0,0,0,5.61625598927512e-19,9.97986062429845e-05,0.44102156162262,16.9264316558838,29.7827548980713,56.5854682922363,82.2454605102539,85.7910461425781
NaN,NaN,NaN,NaN,NaN,NaN,NaN,NaN,0,0,0,0,0,0,0,0,0,0,0,0,0,0,1.25292774413805e-17,0.00104659551288933,0.662063479423523,17.00341796875,39.5051345825195,65.5715942382813,82.2312393188477,85.7874755859375
NaN,NaN,NaN,NaN,NaN,NaN,NaN,NaN,0,0,0,0,0,0,0,0,0,0,0,0,0,0,6.93338355753865e-17,0.00116304191760719,2.13693737983704,30.8388538360596,51.3813133239746,65.5390625,82.217041015625,85.7838439941406
NaN,NaN,NaN,NaN,NaN,NaN,NaN,NaN,NaN,0,0,0,0,0,0,0,0,0,0,0,0,0,5.88417906589801e-15,0.0535991564393044,8.7456521987915,40.5773391723633,51.3957633972168,65.5026092529297,82.2028503417969,85.780143737793
NaN,NaN,NaN,NaN,NaN,NaN,NaN,NaN,0,0,0,0,0,0,0,NaN,0,0,0,0,0,0,9.81423194665668e-15,0.0595133118331432,8.72342395782471,40.5246429443359,51.3807830810547,65.466178894043,82.1886825561523,85.7763748168945
NaN,NaN,NaN,NaN,NaN,NaN,NaN,NaN,0,0,0,0,0,0,0,0,0,0,0,0,0,0,8.20672554016807e-17,0.0142129575833678,5.47176074981689,32.6769371032715,42.6378326416016,41.9137802124023,52.9269523620605,70.6657791137695
NaN,NaN,NaN,NaN,NaN,NaN,NaN,NaN,NaN,0,0,0,0,0,0,0,0,0,0,0,0,0,4.87885021918067e-17,0.0164155550301075,5.50555419921875,32.7304344177246,42.6352500915527,41.9211082458496,52.9603958129883,70.706428527832
NaN,NaN,NaN,NaN,NaN,NaN,NaN,NaN,NaN,0,0,0,0,0,0,0,0,0,0,0,0,0,4.08622001023579e-19,0.0294050052762032,6.10349321365356,35.4022560119629,42.6529655456543,41.9284439086914,52.9938888549805,70.7472152709961
NaN,NaN,NaN,NaN,NaN,NaN,NaN,NaN,NaN,0,0,0,0,0,0,0,0,0,0,0,0,0,1.00085231067833e-17,0.0531982555985451,6.22053289413452,41.3837738037109,48.7686920166016,41.9364013671875,53.027416229248,70.7881546020508
NaN,NaN,NaN,NaN,NaN,NaN,NaN,NaN,NaN,0,0,0,0,0,0,0,0,0,0,0,0,0,1.3013554797775e-15,0.127007871866226,9.35567092895508,42.4476165771484,51.5030250549316,43.6339950561523,53.0609855651855,70.8292388916016
NaN,NaN,NaN,NaN,NaN,NaN,NaN,NaN,NaN,0,0,0,0,0,0,0,0,0,0,0,0,0,5.76942261868753e-15,0.217510849237442,11.2573165893555,49.5290298461914,51.4777793884277,46.6235008239746,53.0946006774902,70.870475769043
NaN,NaN,NaN,NaN,NaN,NaN,NaN,NaN,NaN,0,0,0,0,0,0,0,0,0,0,0,0,0,5.95136440129096e-12,0.375787228345871,14.1833868026733,52.3983726501465,54.8202323913574,47.9727745056152,55.3470840454102,70.9118576049805
NaN,NaN,NaN,NaN,NaN,NaN,NaN,NaN,0,0,0,0,0,0,0,0,0,0,0,0,0,4.3228749302161e-25,4.03044472796488e-11,0.659173488616943,17.9756889343262,55.0518493652344,59.4781341552734,48.0304412841797,59.7126884460449,70.9533843994141
NaN,NaN,NaN,NaN,NaN,NaN,NaN,NaN,0,0,NaN,0,0,0,0,0,0,0,0,0,0,1.45041846678333e-22,2.1420158979879e-09,0.95161360502243,20.5159816741943,59.0721740722656,61.2631034851074,49.9802513122559,62.645320892334,70.9950561523438
NaN,NaN,NaN,NaN,NaN,NaN,NaN,NaN,0,0,NaN,NaN,0,0,0,0,0,0,0,0,0,4.31258851848904e-21,4.92688982944856e-08,1.53417432308197,24.3092594146729,61.2936859130859,63.224983215332,52.7384033203125,64.4013290405273,71.0368804931641
NaN,NaN,NaN,NaN,NaN,NaN,NaN,NaN,NaN,NaN,NaN,NaN,NaN,0,0,0,0,0,0,0,0,2.40513942962759e-20,1.47589503285417e-07,2.00455832481384,27.2793464660645,64.2231674194336,66.1451950073242,54.6366348266602,65.6021881103516,71.0788497924805
NaN,NaN,NaN,NaN,NaN,NaN,NaN,NaN,NaN,NaN,NaN,0,NaN,0,0,0,0,0,0,0,0,4.06020104406793e-19,5.16698310093489e-06,3.07624650001526,31.3510856628418,66.3828887939453,68.6537933349609,56.0612182617188,66.2267684936523,71.120964050293
NaN,NaN,NaN,NaN,NaN,NaN,NaN,NaN,NaN,0,0,0,0,0,0,0,0,0,0,0,0,1.30015835090779e-17,5.25140203535557e-05,4.00490522384644,35.4110412597656,69.0057525634766,70.6052856445313,58.0720710754395,66.924072265625,71.2635192871094
NaN,NaN,NaN,NaN,NaN,NaN,NaN,NaN,0,0,0,0,0,0,0,0,0,0,0,0,0,3.54964939153002e-17,0.000338292447850108,5.68005609512329,39.8129806518555,70.7764358520508,71.6204681396484,60.6326713562012,67.9172439575195,71.6281433105469
NaN,NaN,NaN,NaN,NaN,NaN,NaN,NaN,0,0,0,0,0,0,0,0,0,0,0,0,0,7.05830834411334e-17,0.00121062889229506,7.13226222991943,45.1979560852051,72.3315277099609,72.5205612182617,62.6145286560059,68.6963882446289,72.0522384643555
NaN,NaN,NaN,NaN,NaN,NaN,NaN,NaN,NaN,NaN,NaN,0,0,0,0,0,0,0,0,0,0,2.38135028079531e-16,0.00394307309761643,9.52427673339844,49.2830467224121,73.8240585327148,73.6151885986328,64.1568908691406,69.2148056030273,72.5216369628906
NaN,NaN,NaN,NaN,NaN,NaN,NaN,NaN,NaN,NaN,NaN,0,0,0,0,0,0,0,0,0,0,1.33559528533744e-18,0.0142367715016007,11.3353271484375,53.5529365539551,74.7263641357422,74.4869918823242,65.7012329101563,69.5951385498047,73.0695877075195
NaN,NaN,NaN,NaN,NaN,NaN,NaN,NaN,NaN,NaN,NaN,0,0,0,0,0,0,0,0,0,0,0,0.0212238170206547,12.8798065185547,56.4314308166504,75.8844833374023,74.8668518066406,67.5008163452148,70.0327072143555,73.5899810791016
NaN,NaN,NaN,NaN,NaN,NaN,NaN,NaN,NaN,NaN,NaN,NaN,0,0,0,0,0,0,0,0,0,0,0.0154871782287955,12.858024597168,58.8492202758789,76.6627349853516,75.2832183837891,68.8117065429688,70.5186614990234,74.0596923828125
NaN,NaN,NaN,NaN,NaN,NaN,NaN,NaN,NaN,NaN,NaN,NaN,0,0,0,0,0,0,0,0,0,0,0.0235771276056767,11.9823045730591,60.4569320678711,77.4627914428711,75.7826461791992,69.6432342529297,71.33349609375,74.5096054077148
NaN,NaN,NaN,NaN,NaN,NaN,NaN,NaN,NaN,NaN,NaN,NaN,0,0,0,0,0,0,0,0,0,0,0.00465294718742371,10.7598600387573,60.5317039489746,78.381950378418,76.2319717407227,70.4197845458984,72.1015167236328,74.9425659179688
NaN,NaN,NaN,NaN,NaN,NaN,NaN,NaN,NaN,NaN,NaN,NaN,0,0,0,0,0,0,0,0,0,0,0.00481587601825595,9.62434673309326,61.2493286132813,78.8336486816406,76.5272903442383,71.5307312011719,72.8185882568359,75.3043746948242
NaN,NaN,NaN,NaN,NaN,NaN,NaN,NaN,NaN,NaN,NaN,0,0,0,0,0,0,0,0,0,0,0,0.00126352114602923,9.70685291290283,61.1065940856934,78.8927307128906,76.9885482788086,72.5889739990234,73.5531234741211,75.636344909668
NaN,NaN,NaN,NaN,NaN,NaN,NaN,NaN,NaN,NaN,NaN,NaN,0,0,0,0,0,0,0,0,0,0,0.000549529620911926,9.58328056335449,61.0089645385742,78.8257598876953,77.4454879760742,73.5148391723633,74.2442855834961,75.9629516601563
NaN,NaN,NaN,NaN,NaN,NaN,NaN,NaN,NaN,NaN,NaN,NaN,NaN,0,0,0,0,0,0,0,0,0,0.000658324162941426,10.397216796875,60.6121940612793,78.6478652954102,77.8218841552734,74.294677734375,74.8725357055664,76.2842407226563
NaN,NaN,NaN,NaN,NaN,NaN,NaN,NaN,NaN,NaN,NaN,NaN,NaN,0,0,0,0,0,0,0,0,0,0.000537539774086326,10.9626779556274,60.454345703125,78.2155380249023,78.0266189575195,75.0392761230469,75.5796661376953,76.7852020263672
NaN,NaN,NaN,NaN,NaN,NaN,NaN,NaN,NaN,NaN,NaN,NaN,NaN,NaN,0,0,0,0,0,0,0,0,0.00142089033033699,11.5819129943848,60.0133171081543,77.8040313720703,78.1850814819336,75.6853256225586,76.2198181152344,77.3617324829102
NaN,NaN,NaN,NaN,NaN,NaN,NaN,NaN,NaN,NaN,NaN,NaN,NaN,NaN,0,0,0,0,0,0,0,0,0.00342189450748265,11.9626293182373,58.8454246520996,77.0152130126953,78.3390502929688,76.2861022949219,76.7949066162109,77.8559875488281
NaN,NaN,NaN,NaN,NaN,NaN,NaN,NaN,NaN,NaN,NaN,NaN,NaN,NaN,NaN,0,0,0,0,0,0,0,0.00734764849767089,10.4158658981323,56.4382209777832,76.1239852905273,78.37255859375,76.8584823608398,77.3453750610352,78.3278503417969
NaN,NaN,NaN,NaN,NaN,NaN,NaN,NaN,NaN,NaN,NaN,NaN,NaN,NaN,NaN,0,0,0,0,0,0,0,0.00882649794220924,8.51619243621826,51.8751983642578,75.1403198242188,78.3694152832031,77.4228744506836,77.8701858520508,78.7925186157227
NaN,NaN,NaN,NaN,NaN,NaN,NaN,NaN,NaN,NaN,NaN,NaN,NaN,NaN,NaN,0,0,0,0,0,0,1.0370553430798e-26,0.0120492903515697,6.54217910766602,46.9982528686523,73.3398818969727,78.377326965332,78.0233535766602,78.4147567749023,79.2508544921875
NaN,NaN,NaN,NaN,NaN,NaN,NaN,NaN,NaN,NaN,NaN,NaN,NaN,NaN,NaN,0,0,0,0,0,0,0,0.00297566829249263,5.7833366394043,41.2208557128906,71.7383880615234,78.3723678588867,78.5828018188477,78.9573669433594,79.7027893066406
NaN,NaN,NaN,NaN,NaN,NaN,NaN,NaN,NaN,NaN,NaN,NaN,NaN,NaN,NaN,0,0,0,0,0,0,0,0.00320940534584224,4.60077857971191,36.5877532958984,70.0493240356445,78.2745208740234,79.0536956787109,79.5882339477539,80.1328277587891
NaN,NaN,NaN,NaN,NaN,NaN,NaN,NaN,NaN,NaN,NaN,NaN,NaN,NaN,NaN,0,0,0,0,0,0,0,0.00020018957729917,3.68617987632751,32.2252082824707,67.3210525512695,78.3127365112305,79.5108032226563,80.1446304321289,80.5200347900391
NaN,NaN,NaN,NaN,NaN,NaN,NaN,NaN,NaN,NaN,NaN,NaN,NaN,NaN,NaN,NaN,0,0,0,0,0,0,0.000297440681606531,2.7878737449646,27.1772327423096,65.2478408813477,78.5158004760742,79.9984130859375,80.6463394165039,80.9040145874023
NaN,NaN,NaN,NaN,NaN,NaN,NaN,NaN,NaN,NaN,NaN,NaN,NaN,NaN,NaN,NaN,0,0,0,0,NaN,0,1.58224702317966e-05,1.88863515853882,22.2013072967529,63.3320465087891,78.7006683349609,80.4524002075195,81.0922470092773,81.2867202758789
NaN,NaN,NaN,NaN,NaN,NaN,NaN,NaN,NaN,NaN,NaN,NaN,NaN,NaN,NaN,NaN,0,0,0,0,NaN,0,2.80677304544952e-05,1.38761937618256,17.6956367492676,60.5247802734375,78.8800506591797,80.8652725219727,81.4510955810547,81.6681594848633
NaN,NaN,NaN,NaN,NaN,NaN,NaN,NaN,NaN,NaN,NaN,NaN,NaN,NaN,NaN,NaN,0,0,0,0,0,0,1.10150801901909e-06,0.836305618286133,13.6050310134888,58.316535949707,79.0849075317383,81.2774276733398,81.800163269043,82.0272979736328
NaN,NaN,NaN,NaN,NaN,NaN,NaN,NaN,NaN,NaN,NaN,NaN,NaN,NaN,NaN,NaN,0,0,0,0,0,0,1.5878896419963e-06,0.490060597658157,10.2151079177856,56.632495880127,79.2297058105469,81.6684875488281,82.1440734863281,82.3402252197266
NaN,NaN,NaN,NaN,NaN,NaN,NaN,NaN,NaN,NaN,NaN,NaN,NaN,NaN,NaN,NaN,0,0,0,0,0,0,3.24017662478582e-07,0.242697328329086,8.06116390228271,54.3898811340332,79.1352005004883,82.0503082275391,82.4394302368164,82.5965423583984
NaN,NaN,NaN,NaN,NaN,NaN,NaN,NaN,NaN,NaN,NaN,NaN,NaN,NaN,NaN,NaN,0,0,0,0,0,0,1.65193753787207e-07,0.0756004229187965,6.26763868331909,52.6830673217773,79.0522308349609,82.3712310791016,82.6975250244141,82.9234008789063
NaN,NaN,NaN,NaN,NaN,NaN,NaN,NaN,NaN,NaN,NaN,NaN,NaN,NaN,NaN,NaN,0,0,0,0,0,0,1.48494862628468e-07,0.0264120176434517,4.83052825927734,52.0150299072266,78.9784698486328,82.6455764770508,82.9382019042969,83.2534484863281
NaN,NaN,NaN,NaN,NaN,NaN,NaN,NaN,NaN,NaN,NaN,NaN,NaN,NaN,NaN,NaN,NaN,0,0,0,0,0,4.13615701688741e-08,0.00771022448316216,4.24395322799683,50.6288719177246,78.9550094604492,82.8414001464844,83.1675491333008,83.5808868408203
NaN,NaN,NaN,NaN,NaN,NaN,NaN,NaN,NaN,NaN,NaN,NaN,NaN,NaN,NaN,NaN,NaN,0,0,0,0,0,1.10038158140924e-07,0.00146092195063829,3.77200722694397,49.6940498352051,78.7142868041992,83.0356674194336,83.3606491088867,83.8899230957031
NaN,NaN,NaN,NaN,NaN,NaN,NaN,NaN,NaN,NaN,NaN,NaN,NaN,NaN,NaN,NaN,NaN,0,0,0,0,0,7.37602778855262e-09,0.000543652626220137,3.26922202110291,50.2348251342773,78.5037689208984,83.2228088378906,83.4412460327148,84.1264343261719
NaN,NaN,NaN,NaN,NaN,NaN,NaN,NaN,NaN,NaN,NaN,NaN,NaN,NaN,NaN,NaN,NaN,0,0,0,0,0,4.76349182321201e-09,0.000203742063604295,3.08139681816101,50.1133804321289,78.343376159668,83.340705871582,83.5130004882813,84.3550872802734
NaN,NaN,NaN,NaN,NaN,NaN,NaN,NaN,NaN,NaN,NaN,NaN,NaN,0,NaN,NaN,NaN,0,0,0,0,0,9.98517379890984e-10,3.05366520478856e-05,2.98871231079102,49.9786071777344,78.1794128417969,83.4446716308594,83.6026000976563,84.5847015380859
NaN,NaN,NaN,NaN,NaN,NaN,NaN,NaN,NaN,NaN,NaN,NaN,NaN,0,NaN,NaN,0,0,0,0,0,0,1.58848108278153e-11,2.54598180617904e-05,3.08286476135254,50.1689071655273,77.9210052490234,83.5360794067383,83.7403182983398,84.8062210083008
NaN,NaN,NaN,NaN,NaN,NaN,NaN,NaN,NaN,NaN,NaN,NaN,NaN,0,0,NaN,0,0,0,0,0,0,3.38374207126124e-12,2.01249349629506e-05,2.6334810256958,50.5544013977051,77.6254806518555,83.5890502929688,83.8725357055664,84.9661407470703
NaN,NaN,NaN,NaN,NaN,NaN,NaN,NaN,NaN,NaN,NaN,NaN,NaN,0,0,NaN,0,0,0,0,0,0,2.31266015452564e-13,5.09010169480462e-06,2.703777551651,50.0599098205566,77.4097366333008,83.6499710083008,83.9912567138672,85.0974044799805
NaN,NaN,NaN,NaN,NaN,NaN,NaN,NaN,NaN,NaN,NaN,NaN,NaN,0,0,NaN,0,0,0,0,0,0,9.61892901890941e-15,9.54512051976053e-06,2.98607230186462,50.1056480407715,77.2256622314453,83.7191009521484,84.0893325805664,85.2243041992188
NaN,NaN,NaN,NaN,NaN,NaN,NaN,NaN,NaN,NaN,NaN,NaN,NaN,0,0,NaN,0,0,0,0,0,0,3.54391067713792e-15,1.56370515469462e-05,2.92300891876221,50.2535934448242,77.1456832885742,83.7422409057617,84.1860885620117,85.3504333496094
NaN,NaN,NaN,NaN,NaN,NaN,NaN,NaN,NaN,NaN,NaN,NaN,NaN,0,0,0,0,0,0,0,0,0,2.74281259131102e-16,1.25061997096054e-05,2.55541586875916,50.1540184020996,76.9224319458008,83.7923965454102,84.2832717895508,85.4646682739258
NaN,NaN,NaN,NaN,NaN,NaN,NaN,NaN,NaN,NaN,NaN,NaN,NaN,0,0,0,0,0,0,0,0,0,2.27300331866181e-17,2.0110133846174e-05,2.69583511352539,49.1135635375977,76.7167205810547,83.824951171875,84.370491027832,85.5764007568359
NaN,NaN,NaN,NaN,NaN,NaN,NaN,NaN,NaN,NaN,NaN,NaN,NaN,0,0,0,0,0,0,0,0,0,2.47258347162513e-17,5.10536483488977e-05,3.00189995765686,48.1957778930664,76.5319900512695,83.846923828125,84.3678207397461,85.688606262207
NaN,NaN,NaN,NaN,NaN,NaN,NaN,NaN,NaN,NaN,NaN,NaN,NaN,0,0,0,0,0,0,0,0,0,9.83926044675906e-17,7.36060537747107e-05,3.01766800880432,47.8591232299805,76.4148712158203,83.8800277709961,84.4009475708008,85.7875213623047
NaN,NaN,NaN,NaN,NaN,NaN,NaN,NaN,NaN,NaN,NaN,NaN,NaN,0,0,0,0,0,0,0,0,0,1.65195353395349e-16,6.78486685501412e-05,2.67877721786499,47.5744171142578,76.2724227905273,83.9358444213867,84.4513320922852,85.8569259643555
NaN,NaN,NaN,NaN,NaN,NaN,NaN,NaN,NaN,NaN,NaN,NaN,NaN,0,0,0,0,0,0,0,0,0,2.62132154395559e-15,0.000152267559315078,2.68786573410034,46.3048324584961,76.0389022827148,83.9901428222656,84.5069732666016,85.9052276611328
NaN,NaN,NaN,NaN,NaN,NaN,NaN,NaN,NaN,NaN,NaN,NaN,NaN,0,0,0,0,0,0,0,0,0,1.98462089589981e-14,0.000276288046734408,2.72185134887695,44.7721900939941,75.6578598022461,84.0038986206055,84.5644989013672,85.9347305297852
NaN,NaN,NaN,NaN,NaN,NaN,NaN,NaN,NaN,NaN,NaN,NaN,NaN,0,0,0,0,0,0,0,0,0,4.85329592337627e-15,0.000324643711792305,2.67501282691956,43.1115341186523,75.2224655151367,84.0124282836914,84.6391296386719,85.9572448730469
NaN,NaN,NaN,NaN,NaN,NaN,NaN,NaN,NaN,NaN,NaN,NaN,NaN,0,0,0,0,0,0,0,0,0,4.78167683129038e-14,0.000208008437766694,2.58648347854614,41.4287757873535,74.6889877319336,84.0389709472656,84.7050399780273,85.9801864624023
NaN,NaN,NaN,NaN,NaN,NaN,NaN,NaN,NaN,NaN,NaN,NaN,NaN,0,0,0,0,0,0,0,0,0,2.06561222119983e-13,0.000368589477147907,2.40203905105591,39.6749420166016,74.0723419189453,84.0630722045898,84.7673568725586,86.003547668457
NaN,NaN,NaN,NaN,NaN,NaN,NaN,NaN,NaN,NaN,NaN,NaN,NaN,0,0,0,0,0,0,0,0,0,2.41119976632578e-13,0.000594834389630705,2.37866497039795,37.0536422729492,73.4237899780273,84.119758605957,84.8141555786133,86.0401992797852
NaN,NaN,NaN,NaN,NaN,NaN,NaN,NaN,NaN,NaN,NaN,NaN,NaN,0,0,0,0,0,0,0,0,0,2.4211025640374e-14,0.000696632487233728,2.31150364875793,34.357852935791,72.6080322265625,84.1792984008789,84.841552734375,86.0879821777344
NaN,NaN,NaN,NaN,NaN,NaN,NaN,NaN,NaN,NaN,NaN,NaN,NaN,0,0,0,0,0,0,0,0,0,3.16263942118367e-14,0.000484904827317223,2.13804888725281,31.8547763824463,71.1521835327148,84.2281494140625,84.8782043457031,86.1030731201172
NaN,NaN,NaN,NaN,NaN,NaN,NaN,NaN,NaN,NaN,NaN,NaN,NaN,0,0,0,0,0,0,0,0,0,7.80938356516325e-14,0.000222930975724012,1.89503765106201,29.1239318847656,69.2293014526367,84.2841415405273,84.9181442260742,86.1167678833008
NaN,NaN,NaN,NaN,NaN,NaN,NaN,NaN,NaN,NaN,NaN,NaN,NaN,0,0,0,0,0,0,0,0,0,2.46392722847918e-13,0.000233388593187556,1.6012476682663,26.2060050964355,66.9497222900391,84.2733840942383,84.9557723999023,86.1312103271484
NaN,NaN,NaN,NaN,NaN,NaN,NaN,NaN,NaN,NaN,NaN,NaN,NaN,0,0,0,0,0,0,0,0,0,2.64457103134677e-13,0.000210264173801988,1.27968621253967,23.2040691375732,64.6176300048828,84.3053359985352,84.9960784912109,86.1463928222656
NaN,NaN,NaN,NaN,NaN,NaN,NaN,NaN,NaN,NaN,NaN,NaN,NaN,0,0,0,0,0,0,0,0,0,1.01087198914286e-14,0.000159627423272468,1.07056987285614,20.1978912353516,62.0975685119629,84.3183975219727,85.0666122436523,86.1636962890625
NaN,NaN,NaN,NaN,NaN,NaN,NaN,NaN,NaN,NaN,NaN,0,0,0,0,0,0,0,0,0,0,0,3.68536284998879e-15,9.84865910140797e-05,0.879780292510986,17.2168407440186,59.6267929077148,84.3350296020508,85.1524505615234,86.1870193481445
NaN,NaN,NaN,NaN,NaN,NaN,NaN,NaN,NaN,NaN,0,0,0,0,0,0,0,0,0,0,0,0,2.88033892527004e-15,3.96488794649485e-05,0.69732528924942,14.4820003509521,57.0814590454102,84.340950012207,85.2174072265625,86.2104644775391
NaN,NaN,NaN,NaN,NaN,NaN,NaN,NaN,NaN,NaN,0,0,0,0,0,0,0,0,0,0,0,0,5.31200449837947e-15,1.79827875399496e-05,0.548050582408905,12.0313282012939,54.3352470397949,84.3442611694336,85.3205413818359,86.2214508056641
NaN,NaN,NaN,NaN,NaN,NaN,NaN,NaN,NaN,NaN,NaN,0,0,0,0,0,0,0,0,0,0,0,9.78456631174499e-15,1.92832940228982e-05,0.41910707950592,9.90542602539063,51.5154113769531,84.2079925537109,85.4514312744141,86.2293395996094
NaN,NaN,NaN,NaN,NaN,NaN,NaN,NaN,NaN,NaN,NaN,0,0,0,0,0,0,0,0,0,0,0,5.48970946961458e-15,1.86465513252188e-05,0.307585686445236,8.19931411743164,48.291675567627,84.1410903930664,85.6059265136719,86.2374877929688
NaN,NaN,NaN,NaN,NaN,NaN,NaN,NaN,NaN,NaN,NaN,0,0,0,0,0,0,0,0,0,0,0,1.04437320099795e-15,1.69180275406688e-05,0.210148930549622,6.5676703453064,45.3318710327148,83.9899139404297,85.735481262207,86.2458877563477
NaN,NaN,NaN,NaN,NaN,NaN,NaN,NaN,NaN,NaN,NaN,0,0,0,0,0,0,0,0,0,0,0,2.30733257139729e-15,1.43837296491256e-05,0.136459991335869,5.28187608718872,42.2590599060059,83.8637924194336,85.8568878173828,86.2506484985352
NaN,NaN,NaN,NaN,NaN,NaN,NaN,NaN,NaN,NaN,NaN,0,0,0,0,0,0,0,0,0,0,0,3.81839826820102e-15,1.09369384517777e-05,0.0944433063268661,4.16944789886475,39.465446472168,83.6881408691406,85.9734649658203,86.2474365234375
NaN,NaN,NaN,NaN,NaN,NaN,NaN,NaN,NaN,NaN,NaN,0,0,0,0,0,0,0,0,0,0,0,4.50954030722732e-15,7.08278366801096e-06,0.0664945393800735,3.30469393730164,36.9178161621094,83.5078201293945,86.0796127319336,86.2548751831055
NaN,NaN,NaN,NaN,NaN,NaN,NaN,NaN,NaN,NaN,NaN,0,0,0,0,0,0,0,0,0,0,0,3.19431011013645e-15,3.74089313481818e-06,0.0454158522188663,2.67015981674194,34.3014106750488,83.3157730102539,86.1734390258789,86.2725524902344
NaN,NaN,NaN,NaN,NaN,NaN,NaN,NaN,NaN,NaN,NaN,0,0,0,0,NaN,0,0,0,0,0,0,2.45289963030592e-15,1.47165894759382e-06,0.0310768596827984,2.10520195960999,32.034797668457,83.025016784668,86.3300552368164,86.2917327880859
NaN,NaN,NaN,NaN,NaN,NaN,NaN,NaN,NaN,NaN,NaN,NaN,0,0,0,0,0,0,0,0,0,0,3.72070784081181e-15,7.3670975098139e-07,0.0198735315352678,1.63757503032684,29.7342128753662,82.830696105957,86.4825973510742,86.2957000732422
NaN,NaN,NaN,NaN,NaN,NaN,NaN,NaN,NaN,NaN,NaN,NaN,0,0,0,0,0,0,0,0,0,0,4.10788490693586e-15,3.91104975960843e-07,0.0112604964524508,1.28397393226624,27.9827213287354,82.3014755249023,86.5562362670898,86.2814865112305
NaN,NaN,NaN,NaN,NaN,NaN,NaN,NaN,NaN,NaN,NaN,NaN,0,0,0,0,0,0,0,0,0,0,1.66348292291504e-15,1.73896083310865e-07,0.00612880848348141,0.934157967567444,26.3011455535889,81.9434127807617,86.6495590209961,86.2681655883789
NaN,NaN,NaN,NaN,NaN,NaN,NaN,NaN,NaN,NaN,NaN,NaN,0,0,0,0,0,0,0,0,0,0,2.57226250738137e-16,6.54307328318282e-08,0.00350001966580749,0.729090094566345,25.0189094543457,81.3505325317383,86.7464599609375,86.265869140625
NaN,NaN,NaN,NaN,NaN,NaN,NaN,NaN,NaN,NaN,NaN,NaN,0,0,0,0,0,0,0,0,0,0,1.28946803410727e-17,2.12061070925529e-08,0.00183332141023129,0.523574829101563,23.6923179626465,81.1306381225586,86.7919540405273,86.2659378051758
NaN,NaN,NaN,NaN,NaN,NaN,NaN,NaN,NaN,NaN,NaN,NaN,0,0,0,0,0,0,0,0,0,0,1.51343425735024e-18,6.25111695740088e-09,0.000856404774822295,0.403144687414169,22.9077301025391,80.6119232177734,86.8595657348633,86.2661361694336
NaN,NaN,NaN,NaN,NaN,NaN,NaN,NaN,NaN,NaN,NaN,NaN,0,0,0,0,0,0,0,0,0,0,2.1119482341885e-19,1.961707685183e-09,0.000388766842661425,0.332833230495453,21.9062900543213,80.2743453979492,86.9662857055664,86.2663269042969
NaN,NaN,NaN,NaN,NaN,NaN,NaN,NaN,NaN,NaN,NaN,NaN,0,0,0,0,0,0,0,0,0,0,1.50192799408387e-20,7.97446053635298e-10,0.000232832069741562,0.271820724010468,21.5524711608887,80.163444519043,87.0229873657227,86.2665100097656
NaN,NaN,NaN,NaN,NaN,NaN,NaN,NaN,NaN,NaN,NaN,NaN,0,0,0,0,0,0,0,0,0,0,7.95910762017822e-21,6.14217066097211e-10,0.000154319874127395,0.258458167314529,20.963939666748,79.7944869995117,87.023796081543,86.2666931152344
NaN,NaN,NaN,NaN,NaN,NaN,NaN,NaN,NaN,NaN,NaN,0,0,0,0,0,0,0,0,0,0,0,4.1317785334358e-19,1.07248998570952e-09,0.000131766340928152,0.251084119081497,20.8985843658447,79.7586288452148,87.0246047973633,86.2668762207031
NaN,NaN,NaN,NaN,NaN,NaN,NaN,NaN,NaN,NaN,NaN,0,0,0,0,0,0,0,0,0,0,0,2.90788098240851e-17,4.46173586965415e-09,0.000188010963029228,0.280615538358688,20.8427791595459,79.6583938598633,87.2066879272461,86.9841613769531
NaN,NaN,NaN,NaN,NaN,NaN,NaN,NaN,NaN,NaN,NaN,0,0,0,0,0,0,0,0,0,0,0,8.6979494600851e-16,2.00365555258486e-08,0.000319012557156384,0.316333621740341,21.0184192657471,79.6953048706055,87.2061309814453,86.9844284057617
NaN,NaN,NaN,NaN,NaN,NaN,NaN,NaN,NaN,NaN,0,0,0,0,0,0,0,0,0,0,0,0,1.81911709545672e-14,9.6729849019539e-08,0.000593858538195491,0.366879731416702,21.6863670349121,79.7513275146484,87.2055740356445,86.9847030639648
NaN,NaN,NaN,NaN,NaN,NaN,NaN,NaN,NaN,NaN,0,0,0,0,0,0,0,0,0,0,0,0,2.01998506354877e-13,4.00281351176091e-07,0.00110595999285579,0.501913547515869,22.3082904815674,79.9041137695313,87.2122573852539,86.984977722168
0,NaN,NaN,NaN,NaN,NaN,NaN,NaN,NaN,NaN,0,0,0,0,0,0,0,0,0,0,0,0,1.32593805726722e-12,1.73870853359404e-06,0.00260000419802964,0.639710187911987,23.3861484527588,80.0854339599609,87.242317199707,86.9852447509766
0,NaN,NaN,NaN,NaN,NaN,NaN,NaN,NaN,NaN,0,0,0,0,0,0,0,0,0,0,0,0,7.53150319887652e-12,8.08617642178433e-06,0.00645007006824017,0.915252149105072,24.6696243286133,80.316032409668,87.2968826293945,86.9855041503906
0,0,NaN,NaN,NaN,NaN,NaN,NaN,NaN,NaN,NaN,0,0,0,0,0,0,0,0,0,0,1.18092763473664e-24,2.28000021640362e-10,4.196031295578e-05,0.0161034036427736,2.07916045188904,26.3653335571289,80.5819091796875,87.3150939941406,86.9911346435547
0,0,NaN,NaN,NaN,NaN,NaN,NaN,NaN,NaN,NaN,0,0,0,0,0,0,0,0,0,0,2.33961405580834e-16,9.4787333537738e-09,0.000246253679506481,0.0401898548007011,3.7033519744873,28.8970909118652,80.9436645507813,87.2882461547852,87.0263900756836
0,0,NaN,NaN,NaN,NaN,NaN,NaN,NaN,NaN,0,0,0,0,0,0,0,0,0,0,0,2.8509373952313e-14,2.81984767980248e-07,0.0014173825038597,0.108586952090263,6.46003389358521,31.4443264007568,81.2382507324219,87.2890090942383,87.0784454345703
0,0,NaN,NaN,NaN,NaN,NaN,NaN,NaN,NaN,0,0,0,0,0,0,0,0,0,0,0,1.64869832196268e-12,4.99178759127972e-06,0.00731741217896342,0.578288435935974,9.23899459838867,34.3789253234863,81.7815170288086,87.326171875,87.1284637451172
0,NaN,NaN,NaN,NaN,NaN,NaN,NaN,NaN,0,0,0,0,0,0,0,0,0,0,0,0,2.63910126391265e-11,5.03810333611909e-05,0.0324713140726089,1.17313814163208,12.2778911590576,38.3237228393555,82.0432815551758,87.3607482910156,87.1444473266602
0,0,NaN,NaN,NaN,NaN,NaN,NaN,NaN,0,0,0,0,0,0,0,0,0,0,0,4.06135300616201e-21,5.6294779948729e-10,0.000324201508192345,0.112891130149364,2.12974333763123,16.3214092254639,42.2212944030762,82.401123046875,87.3742523193359,87.1325836181641
0,0,NaN,NaN,NaN,NaN,NaN,NaN,NaN,0,0,0,0,0,0,0,0,0,0,0,3.55057980428302e-17,9.62836033124859e-09,0.00166197551880032,0.298354834318161,3.72206020355225,21.054780960083,47.2794494628906,82.6972122192383,87.3762283325195,87.1218185424805
NaN,0,NaN,NaN,NaN,NaN,NaN,NaN,NaN,0,0,0,0,0,0,0,0,0,0,0,1.37213331991601e-14,1.71268681015135e-07,0.00704931281507015,0.665956497192383,6.67110013961792,27.1775608062744,51.9700660705566,83.0493087768555,87.3954086303711,87.072883605957
0,NaN,NaN,NaN,NaN,NaN,NaN,NaN,NaN,0,0,0,0,0,0,0,0,0,0,0,6.98029253756033e-13,4.0895047277445e-06,0.0238354746252298,1.27670383453369,10.2873039245605,33.5603408813477,56.8889274597168,83.4441986083984,87.4379501342773,86.9821395874023
0,NaN,NaN,NaN,NaN,NaN,NaN,NaN,NaN,0,0,0,0,0,0,0,0,0,0,6.96796591616783e-20,6.65799915200438e-11,5.30570214323234e-05,0.0667545199394226,2.18131542205811,14.3415002822876,39.3846473693848,61.5081253051758,83.7970123291016,87.473014831543,86.8780364990234
0,NaN,NaN,NaN,NaN,NaN,NaN,NaN,NaN,0,0,0,0,0,0,0,0,0,0,5.5506487256092e-16,6.90510226775132e-09,0.000440197240095586,0.165223151445389,3.39805865287781,18.6864776611328,44.3093109130859,65.2828140258789,84.249153137207,87.5097579956055,86.7699127197266
0,NaN,NaN,NaN,NaN,NaN,NaN,NaN,NaN,0,0,0,0,0,0,0,0,0,0,2.02054670737917e-12,4.65368884761119e-07,0.0027803226839751,0.363475620746613,4.904128074646,22.9251575469971,48.4639320373535,68.9916152954102,84.5554733276367,87.5545806884766,86.6670989990234
0,NaN,NaN,NaN,NaN,NaN,NaN,NaN,NaN,0,0,0,0,0,0,0,0,0,0,1.47908796321872e-10,3.08928138110787e-05,0.0146911423653364,0.689495086669922,6.60967254638672,27.1117649078369,52.8531150817871,72.0176315307617,84.937744140625,87.5731887817383,86.5696029663086
0,NaN,NaN,NaN,NaN,NaN,NaN,NaN,0,0,0,0,0,0,0,0,0,0,2.25975485633364e-23,5.89039395038071e-09,0.000541329674888402,0.0590476430952549,1.21439981460571,8.53262424468994,31.0131607055664,57.0691337585449,74.7119522094727,85.1884231567383,87.5675888061523,86.4821853637695
0,NaN,NaN,NaN,NaN,NaN,NaN,NaN,0,0,0,0,0,0,0,0,0,0,1.6645261498687e-15,1.19489456551491e-07,0.0035984106361866,0.165318518877029,1.93345904350281,10.7717189788818,34.5902252197266,61.0119400024414,76.6518859863281,85.5163955688477,87.5627899169922,86.4318389892578
0,NaN,NaN,NaN,NaN,NaN,NaN,NaN,NaN,NaN,0,0,0,0,0,0,0,0,1.20383209152065e-13,4.86694989376701e-06,0.0117586720734835,0.332486778497696,2.82173538208008,13.277135848999,37.8240051269531,64.9111404418945,78.2833251953125,85.8226470947266,87.5625610351563,86.3878402709961
0,0,NaN,NaN,NaN,NaN,NaN,NaN,NaN,0,0,0,0,0,0,0,0,0,1.90043709935583e-11,5.07448130520061e-05,0.0279167760163546,0.570728540420532,3.95810317993164,16.0072021484375,41.2916679382324,68.514404296875,79.7042846679688,86.1566543579102,87.5687713623047,86.3053665161133
0,0,NaN,NaN,NaN,NaN,NaN,NaN,NaN,0,0,0,0,0,0,0,0,3.21170568551539e-22,1.80513592962228e-09,0.000349158566677943,0.0601566322147846,0.889754414558411,5.39004564285278,18.8178806304932,45.2350120544434,71.399055480957,80.8395614624023,86.5058822631836,87.6007766723633,86.2153244018555
0,0,NaN,NaN,NaN,NaN,NaN,NaN,NaN,0,0,0,0,0,0,0,0,1.03241653023662e-17,9.13515876277415e-08,0.00133544125128537,0.109942011535168,1.29099106788635,6.99108028411865,21.7756671905518,49.3243255615234,73.7738647460938,81.9887847900391,86.7398071289063,87.6661071777344,86.1282653808594
0,0,0,NaN,NaN,NaN,NaN,NaN,NaN,0,0,0,0,0,0,0,0,2.16048310460652e-15,1.54794645368383e-06,0.00433709751814604,0.181697711348534,1.80672216415405,8.58544063568115,25.1324024200439,53.2590560913086,76.0537109375,82.9961776733398,86.9579315185547,87.7165985107422,86.044189453125
0,0,0,NaN,NaN,NaN,NaN,NaN,NaN,0,0,0,0,0,0,0,0,3.83616912107837e-13,6.70428426019498e-06,0.0102613689377904,0.283986687660217,2.41048860549927,10.060359954834,28.9103870391846,57.2491989135742,78.0614318847656,84.0197448730469,87.1351318359375,87.7521209716797,85.9668807983398
0,0,0,NaN,0,NaN,NaN,NaN,NaN,0,0,0,0,0,0,0,0,1.01414482280709e-12,2.99762723443564e-05,0.0185522027313709,0.417593866586685,3.10695123672485,11.7464065551758,32.6034202575684,61.2730865478516,79.9523315429688,84.8300933837891,87.2999877929688,87.7758636474609,85.9508666992188
0,0,0,0,0,NaN,NaN,NaN,NaN,0,0,0,0,0,0,0,0,1.20205928544337e-12,8.77947968547232e-05,0.0294706728309393,0.57408481836319,3.84379744529724,13.7157831192017,36.2563743591309,65.3142242431641,81.6187057495117,85.5822067260742,87.4591522216797,87.7873840332031,85.8658676147461
0,0,0,0,0,NaN,NaN,NaN,NaN,0,0,0,0,0,0,0,0,3.11725298351995e-11,0.000156629364937544,0.04789874330163,0.736347734928131,4.6734504699707,15.6077356338501,39.5333824157715,69.1821594238281,83.1428375244141,86.2207870483398,87.5990829467773,87.7926559448242,85.7282257080078
0,0,0,0,0,0,0,NaN,0,0,0,0,0,0,0,0,0,9.42655536961823e-11,0.000360339705366641,0.0740088373422623,0.937386155128479,5.46465492248535,17.3231220245361,43.0359649658203,72.0300827026367,84.2041702270508,86.7896270751953,87.7566604614258,87.8001327514648,85.5914993286133
0,0,0,0,0,0,0,NaN,0,0,0,0,0,0,0,0,0,1.73550881998885e-10,0.000801545334979892,0.111197240650654,1.20806455612183,6.17346477508545,19.2733516693115,46.6904029846191,73.9933319091797,84.8457946777344,87.3424530029297,87.8656234741211,87.8189239501953,85.455680847168
0,0,0,0,0,0,NaN,NaN,0,0,0,0,0,0,0,0,0,2.01153871337567e-09,0.00135607947595417,0.166197896003723,1.50141680240631,6.96571922302246,21.273473739624,50.4287910461426,75.7124099731445,85.371696472168,87.7609634399414,87.9936370849609,87.8376388549805,85.3302688598633
0,0,0,0,0,0,NaN,0,0,0,0,0,0,0,0,0,0,2.09891881652879e-09,0.00315145216882229,0.237829521298409,1.80506074428558,7.77930545806885,23.1600971221924,54.2039794921875,77.5467300415039,85.9382629394531,88.0668029785156,88.1037750244141,87.8484115600586,85.23046875
0,0,0,0,0,0,NaN,0,0,0,0,0,0,0,0,0,0,4.47271863990295e-09,0.0058630108833313,0.336789906024933,2.21438121795654,8.44317436218262,25.1072883605957,58.2347145080566,79.1920166015625,86.4245452880859,88.2683181762695,88.2221221923828,87.8487854003906,85.1211700439453
0,0,0,0,0,NaN,0,0,0,0,0,0,0,0,0,0,0,5.18175902186613e-09,0.00975604541599751,0.477373242378235,2.72259998321533,9.30270195007324,27.4117584228516,61.7214393615723,80.6181182861328,86.8915786743164,88.4279022216797,88.3669738769531,87.8498153686523,84.9897003173828
0,0,0,0,0,NaN,NaN,0,0,0,0,0,0,0,0,0,1.67692188968891e-21,2.19026929926258e-09,0.0177867878228426,0.624803483486176,3.40422058105469,10.3918771743774,29.7864379882813,64.9860992431641,82.035270690918,87.3459014892578,88.6086959838867,88.500846862793,87.8491973876953,84.8407897949219
0,0,0,0,0,NaN,0,0,0,0,0,0,0,0,0,0,3.47943391707927e-19,7.76525244106097e-09,0.0258327666670084,0.845800161361694,4.13873958587646,11.6216945648193,32.6974792480469,68.1010360717773,83.3265686035156,87.7684631347656,88.8410034179688,88.6328735351563,87.8480987548828,84.6928176879883
0,0,0,0,0,0,0,0,0,0,0,0,0,0,0,0,9.09764835985219e-18,1.62313877893894e-08,0.045084934681654,1.17604517936707,4.9133939743042,13.1661281585693,36.4225769042969,70.8853073120117,84.3295059204102,88.1058654785156,89.0650482177734,88.7722702026367,87.8403472900391,84.5441284179688
0,0,0,0,0,0,0,0,0,0,0,0,0,0,0,0,3.61661851294874e-18,1.32363439320216e-07,0.0753320381045341,1.67965888977051,5.84651660919189,14.7913618087769,40.410831451416,73.6606750488281,85.2776260375977,88.3953857421875,89.2980194091797,88.8862228393555,87.8256759643555,84.3886413574219
0,0,0,0,0,0,0,0,0,0,0,0,0,0,0,0,7.08420141339197e-18,5.93814171168106e-08,0.160799235105515,2.36035203933716,6.96826219558716,16.6259727478027,44.6696548461914,76.1907958984375,86.2526473999023,88.6620635986328,89.4867782592773,89.0025329589844,87.8039932250977,84.2328720092773
0,0,0,0,0,0,0,0,0,0,0,0,0,0,0,0,1.13521415270747e-17,7.67278933722082e-08,0.260218322277069,3.28352069854736,8.45658683776855,19.0347442626953,49.035285949707,78.0819625854492,86.878662109375,88.9059753417969,89.6359252929688,89.1049652099609,87.7792129516602,84.072395324707
0,0,0,0,0,0,0,0,0,0,0,0,0,0,0,0,9.50750212586568e-17,2.15348592291775e-08,0.340669631958008,4.41574859619141,10.1446132659912,21.6856327056885,53.4971656799316,79.8217468261719,87.3214416503906,89.096321105957,89.7523193359375,89.1981506347656,87.7533645629883,83.8924560546875
0,0,0,0,0,0,0,0,0,0,0,0,0,0,0,0,4.26915352146686e-16,4.82365045684219e-08,0.361622869968414,5.58474636077881,12.2973184585571,25.0002822875977,57.3484764099121,81.2974166870117,87.7821426391602,89.2490539550781,89.8452377319336,89.287483215332,87.7250823974609,83.7075119018555
0,0,0,0,0,NaN,0,0,0,0,0,0,0,0,0,0,7.29987308800565e-15,7.52845323859219e-08,0.434408068656921,6.78307914733887,14.8023414611816,28.9589653015137,61.0583610534668,82.3068237304688,88.1352844238281,89.3975219726563,89.9152069091797,89.3642044067383,87.6865005493164,83.521842956543
0,NaN,0,0,0,NaN,0,0,0,0,0,0,0,0,0,0,8.24691690940816e-15,8.26763297823163e-08,0.491704046726227,8.14961338043213,17.7074241638184,33.4416084289551,64.9141006469727,83.2065734863281,88.3913955688477,89.5209045410156,89.9623413085938,89.4297637939453,87.6425170898438,83.3358917236328
0,NaN,NaN,0,0,NaN,0,0,NaN,0,0,0,0,0,0,0,1.14631789371639e-14,2.77360982181563e-07,0.665704309940338,9.63860988616943,20.8022041320801,38.7712554931641,68.5282287597656,83.7120971679688,88.6219177246094,89.5923080444336,89.99755859375,89.4795379638672,87.5978164672852,83.1456527709961
0,NaN,NaN,0,0,NaN,0,NaN,NaN,0,0,0,0,0,0,0,5.84889870368886e-14,1.35969605707942e-06,0.78468656539917,11.2437467575073,23.9753494262695,44.0310592651367,71.8504409790039,84.1498794555664,88.7832260131836,89.6523742675781,90.031494140625,89.5039291381836,87.5619506835938,82.9192276000977
NaN,NaN,NaN,0,0,NaN,0,NaN,NaN,NaN,0,0,0,0,0,0,4.97131056752167e-14,9.07722369447583e-06,0.997464895248413,12.7888946533203,27.4474925994873,49.801399230957,74.2106170654297,84.7252807617188,88.9410629272461,89.7116088867188,90.0633010864258,89.5139923095703,87.5288696289063,82.6819381713867
NaN,NaN,NaN,NaN,NaN,NaN,NaN,NaN,NaN,NaN,0,0,0,0,0,0,3.00446218468378e-13,7.35441717552021e-05,1.28621160984039,14.2334547042847,31.117805480957,55.4303398132324,76.6371841430664,85.2556381225586,89.0760879516602,89.7573471069336,90.1053466796875,89.5303039550781,87.4947509765625,82.441764831543
NaN,NaN,NaN,NaN,NaN,NaN,NaN,NaN,NaN,NaN,0,0,0,0,0,0,1.19239661547366e-11,0.000464175478555262,1.77073109149933,15.6988325119019,35.0603485107422,61.2609558105469,78.3547668457031,85.8689880371094,89.1173934936523,89.7838745117188,90.1656112670898,89.5468444824219,87.4800643920898,82.2039260864258
NaN,NaN,NaN,NaN,NaN,NaN,NaN,NaN,NaN,NaN,0,0,0,0,0,0,2.35836766782072e-10,0.00260716187767684,2.57558274269104,17.5380001068115,39.5454940795898,66.1461029052734,80.0043258666992,86.2561340332031,89.1499786376953,89.8142242431641,90.2026672363281,89.5499877929688,87.4444808959961,82.0445404052734
NaN,NaN,NaN,NaN,NaN,NaN,NaN,NaN,NaN,NaN,0,0,0,0,0,2.83104089760528e-19,6.16648332396608e-09,0.0115668624639511,3.58167815208435,19.6873722076416,44.4358901977539,70.7295532226563,81.2410430908203,86.6393203735352,89.210334777832,89.8402328491211,90.2184448242188,89.5462875366211,87.4031753540039,81.9090042114258
NaN,NaN,NaN,NaN,NaN,NaN,NaN,NaN,NaN,NaN,NaN,0,0,0,0,6.1291093132265e-18,5.17130445132352e-08,0.0363369360566139,4.91731405258179,22.0731201171875,50.0745544433594,74.3915328979492,82.460807800293,86.9409027099609,89.2300567626953,89.8546981811523,90.2318496704102,89.5334625244141,87.3847274780273,81.7760314941406
NaN,NaN,NaN,NaN,NaN,NaN,NaN,NaN,NaN,NaN,NaN,0,0,0,0,2.56169471257319e-16,7.29521673292766e-07,0.120346762239933,6.75675487518311,24.8881759643555,55.9060974121094,77.5653610229492,83.364501953125,87.2007522583008,89.2452011108398,89.8564529418945,90.2516860961914,89.5131607055664,87.3755722045898,81.6438674926758
NaN,NaN,NaN,NaN,NaN,NaN,NaN,NaN,NaN,NaN,NaN,0,0,0,0,2.6515682434691e-15,1.82894928002497e-05,0.442213803529739,9.06704711914063,28.3361396789551,62.0103912353516,79.7500839233398,84.0138244628906,87.4458084106445,89.2375717163086,89.8576889038086,90.2733001708984,89.4846420288086,87.347785949707,81.5100479125977
NaN,NaN,NaN,NaN,NaN,NaN,NaN,NaN,NaN,NaN,NaN,0,0,0,0,4.11528872928358e-17,0.000299780134810135,1.09105050563812,11.7418165206909,32.6720237731934,67.4107513427734,81.7939147949219,84.6548233032227,87.6626892089844,89.2286987304688,89.8739013671875,90.2933654785156,89.4652481079102,87.3367233276367,81.3745727539063
0,NaN,NaN,NaN,NaN,NaN,NaN,NaN,NaN,NaN,0,0,0,0,0,1.6412359752499e-12,0.00277368607930839,1.83364975452423,14.657078742981,37.5794563293457,71.8209838867188,83.1305770874023,85.386833190918,87.9195022583008,89.2332763671875,89.8865509033203,90.317138671875,89.4473342895508,87.3357620239258,81.2370147705078
0,NaN,NaN,NaN,NaN,NaN,NaN,NaN,NaN,NaN,0,0,0,0,0,1.07574130159271e-10,0.0106540927663445,2.90794134140015,17.3333587646484,42.8476982116699,75.6225204467773,83.9577484130859,85.9202041625977,88.1275863647461,89.2392959594727,89.8831634521484,90.3376159667969,89.4232864379883,87.3344345092773,81.0869598388672
NaN,NaN,NaN,NaN,NaN,NaN,NaN,NaN,NaN,NaN,0,0,0,9.60402682416123e-18,1.10308048547188e-16,8.03537958393719e-10,0.0301175899803638,4.3450345993042,19.7407608032227,48.5077285766602,78.424919128418,84.687873840332,86.2432327270508,88.2705535888672,89.2528762817383,89.8988723754883,90.3480377197266,89.3999557495117,87.3310775756836,80.9289779663086
0,NaN,NaN,NaN,NaN,NaN,NaN,NaN,NaN,NaN,0,0,0,5.44234579277769e-12,1.33060160112386e-11,2.62343338164328e-08,0.0791057273745537,5.89603853225708,22.422004699707,54.3719177246094,80.5113067626953,85.4216079711914,86.6600799560547,88.3660278320313,89.2455673217773,89.9379959106445,90.345832824707,89.3937759399414,87.3285980224609,80.7672500610352
0,NaN,NaN,NaN,NaN,NaN,NaN,NaN,NaN,NaN,0,0,0,5.63136026698885e-08,2.36162335909285e-07,2.99163815498105e-07,0.191404297947884,7.49175977706909,25.9519996643066,60.0682067871094,82.090446472168,86.1200408935547,87.0761566162109,88.4887390136719,89.2294845581055,89.970573425293,90.3472900390625,89.4151077270508,87.3335342407227,80.6002883911133
0,0,NaN,NaN,NaN,NaN,NaN,NaN,NaN,NaN,0,0,4.35177664303427e-13,5.80084706598427e-05,0.000228149932809174,1.01682007880299e-05,0.385134428739548,9.35122776031494,30.7458190917969,64.9811706542969,83.3718795776367,86.5799560546875,87.4591217041016,88.5935211181641,89.2053375244141,89.995231628418,90.3559112548828,89.4440078735352,87.3209381103516,80.4148483276367
0,NaN,NaN,NaN,NaN,NaN,NaN,NaN,NaN,NaN,0,0,6.0799303959469e-13,0.00202291691675782,0.0186725147068501,0.00298239686526358,0.741135656833649,11.6412353515625,36.4799118041992,69.3392944335938,84.3404006958008,86.8421401977539,87.7528686523438,88.6944580078125,89.1594543457031,90.0132293701172,90.3653106689453,89.4753189086914,87.3424911499023,80.2215042114258
0,NaN,NaN,NaN,NaN,NaN,NaN,NaN,NaN,NaN,0,0,2.89294033607029e-13,0.0102830715477467,0.168047204613686,0.0786550939083099,1.2387090921402,14.5215215682983,42.8100204467773,73.0297164916992,84.9805603027344,86.9055023193359,87.9767837524414,88.7364654541016,89.1504364013672,90.0149612426758,90.3527450561523,89.4940032958984,87.3686141967773,80.027961730957
0,NaN,NaN,NaN,NaN,NaN,NaN,NaN,NaN,NaN,0,0,9.93654011610841e-14,0.0235161185264587,0.596028447151184,0.497761696577072,1.95230770111084,18.093017578125,49.5663986206055,76.1667938232422,85.4799118041992,87.1183776855469,88.1262283325195,88.7510986328125,89.1443023681641,89.9898147583008,90.3272171020508,89.4990997314453,87.3991775512695,79.9099655151367
0,NaN,NaN,NaN,NaN,NaN,NaN,NaN,NaN,NaN,0,0,1.00376510488859e-12,0.044543668627739,1.38723206520081,1.98530530929565,3.28307437896729,22.5178546905518,56.5897636413574,78.8419036865234,85.8271636962891,87.324333190918,88.1773071289063,88.7316970825195,89.1363983154297,89.9535217285156,90.2919692993164,89.5127868652344,87.412727355957,79.8808135986328
0,NaN,NaN,NaN,NaN,NaN,NaN,NaN,NaN,NaN,0,0,1.88420754693164e-11,0.083456739783287,2.5288724899292,5.04488372802734,6.10981559753418,28.0600070953369,63.4450378417969,80.7839736938477,86.0750885009766,87.4463348388672,88.1811065673828,88.6462020874023,89.1352844238281,89.9314956665039,90.2466125488281,89.5246047973633,87.4370422363281,79.8507614135742
0,NaN,NaN,NaN,NaN,NaN,NaN,NaN,NaN,0,0,0,2.56899390649323e-10,0.160364404320717,4.02798700332642,9.41411304473877,11.3883209228516,35.3393363952637,69.8334426879883,82.580078125,86.3354415893555,87.5127716064453,88.2372665405273,88.5100173950195,89.1187286376953,89.8755340576172,90.1898651123047,89.5294723510742,87.4621429443359,79.8198013305664
NaN,NaN,NaN,NaN,NaN,NaN,NaN,NaN,NaN,0,0,0,3.91276877564906e-09,0.27863621711731,5.89806318283081,14.457537651062,18.4571628570557,44.8713417053223,75.5009689331055,84.0824508666992,86.6020660400391,87.5460968017578,88.2735595703125,88.3473510742188,89.1541213989258,89.8178176879883,90.1347732543945,89.5108108520508,87.4818878173828,79.7854614257813
NaN,NaN,NaN,NaN,NaN,NaN,NaN,NaN,NaN,0,0,0,2.0422637803108e-08,0.467518627643585,8.0764741897583,18.5641002655029,26.2527770996094,55.4369735717773,79.3772506713867,85.0007476806641,86.8213272094727,87.5267562866211,88.1159744262695,88.2126617431641,89.1056213378906,89.8165817260742,90.0509033203125,89.5016479492188,87.5064163208008,79.7435073852539
NaN,NaN,NaN,NaN,NaN,NaN,NaN,NaN,NaN,0,0,0,1.34551754626955e-07,0.650192260742188,10.4446697235107,22.6074180603027,35.0735054016113,64.7514190673828,81.8640441894531,85.6019058227539,87.0069274902344,87.481803894043,88.0674209594727,88.0253829956055,88.9808807373047,89.8071594238281,89.9288330078125,89.503059387207,87.5366897583008,79.6992797851563
NaN,NaN,NaN,NaN,NaN,NaN,NaN,NaN,NaN,0,0,0,5.96250458784198e-07,0.734381437301636,12.3926696777344,28.1494197845459,46.4267463684082,72.263542175293,83.6717300415039,86.0106353759766,87.1350860595703,87.4262161254883,88.0556259155273,87.8176727294922,88.808967590332,89.7393417358398,89.8230972290039,89.5026473999023,87.5619201660156,79.6540679931641
NaN,NaN,NaN,NaN,NaN,NaN,NaN,NaN,NaN,0,0,0,1.2827183581976e-06,0.661480486392975,13.5205249786377,36.1754989624023,57.9485282897949,77.3231201171875,84.8639221191406,86.2623672485352,87.2259216308594,87.5395126342773,87.9815826416016,87.7308731079102,88.6954574584961,89.6830291748047,89.7342987060547,89.4525680541992,87.5795288085938,79.6125030517578
NaN,NaN,NaN,NaN,NaN,NaN,NaN,NaN,NaN,0,0,0,1.276878151657e-06,0.48841667175293,13.5833215713501,45.9395942687988,67.2615203857422,80.2953414916992,85.4316024780273,86.4459686279297,87.3358993530273,87.6819610595703,87.8865203857422,87.6781539916992,88.590576171875,89.6263427734375,89.5837249755859,89.4189987182617,87.5975875854492,79.5693588256836
NaN,NaN,NaN,NaN,NaN,NaN,NaN,NaN,NaN,0,0,0,5.386490897763e-07,0.306905835866928,12.5061006546021,54.9130020141602,73.5803298950195,82.0945358276367,85.7944107055664,86.5668563842773,87.3766250610352,87.7853240966797,87.7766418457031,87.5943298339844,88.4435577392578,89.534538269043,89.4385833740234,89.4071731567383,87.6260070800781,79.5241622924805
NaN,NaN,NaN,NaN,NaN,NaN,NaN,NaN,NaN,0,0,0,9.90025981195686e-08,0.166861951351166,10.8629808425903,60.5747451782227,77.1050720214844,83.3607177734375,85.9874877929688,86.6706619262695,87.3628005981445,87.874626159668,87.7251358032227,87.5790557861328,88.2155151367188,89.3654098510742,89.3645629882813,89.3680953979492,87.6705322265625,79.4768371582031
NaN,NaN,NaN,NaN,NaN,NaN,NaN,NaN,NaN,0,0,0,1.26048842474802e-08,0.0814739987254143,8.87619686126709,62.2268753051758,78.9082260131836,83.8797225952148,86.0355682373047,86.8630981445313,87.3413238525391,87.7404403686523,87.5647506713867,87.5241165161133,88.1747589111328,89.1897048950195,89.2699203491211,89.2879104614258,87.7250747680664,79.4374542236328
NaN,NaN,NaN,NaN,NaN,NaN,NaN,NaN,NaN,NaN,0,0,2.81850986993959e-09,0.0344297029078007,6.49319362640381,60.2026100158691,80.0344772338867,83.9639892578125,85.892219543457,87.1451110839844,87.3470001220703,87.5398788452148,87.3086700439453,87.5303421020508,88.0804443359375,89.0304565429688,89.1077194213867,89.2437133789063,87.7808990478516,79.4229354858398
NaN,NaN,NaN,NaN,NaN,NaN,NaN,NaN,NaN,NaN,0,0,2.32820207557438e-10,0.0109292464330792,4.64432239532471,55.8440322875977,79.8755798339844,83.7277374267578,85.5663452148438,87.3871078491211,87.3280029296875,87.4062805175781,87.0679092407227,87.4237213134766,87.9495086669922,88.7296829223633,88.979606628418,89.2727432250977,87.8693695068359,79.4193954467773
NaN,NaN,NaN,NaN,NaN,NaN,NaN,NaN,NaN,NaN,0,0,9.04055823258698e-12,0.00150425755418837,3.40199279785156,50.0287933349609,77.5319290161133,82.4508743286133,85.1971282958984,87.4039154052734,87.3498458862305,87.3206329345703,86.9322509765625,87.4564514160156,87.8624420166016,88.4786834716797,88.8735504150391,89.2896118164063,88.0163879394531,79.4159088134766
NaN,NaN,NaN,NaN,NaN,NaN,NaN,NaN,NaN,NaN,0,0,0,2.32874826906482e-05,2.2747495174408,43.0998191833496,72.5696792602539,80.483772277832,84.6437606811523,87.1540451049805,87.4454574584961,87.2214889526367,86.9708633422852,87.3805236816406,87.5999298095703,88.3479156494141,88.8052368164063,89.1906585693359,88.1279296875,79.4124450683594
NaN,NaN,NaN,NaN,NaN,NaN,NaN,NaN,NaN,NaN,0,0,0,8.20845514226676e-07,1.57312512397766,34.9459571838379,65.4411468505859,77.4140625,83.6948699951172,86.8871994018555,87.6094131469727,87.2175827026367,87.0263977050781,87.2870788574219,87.5110549926758,88.1379470825195,88.684944152832,89.0840148925781,88.1703948974609,79.4090270996094
NaN,NaN,NaN,NaN,NaN,NaN,NaN,NaN,NaN,0,0,0,0,1.3339255033884e-08,0.575863182544708,25.372615814209,57.7684936523438,72.839485168457,82.4730606079102,86.5876007080078,87.7895736694336,87.2330169677734,87.1010971069336,87.0466537475586,87.1244201660156,87.7265243530273,88.4937362670898,89.0803070068359,88.1787033081055,79.405647277832
NaN,NaN,NaN,NaN,NaN,NaN,NaN,NaN,NaN,0,0,0,0,1.60785412761655e-10,0.0760733187198639,14.607458114624,48.9624481201172,67.436637878418,80.3375396728516,86.2178421020508,87.8681716918945,87.2687072753906,87.1414413452148,86.8872985839844,86.8915481567383,87.7478561401367,88.3828048706055,89.0987243652344,88.192138671875,79.4023132324219
NaN,NaN,NaN,NaN,NaN,NaN,NaN,NaN,NaN,0,0,0,0,2.0963807099495e-15,0.0050730025395751,5.06624937057495,37.4980316162109,61.1359100341797,75.6842346191406,85.6457290649414,87.8846740722656,87.2838592529297,87.0919876098633,86.5102462768555,86.7581481933594,87.7865142822266,88.3773803710938,89.0460052490234,88.2057876586914,79.3990097045898
NaN,NaN,NaN,NaN,NaN,NaN,NaN,NaN,NaN,0,0,0,NaN,NaN,0.000172017462318763,0.749745011329651,24.3665218353271,54.8035736083984,68.4383697509766,84.7812728881836,87.7917709350586,87.2327651977539,87.0037994384766,86.288200378418,86.3722686767578,87.7739562988281,88.2429656982422,88.9177017211914,88.2194137573242,79.3957443237305
NaN,NaN,NaN,NaN,NaN,NaN,NaN,NaN,NaN,0,0,0,NaN,NaN,4.10347098522834e-07,0.0591143369674683,16.1518878936768,47.8409271240234,61.3259429931641,83.4151077270508,87.6054534912109,87.1096496582031,86.6884765625,86.0377044677734,86.4312210083008,87.7857284545898,88.3668212890625,88.9153594970703,88.233024597168,79.3925170898438
NaN,NaN,NaN,NaN,NaN,NaN,NaN,NaN,NaN,0,0,0,NaN,NaN,3.15241416304346e-10,0.000785780430305749,12.0901584625244,39.1605834960938,55.7016296386719,80.9494705200195,87.2377090454102,86.9833908081055,86.4093627929688,85.6289291381836,86.344352722168,87.7942047119141,88.3675765991211,88.9130859375,88.2466049194336,79.3893356323242
NaN,NaN,NaN,NaN,NaN,NaN,NaN,NaN,NaN,0,0,0,0,NaN,1.33274588552803e-15,4.27806753577897e-07,6.40483999252319,32.0796127319336,51.1469192504883,77.3068237304688,86.8552017211914,86.8393478393555,86.1414947509766,85.4957885742188,86.3329010009766,87.7915115356445,88.3676528930664,88.9108200073242,88.2601699829102,79.3861846923828
NaN,NaN,NaN,NaN,NaN,NaN,NaN,NaN,NaN,0,0,0,0,NaN,0,9.99194894575964e-14,0,28.7049446105957,45.8374366760254,72.8816909790039,86.1381912231445,86.5934600830078,85.6460494995117,84.9615936279297,86.3795394897461,87.5302276611328,88.0155715942383,88.5703353881836,88.9408721923828,81.6792984008789
NaN,NaN,NaN,NaN,NaN,NaN,NaN,NaN,NaN,0,0,0,0,0,0,5.32660639347807e-18,0,18.9775810241699,37.0716400146484,67.924674987793,85.3915252685547,86.2163162231445,85.3521575927734,84.8435592651367,86.3821411132813,87.5336074829102,88.0144500732422,88.5729598999023,88.9327545166016,81.6716690063477
NaN,NaN,NaN,NaN,NaN,NaN,NaN,NaN,NaN,0,0,0,0,0,0,0,0,4.51401567459106,22.5594139099121,62.2655220031738,84.7183380126953,85.7428131103516,85.0379791259766,84.5450134277344,86.2153625488281,87.2942123413086,88.01318359375,88.5755920410156,88.9246139526367,81.6639862060547
NaN,NaN,NaN,NaN,NaN,NaN,NaN,NaN,NaN,0,0,0,NaN,0,0,0,0,0.326306462287903,10.725152015686,55.9955596923828,83.6708145141602,85.1407165527344,84.4987945556641,84.5335159301758,86.1700897216797,86.9653549194336,87.8212738037109,88.5781021118164,88.9164657592773,81.6562652587891
NaN,NaN,NaN,NaN,NaN,NaN,NaN,NaN,0,0,0,NaN,NaN,0,0,0,4.23240737933039e-16,0.0114091085270047,4.33376407623291,48.3021240234375,82.123649597168,84.4079208374023,84.1796875,84.4793853759766,85.810432434082,86.92529296875,87.5633392333984,88.3264846801758,88.9083023071289,81.6484909057617
NaN,NaN,NaN,NaN,NaN,NaN,NaN,NaN,0,0,0,0,0,0,0,0,4.39889686672025e-17,0.000701067969202995,1.44099235534668,38.841007232666,80.1799926757813,83.5170974731445,84.0093383789063,84.4624099731445,85.661994934082,86.2409896850586,87.556022644043,88.070426940918,88.9001235961914,81.6406707763672
NaN,NaN,NaN,NaN,NaN,NaN,NaN,0,0,0,0,0,0,0,0,0,5.12735778678272e-21,5.83286328037502e-06,0.346433907747269,29.0574970245361,77.2891693115234,82.7943572998047,83.6854782104492,84.3854675292969,85.2373275756836,86.0966949462891,87.3345642089844,88.0248184204102,88.8251113891602,81.6328125
NaN,NaN,NaN,NaN,NaN,NaN,NaN,0,0,NaN,0,NaN,NaN,0,0,0,3.71778265016519e-21,1.06353714723895e-09,0.100394524633884,20.0843238830566,72.5395889282227,81.9339904785156,83.3537902832031,84.5035705566406,84.9141845703125,85.7174072265625,86.8103942871094,88.0352783203125,88.6778869628906,81.6248931884766
NaN,NaN,NaN,NaN,NaN,NaN,NaN,NaN,0,NaN,0,NaN,0,0,0,0,0,4.28893677004337e-17,0.0216591395437717,11.7907581329346,66.2296447753906,80.6404800415039,83.041389465332,84.4579925537109,84.6425018310547,85.1802062988281,86.6072998046875,87.9081115722656,88.5927352905273,81.6169357299805
NaN,NaN,NaN,NaN,NaN,NaN,NaN,NaN,0,NaN,NaN,NaN,0,0,0,0,0,8.03397473575638e-21,0.001065599382855,5.55236864089966,57.418758392334,78.9612274169922,82.8783187866211,84.6070556640625,84.1607818603516,84.949951171875,86.2274398803711,87.6782836914063,88.5901489257813,81.6089324951172
NaN,NaN,NaN,NaN,NaN,NaN,NaN,NaN,0,0,NaN,NaN,0,0,0,0,0,4.21987049761764e-17,8.31623547128402e-05,1.90974497795105,45.7447929382324,76.8691482543945,82.7691116333008,84.7032852172852,83.8761520385742,84.7882995605469,85.801399230957,87.5117034912109,88.6946411132813,81.6008834838867
NaN,NaN,NaN,NaN,NaN,NaN,NaN,0,0,0,NaN,0,0,0,0,0,0,1.63169945417231e-17,8.64339290274074e-06,0.546091079711914,33.40087890625,73.9497756958008,82.5496368408203,84.4844970703125,83.5021896362305,84.3925094604492,85.4941177368164,87.3900833129883,88.8853225708008,81.5927810668945
NaN,NaN,NaN,NaN,NaN,NaN,NaN,0,0,0,NaN,0,0,0,0,0,0,2.76472484561993e-18,1.69973327501793e-06,0.124851182103157,22.6143932342529,69.1584320068359,81.7812423706055,84.0926971435547,83.1084747314453,84.1185150146484,85.0954284667969,87.2117309570313,88.9456787109375,81.7567596435547
NaN,NaN,NaN,NaN,NaN,NaN,NaN,NaN,0,0,NaN,NaN,NaN,0,0,0,0,1.90235100672522e-19,2.06438571126455e-07,0.0480623543262482,14.3538589477539,62.6854400634766,80.2756042480469,83.5458602905273,82.7485580444336,84.0128707885742,84.8074645996094,87.0186233520508,88.7344970703125,82.1979522705078
NaN,NaN,NaN,NaN,NaN,NaN,NaN,NaN,0,0,NaN,NaN,0,0,0,0,0,2.55319668133892e-20,5.75724961038304e-08,0.143281146883965,10.3236227035522,54.3801422119141,77.8391494750977,83.139762878418,82.4741134643555,83.840087890625,84.6154251098633,86.8314971923828,88.5360412597656,82.4469528198242
NaN,NaN,NaN,NaN,NaN,NaN,NaN,NaN,0,0,NaN,0,0,0,0,0,0,1.93903272680773e-23,3.25200311124263e-09,0.727922916412354,8.46418762207031,44.0754928588867,75.4855117797852,82.6043930053711,82.3149490356445,84.0854034423828,84.3526382446289,86.6512603759766,88.3847427368164,82.6221160888672
NaN,NaN,NaN,NaN,NaN,NaN,NaN,NaN,0,0,0,0,0,0,0,0,0,3.79783185308177e-26,7.17804288230539e-11,2.82598161697388,9.81937789916992,34.1288261413574,72.396484375,82.0532684326172,82.1349868774414,84.5123672485352,84.0501937866211,86.3518676757813,88.2821197509766,82.7142333984375
NaN,NaN,NaN,NaN,NaN,NaN,NaN,0,0,0,0,0,0,0,0,0,0,0,5.10530930371099e-20,5.13547229766846,12.7693634033203,27.1472663879395,68.2150039672852,81.7169494628906,82.105339050293,84.8865661621094,83.9315490722656,85.8969116210938,88.2160568237305,82.7936859130859
NaN,NaN,NaN,NaN,NaN,NaN,NaN,0,0,0,0,0,0,0,0,0,0,0,0,6.64710998535156,15.24036693573,22.9741821289063,63.963436126709,80.9506149291992,82.1718902587891,85.0905532836914,83.8707580566406,85.5749588012695,88.1617202758789,82.841911315918
NaN,NaN,NaN,NaN,NaN,NaN,NaN,0,0,0,0,0,0,0,0,0,0,1.28753317334141e-23,1.03449219750473e-05,6.75050163269043,16.2516593933105,21.7671813964844,58.395149230957,79.6995468139648,82.1363830566406,85.0881118774414,83.6984176635742,85.3883056640625,88.0988616943359,82.8815078735352
NaN,NaN,NaN,NaN,NaN,NaN,NaN,0,0,0,0,0,0,0,0,0,0,2.35494717634538e-20,1.13901724034804e-05,9.96846008300781,21.9444789886475,21.5269737243652,54.2736282348633,78.1440582275391,81.6161499023438,84.9611968994141,83.5271224975586,85.2835006713867,88.0545425415039,82.9160690307617
NaN,NaN,NaN,NaN,NaN,NaN,NaN,0,0,0,0,0,NaN,NaN,0,0,0,2.51467637689224e-17,1.37691731652012e-05,17.6792163848877,31.891134262085,22.7800693511963,51.7139358520508,78.481819152832,80.8893737792969,84.667594909668,83.4122924804688,85.2198181152344,88.0490798950195,82.9282608032227
NaN,NaN,NaN,NaN,NaN,NaN,NaN,NaN,0,0,0,0,0,0,0,0,0,8.00329691841989e-13,0.000616829609498382,25.9190788269043,44.0239295959473,22.5599460601807,49.6080551147461,79.2102813720703,80.394287109375,84.380615234375,83.3164825439453,85.227409362793,88.061279296875,82.9307556152344
NaN,NaN,NaN,NaN,NaN,NaN,NaN,0,0,0,0,0,0,0,0,0,0,6.18241955407939e-08,0.601674735546112,33.4289093017578,56.1345176696777,22.4997081756592,47.0317344665527,79.1735229492188,79.9283905029297,84.1129684448242,83.2706985473633,85.3139953613281,88.1003341674805,82.9312438964844
NaN,NaN,NaN,NaN,NaN,NaN,NaN,0,0,0,0,0,0,0,0,0,0,1.05381241155555e-06,3.21823406219482,28.7144031524658,64.5712585449219,22.0608062744141,45.1723518371582,78.3102264404297,79.5601654052734,83.7802810668945,83.1762542724609,85.4264831542969,88.1463851928711,82.9297561645508
0,0,NaN,NaN,NaN,NaN,NaN,NaN,0,0,NaN,NaN,0,NaN,0,0,0,1.48814717704226e-06,9.4285306930542,27.7719860076904,85.3996963500977,21.4893169403076,42.893180847168,77.6584014892578,79.0637130737305,83.3174209594727,83.0790023803711,85.5286865234375,88.2085494995117,82.9732666015625
0,0,0,NaN,NaN,NaN,NaN,NaN,0,0,NaN,0,0,0,0,0,0,2.1965206542518e-05,17.6927585601807,30.9989395141602,NaN,19.1115169525146,40.8101005554199,76.3077850341797,78.4815139770508,82.8624496459961,83.0074996948242,85.5940093994141,88.2674713134766,83.0102462768555
0,0,0,0,NaN,NaN,NaN,NaN,NaN,0,0,0,0,0,0,0,1.87743826537968e-19,0.000369935412891209,17.204029083252,NaN,NaN,20.0130844116211,37.6718254089355,74.2469940185547,77.98681640625,82.1637725830078,82.9406890869141,85.6422653198242,88.2955017089844,83.0759963989258
0,0,0,0,NaN,NaN,NaN,NaN,NaN,0,0,0,0,0,0,0,1.94998730422638e-17,0.00538531225174665,11.6653833389282,NaN,NaN,24.9337368011475,33.6735229492188,70.54150390625,77.0136032104492,81.453857421875,82.7843017578125,85.6848220825195,88.3128204345703,83.1229476928711
0,0,0,0,0,NaN,NaN,NaN,0,0,0,0,0,0,0,NaN,1.41653221993876e-18,0.00483312597498298,0.901530504226685,NaN,40.9521064758301,31.8262577056885,31.5180358886719,65.4283905029297,75.7013244628906,80.7168273925781,82.6548919677734,85.7137222290039,88.3079833984375,83.0773849487305
0,0,0,0,0,NaN,NaN,NaN,0,0,0,0,0,0,0,0,2.32324590227762e-25,0.000684668601024896,0.410690307617188,NaN,42.2950401306152,38.445068359375,30.7344169616699,60.5056037902832,74.8091049194336,79.677131652832,82.5293807983398,85.7222518920898,88.3051147460938,83.0211791992188
0,0,0,0,0,NaN,NaN,0,0,0,0,0,NaN,0,0,0,0,0.00614964589476585,7.81154251098633,NaN,49.1111679077148,42.9281768798828,27.7897415161133,57.162654876709,74.0439147949219,78.8031311035156,82.2382125854492,85.7166137695313,88.2957458496094,82.9639282226563
0,0,0,0,0,0,NaN,0,0,0,0,0,NaN,0,0,0,0,0.0221033152192831,25.8362083435059,45.8177185058594,46.2683334350586,NaN,27.1066665649414,53.884952545166,73.317512512207,77.7870559692383,81.7938842773438,85.6804885864258,88.2784194946289,82.8755340576172
0,0,0,0,0,0,0,0,0,0,0,NaN,0,0,0,0,0,0.00053339620353654,18.1894683837891,48.5613861083984,44.226318359375,NaN,26.9861660003662,50.4418792724609,72.0044937133789,76.1688003540039,81.4024353027344,85.6342315673828,88.2381210327148,82.712516784668
0,0,0,0,NaN,0,0,0,0,0,0,NaN,0,0,0,0,0,2.6861309834203e-06,0.0762792676687241,48.833667755127,41.1469268798828,NaN,25.6390800476074,46.0175361633301,69.9216995239258,74.3570175170898,81.1218338012695,85.5381011962891,88.1878814697266,82.5459442138672
0,0,0,0,NaN,0,0,NaN,NaN,0,0,NaN,0,0,0,0,0,4.44889138861981e-07,0.00168219266925007,48.6456680297852,47.5265884399414,NaN,26.4303779602051,42.6324119567871,67.0310516357422,72.1135177612305,80.6719360351563,85.3953475952148,88.1380157470703,82.3792572021484
0,0,0,0,0,0,0,NaN,NaN,0,0,NaN,NaN,0,0,0,0,NaN,NaN,49.013801574707,61.9798545837402,NaN,30.2989692687988,40.4704132080078,63.3575973510742,69.1023025512695,80.122673034668,85.2795181274414,88.0879821777344,82.2124481201172
0,0,0,0,0,0,0,0,0,0,0,NaN,NaN,0,0,0,0,NaN,NaN,NaN,78.6274490356445,NaN,34.0695381164551,38.7089462280273,59.5058670043945,65.9597473144531,79.6255569458008,85.1451873779297,88.046142578125,82.0302658081055
0,0,0,0,0,0,0,0,0,0,NaN,NaN,NaN,0,0,NaN,0,NaN,NaN,NaN,89.2860565185547,NaN,30.6220741271973,36.3969192504883,54.9672470092773,62.3519973754883,79.1401138305664,84.9941558837891,88.0147933959961,81.8277282714844
0,0,0,0,0,0,0,0,0,0,NaN,NaN,NaN,0,0,0,0,NaN,NaN,NaN,90.3829116821289,NaN,21.4545497894287,33.7472915649414,50.4991836547852,58.1709022521973,78.1586532592773,84.7660369873047,87.9386520385742,81.6617965698242
0,0,0,0,0,0,0,0,0,0,0,NaN,NaN,0,0,0,0,0,NaN,NaN,NaN,NaN,NaN,31.9078979492188,45.3797836303711,53.8561706542969,76.9850692749023,84.4984741210938,87.8308944702148,81.4943466186523
0,0,0,0,0,0,0,0,0,0,0,NaN,NaN,0,0,0,0,2.85049287234058e-15,NaN,NaN,NaN,NaN,36.0137405395508,28.5115718841553,39.4174385070801,49.0622329711914,75.786735534668,84.2276458740234,87.7043304443359,81.3263626098633
0,0,0,0,0,0,0,0,0,0,0,NaN,NaN,0,0,0,1.40651028704518e-20,5.37005519163358e-07,2.45858136622701e-05,NaN,NaN,NaN,NaN,22.4866237640381,34.7460594177246,43.4178237915039,74.4981307983398,83.9302978515625,87.5609741210938,81.1585159301758
NaN,NaN,0,0,0,0,0,0,0,0,NaN,NaN,0,0,0,0,3.21278107968454e-17,7.48822230889346e-06,0.000524660747032613,NaN,NaN,NaN,NaN,20.9486064910889,30.4911708831787,37.9139022827148,72.3723068237305,83.6079330444336,87.4229736328125,80.9778823852539
NaN,NaN,0,0,0,0,0,0,0,0,NaN,NaN,0,0,0,0,2.13863735748498e-12,6.68940556352027e-05,0.00861018523573875,0.272033751010895,NaN,NaN,NaN,20.0611515045166,25.4139423370361,32.8782730102539,69.9867706298828,83.2051696777344,87.2997665405273,80.740104675293
NaN,NaN,0,0,0,0,0,0,0,NaN,NaN,NaN,0,0,0,0,9.72580349589691e-10,0.000263506663031876,0.913602292537689,1.9646018743515,NaN,NaN,NaN,18.2089672088623,21.2117156982422,28.1497688293457,67.7470703125,82.6452255249023,87.1773147583008,80.4935073852539
NaN,NaN,0,0,0,0,0,0,0,NaN,NaN,0,0,0,0,0,3.91347265704667e-09,0.000505671661812812,1.88529586791992,12.2917814254761,NaN,NaN,NaN,19.20241355896,18.0643844604492,23.8016319274902,65.6636657714844,82.0791168212891,87.0586395263672,80.2445602416992
NaN,0,0,0,0,NaN,0,0,0,NaN,NaN,0,0,0,0,0,9.72874758531361e-08,0.00143995776306838,2.6328182220459,21.1100387573242,NaN,NaN,NaN,21.7792491912842,16.1256084442139,20.5899124145508,63.0504264831543,81.5759811401367,86.9552459716797,80.0041809082031
NaN,0,0,0,NaN,NaN,NaN,NaN,NaN,NaN,NaN,0,0,0,0,0,3.04533465111945e-08,0.01781240478158,4.12722682952881,24.8990859985352,43.0128898620605,NaN,NaN,24.1226024627686,15.1407327651978,18.2467575073242,60.1791038513184,81.1987838745117,86.7615661621094,79.8337249755859
NaN,0,0,NaN,NaN,NaN,NaN,NaN,NaN,NaN,0,0,0,0,0,0,9.48256051458429e-09,0.147483065724373,6.4885311126709,26.8330268859863,45.3925094604492,NaN,NaN,29.8861179351807,14.6395683288574,16.1759471893311,57.6796112060547,80.9023742675781,86.5505142211914,79.6635971069336
0,0,0,NaN,NaN,NaN,NaN,NaN,NaN,NaN,0,0,0,0,0,3.22826993739292e-16,7.85775351036522e-12,7.15737056732178,6.37503433227539,23.8228073120117,50.3576927185059,NaN,NaN,34.0048294067383,14.5514230728149,14.1986560821533,55.5136032104492,80.6186752319336,86.33447265625,79.4885406494141
0,0,0,0,NaN,NaN,NaN,NaN,0,0,0,0,0,0,0,5.33134592028972e-10,1.10753930471219e-08,32.0243682861328,NaN,19.1249103546143,57.6606636047363,NaN,NaN,36.8338775634766,14.4608478546143,12.4599409103394,53.6011276245117,80.1965484619141,86.0991287231445,79.3119583129883
0,0,0,0,NaN,0,0,NaN,0,0,0,0,0,0,0,5.56173418431172e-09,0.000888613692950457,NaN,NaN,14.2520685195923,57.5036888122559,61.6300582885742,NaN,40.209358215332,14.3091411590576,11.3100156784058,51.0443267822266,79.7697219848633,85.8337936401367,79.1350631713867
0,0,0,0,0,0,0,NaN,0,0,0,0,0,0,0,1.02991680250852e-05,0.143731132149696,NaN,NaN,10.6653242111206,50.835823059082,63.2838973999023,42.0584487915039,43.4406051635742,14.4841241836548,10.3281211853027,48.2977027893066,79.3349609375,85.5643310546875,78.9559860229492
0,0,0,NaN,0,0,NaN,0,0,0,0,0,0,0,0,2.8065394872101e-05,0.589952647686005,NaN,NaN,8.06309509277344,40.8104209899902,65.8915634155273,42.0584487915039,45.0903549194336,14.1971950531006,9.19337558746338,45.5473289489746,78.8793487548828,85.3065872192383,78.7737579345703
0,0,0,0,0,0,NaN,0,0,0,0,0,0,0,0,2.80557941323423e-07,0.423106044530869,NaN,NaN,7.7444896697998,21.4995613098145,72.8763198852539,46.6573524475098,45.6151390075684,12.9407320022583,7.9498143196106,42.7518692016602,78.4213638305664,85.0823364257813,78.5659790039063
0,0,0,0,0,0,NaN,0,0,0,0,0,0,0,8.04281116434165e-23,2.2924910808797e-05,1.87206888198853,NaN,NaN,NaN,NaN,76.9905242919922,50.4384155273438,45.0015716552734,11.4569187164307,6.66029357910156,40.2383880615234,78.0103454589844,84.8672027587891,78.3799591064453
0,0,0,0,0,0,0,0,0,0,0,0,0,0,3.1194625567077e-20,0.00214161747135222,3.84314727783203,NaN,NaN,NaN,NaN,76.6073989868164,53.4786415100098,42.8731727600098,10.1338081359863,5.53008937835693,37.7311172485352,77.5522537231445,84.6039962768555,78.224967956543
0,0,0,0,0,0,0,0,0,0,0,0,0,0,4.46009909997521e-16,0.0399953611195087,0.694512486457825,NaN,NaN,NaN,NaN,73.170539855957,55.5870399475098,39.8755950927734,9.05437755584717,4.29393625259399,35.3995132446289,76.9568023681641,84.2587966918945,78.0547103881836
0,0,0,0,0,0,0,0,0,0,0,0,0,0,1.28066180842554e-14,0.170588031411171,11.711033821106,NaN,NaN,NaN,NaN,69.0144805908203,56.7476463317871,35.6939086914063,8.41787815093994,3.06956601142883,33.2758407592773,76.3626251220703,83.9427261352539,77.8769454956055
0,0,0,0,0,0,0,0,0,0,0,0,0,0,7.71673908244743e-16,1.19554758071899,14.0662746429443,NaN,NaN,NaN,NaN,83.4924163818359,63.2443313598633,30.2157764434814,7.89616775512695,2.08137702941895,31.3088932037354,75.86669921875,83.6211090087891,77.696533203125
0,0,0,0,0,0,0,0,0,0,0,0,0,0,0,6.51356003800174e-06,NaN,NaN,NaN,NaN,NaN,83.4924163818359,57.6529197692871,25.8964710235596,7.17513561248779,1.30189442634583,29.5368919372559,75.3953857421875,83.2879486083984,77.5134887695313
0,0,0,0,0,0,0,0,0,0,0,0,0,0,0,0,NaN,NaN,NaN,NaN,NaN,NaN,51.4738082885742,21.1561527252197,6.13264942169189,0.820138514041901,28.0557250976563,74.9748306274414,82.9505996704102,77.2560729980469
0,0,0,0,0,0,0,0,0,0,0,0,0,0,0,NaN,NaN,NaN,NaN,NaN,NaN,NaN,47.3693962097168,15.7936677932739,4.83684587478638,0.570930004119873,26.6835842132568,74.6025695800781,82.5612258911133,76.9171371459961
0,0,0,0,0,0,0,0,0,0,0,0,0,0,NaN,NaN,NaN,NaN,NaN,NaN,NaN,NaN,45.9788818359375,12.1093149185181,3.3138952255249,0.388120710849762,25.4348392486572,74.3013076782227,82.0747451782227,76.7142868041992
0,0,0,0,0,0,0,0,2.23427143453137e-08,1.50797262676861e-07,0,0,NaN,NaN,NaN,NaN,NaN,NaN,NaN,NaN,NaN,NaN,45.1513671875,9.45704650878906,1.32401895523071,0.32200413942337,24.3114852905273,74.0262832641602,81.5932540893555,76.5149917602539
0,0,0,0,0,0,0,0,0.000375719915609807,1.18529081344604,9.23780802963847e-08,0,NaN,NaN,NaN,NaN,NaN,NaN,NaN,NaN,NaN,NaN,51.3233184814453,6.45187711715698,0.136982768774033,0.264645755290985,23.6775722503662,73.6326599121094,81.1933517456055,76.3101348876953
0,0,0,0,0,0,NaN,NaN,0.000148735503898934,2.46160364151001,0.008605582639575,0,NaN,NaN,NaN,NaN,NaN,NaN,NaN,NaN,NaN,NaN,61.6670722961426,5.627366065979,0.139179438352585,0.215887889266014,23.1484851837158,73.2037963867188,80.6960372924805,76.0997085571289
0,0,0,0,0,NaN,NaN,NaN,8.91187690592495e-14,0.232026562094688,0.185204431414604,0,NaN,NaN,NaN,NaN,NaN,NaN,NaN,NaN,NaN,94.3654327392578,71.1777954101563,6.8855562210083,0.188985541462898,0.176635935902596,22.8810901641846,72.8704299926758,80.1045913696289,75.8344268798828
0,0,0,0,NaN,NaN,NaN,NaN,NaN,4.0977349281311,12.7191781997681,NaN,NaN,NaN,NaN,NaN,NaN,NaN,NaN,NaN,NaN,94.3654327392578,63.8794593811035,9.02614784240723,0.22143143415451,0.142985925078392,22.7627067565918,72.5047149658203,79.5720825195313,75.3671417236328
0,0,0,NaN,NaN,NaN,NaN,NaN,NaN,NaN,NaN,NaN,NaN,NaN,NaN,NaN,NaN,NaN,NaN,NaN,NaN,NaN,75.7207717895508,13.2212934494019,0.234569072723389,0.118116497993469,22.8384323120117,72.244140625,78.9991226196289,74.9756088256836
0,0,NaN,NaN,NaN,NaN,NaN,NaN,NaN,NaN,NaN,NaN,NaN,NaN,NaN,NaN,NaN,NaN,NaN,NaN,NaN,NaN,85.7209548950195,19.0826625823975,0.268350809812546,0.0928302779793739,23.027437210083,71.9877624511719,78.2160720825195,74.7488708496094
0,NaN,NaN,NaN,NaN,NaN,NaN,NaN,NaN,NaN,NaN,NaN,NaN,NaN,NaN,NaN,NaN,NaN,NaN,NaN,NaN,NaN,87.832893371582,19.9469623565674,0.291466414928436,0.103832080960274,23.1762847900391,71.8056640625,77.3768692016602,74.4955520629883
0,NaN,NaN,NaN,NaN,NaN,NaN,NaN,NaN,NaN,NaN,NaN,NaN,NaN,NaN,NaN,NaN,NaN,NaN,NaN,NaN,NaN,86.5646286010742,7.12080240249634,0.308162927627563,0.115134544670582,23.4412498474121,71.6340866088867,76.3872756958008,74.2309799194336
0,NaN,NaN,NaN,NaN,NaN,NaN,NaN,NaN,NaN,NaN,NaN,NaN,NaN,NaN,NaN,NaN,NaN,NaN,NaN,NaN,NaN,NaN,8.27455711364746,0.287549078464508,0.145321652293205,23.9242992401123,71.4731597900391,75.5053024291992,73.9551544189453
0,NaN,NaN,NaN,NaN,NaN,NaN,NaN,NaN,NaN,NaN,NaN,NaN,NaN,NaN,NaN,NaN,NaN,NaN,NaN,NaN,NaN,NaN,12.1959524154663,0.224064573645592,0.189181551337242,24.7419242858887,71.3537063598633,74.5395278930664,73.4725799560547
0,NaN,NaN,NaN,NaN,NaN,NaN,NaN,NaN,NaN,NaN,NaN,NaN,NaN,NaN,NaN,NaN,NaN,NaN,NaN,NaN,NaN,NaN,14.6418619155884,0.125778749585152,0.216582074761391,25.4413871765137,71.3658294677734,73.3531951904297,72.5419769287109
0,0,NaN,NaN,NaN,NaN,NaN,NaN,NaN,NaN,NaN,NaN,NaN,NaN,NaN,NaN,NaN,NaN,NaN,NaN,NaN,NaN,NaN,14.1318950653076,0.0493909828364849,0.326705485582352,26.4959392547607,71.1708221435547,72.2694778442383,72.0378570556641
0,0,0,0,NaN,NaN,NaN,NaN,NaN,NaN,NaN,NaN,NaN,NaN,NaN,NaN,NaN,NaN,NaN,NaN,NaN,NaN,NaN,14.1212139129639,0.0110141364857554,0.385382413864136,27.3389701843262,70.8772048950195,71.1118392944336,71.9412841796875
0,0,0,0,0,0,NaN,NaN,NaN,NaN,NaN,NaN,NaN,NaN,NaN,NaN,NaN,NaN,NaN,NaN,NaN,NaN,NaN,9.22695350646973,2.4159762688214e-06,0.473114520311356,27.8149509429932,70.7548751831055,69.4930648803711,71.8416976928711
0,0,0,0,0,0,NaN,NaN,NaN,NaN,NaN,NaN,NaN,NaN,NaN,NaN,NaN,NaN,NaN,NaN,NaN,NaN,NaN,1.97765461962263e-06,3.04708396470232e-06,0.492959886789322,28.1166439056396,70.541259765625,67.8358840942383,71.5963134765625
0,0,0,0,0,0,NaN,NaN,NaN,NaN,NaN,NaN,NaN,NaN,NaN,NaN,NaN,NaN,NaN,NaN,NaN,NaN,NaN,1.15372678521908e-07,4.34874527854845e-06,0.458450049161911,27.6276950836182,69.7428131103516,66.82568359375,71.1679306030273
0,0,0,0,0,0,NaN,NaN,NaN,NaN,NaN,NaN,NaN,NaN,NaN,NaN,NaN,NaN,NaN,NaN,NaN,NaN,NaN,1.24834516057604e-08,7.00326290825615e-06,0.394688367843628,27.2680721282959,69.2137603759766,65.359619140625,70.5347290039063
0,0,0,0,0,0,NaN,NaN,NaN,NaN,NaN,NaN,NaN,NaN,NaN,NaN,NaN,NaN,NaN,NaN,NaN,NaN,NaN,1.43653777762154e-09,9.67232062976109e-06,0.317138582468033,26.3942203521729,68.9922103881836,63.509090423584,69.1123580932617
0,0,0,0,0,0,0,NaN,NaN,NaN,NaN,NaN,NaN,NaN,NaN,NaN,NaN,NaN,NaN,NaN,NaN,NaN,NaN,1.321876093828e-12,1.21498087537475e-05,0.258708626031876,25.8783016204834,67.5672378540039,62.2569694519043,68.8323287963867
0,0,0,0,0,0,0,NaN,NaN,NaN,NaN,NaN,NaN,NaN,NaN,NaN,NaN,NaN,NaN,NaN,NaN,NaN,NaN,1.00846197712001e-13,1.45199765029247e-05,0.192596256732941,24.973051071167,66.7483367919922,60.5175857543945,68.8047714233398
0,0,0,0,0,0,0,0,NaN,NaN,NaN,NaN,NaN,NaN,NaN,NaN,NaN,NaN,NaN,NaN,NaN,NaN,NaN,5.53209347363588e-14,1.56084151967661e-05,0.175185322761536,24.7100028991699,66.5248794555664,56.6313323974609,68.7772445678711
0,0,0,0,0,0,0,0,0,NaN,NaN,NaN,NaN,NaN,NaN,NaN,NaN,NaN,NaN,NaN,NaN,NaN,NaN,1.4435344196026e-13,1.52901484398171e-05,0.166433483362198,24.4819374084473,63.7779998779297,54.820613861084,68.749755859375
0,0,0,0,0,0,0,0,0,NaN,NaN,NaN,NaN,NaN,NaN,NaN,NaN,NaN,NaN,NaN,NaN,NaN,NaN,3.34884355489284e-13,1.52095144585473e-05,0.163617327809334,24.0931282043457,62.7361640930176,54.8243827819824,68.7223052978516
0,0,0,0,0,0,0,0,0,NaN,NaN,NaN,NaN,NaN,NaN,NaN,NaN,NaN,NaN,NaN,NaN,NaN,NaN,1.27055733555731e-12,1.55276102304924e-05,0.163323014974594,24.0493965148926,62.7280769348145,54.8281555175781,68.6948852539063
0,0,0,0,0,0,0,0,0,NaN,NaN,NaN,NaN,NaN,NaN,NaN,NaN,NaN,NaN,NaN,NaN,NaN,NaN,6.88117705177627e-12,1.69325758179184e-05,0.181776210665703,23.2134094238281,56.7793312072754,44.4993133544922,65.1014862060547
0,0,0,0,0,0,0,0,0,NaN,NaN,NaN,NaN,NaN,NaN,NaN,NaN,NaN,NaN,NaN,NaN,NaN,NaN,4.09601207118637e-11,1.8255890608998e-05,0.196712166070938,23.2238941192627,56.7794990539551,44.4994239807129,65.1371307373047
0,0,0,0,0,0,0,0,0,NaN,NaN,NaN,NaN,NaN,NaN,NaN,NaN,NaN,NaN,NaN,NaN,NaN,NaN,2.20185300547904e-10,1.99794976651901e-05,0.224096491932869,22.3374977111816,54.1427612304688,44.4995384216309,65.1728286743164
0,0,0,0,0,0,0,0,0,NaN,31.6859683990479,NaN,NaN,NaN,NaN,NaN,NaN,NaN,NaN,NaN,NaN,NaN,NaN,1.01588160106303e-09,2.20966612687334e-05,0.235675841569901,22.1837272644043,49.1163749694824,41.7029914855957,65.2085647583008
0,0,0,0,0,0,0,0,0,0,28.7317161560059,30.4465732574463,NaN,NaN,NaN,NaN,NaN,NaN,NaN,NaN,NaN,NaN,NaN,5.23946042108037e-09,2.41174566326663e-05,0.247339203953743,20.7944488525391,47.8959159851074,35.7761993408203,65.2443542480469
0,0,0,0,0,0,0,0,3.95027132559905e-18,5.26645964268473e-16,26.597864151001,25.3541049957275,NaN,NaN,NaN,NaN,NaN,NaN,NaN,NaN,NaN,NaN,NaN,2.57699035444148e-08,2.23305323743261e-05,0.230367988348007,19.9232749938965,43.7890014648438,33.5519142150879,65.2801895141602
0,0,0,0,0,0,0,0,2.90435781503885e-15,5.00523190602453e-12,17.5637111663818,NaN,0,NaN,NaN,NaN,NaN,NaN,NaN,NaN,NaN,33.1195526123047,29.5976791381836,3.61172936891307e-07,1.84924374480033e-05,0.219857290387154,18.2093296051025,40.6290817260742,32.2471694946289,65.0387878417969
0,0,0,0,0,0,0,0,1.51110257661825e-13,4.46474768978078e-06,0.453141272068024,0,0,0,NaN,NaN,NaN,NaN,NaN,NaN,NaN,33.1195526123047,14.6062698364258,2.9923378406238e-06,1.31042243083357e-05,0.205659836530685,17.3924407958984,37.5800590515137,29.7006397247314,63.5330810546875
0,0,0,0,NaN,0,0,0,4.24746534873153e-14,2.9674447432626e-06,0.000145149082527496,0,0,0,NaN,NaN,NaN,NaN,NaN,NaN,NaN,NaN,2.2687873840332,1.5816616723896e-05,6.73219574309769e-06,0.164384573698044,16.1644897460938,35.0963287353516,27.8133869171143,62.8372955322266
0,0,0,0,NaN,0,0,0,0,4.5157415133612e-12,2.7901292387611e-10,0,0,1.31000355795597e-18,4.15803531402976e-19,7.33998362090205e-10,4.54764794710627e-08,2.57852711404993e-10,5.26197910308838,NaN,NaN,11.8722219467163,0.93402498960495,7.99086556071416e-05,3.77411015506368e-06,0.145140498876572,15.1729106903076,31.6281356811523,26.2265167236328,62.3709259033203
0,0,0,0,NaN,0,0,0,0,9.09074388327921e-18,1.95370531564369e-16,0,1.68905288919085e-20,2.08069090690927e-15,4.73622341345958e-09,0.000401744589908049,1.26518619060516,93.8251953125,4.99022817611694,3.9490996871271e-14,NaN,5.82597160339355,2.27445459365845,0.000256888859439641,2.28128646995174e-06,0.114493936300278,13.7941493988037,29.1811466217041,24.1535835266113,62.1376266479492
0,0,0,0,NaN,NaN,0,0,0,0,0,0,8.6174592609172e-18,3.03203469276259e-12,6.24401295112875e-08,0.0137708894908428,3.84902429580688,36.0820693969727,0.344281017780304,9.56470813662236e-08,NaN,1.32521855831146,1.19427704811096,0.000496843829751015,1.35221307573374e-06,0.0943391919136047,12.7427158355713,26.1814346313477,22.548942565918,62.0905265808105
0,0,0,0,NaN,NaN,0,0,0,0,0,0,7.2315166556595e-17,2.62301846909452e-11,1.23090933357162e-06,0.0247846767306328,2.56401348114014,7.54450464248657,0.0153679512441158,3.47704940395488e-08,9.73435740147509e-17,0.00417375518009067,0.113394133746624,0.000176823567016982,7.7771994710929e-07,0.0825033113360405,11.5916728973389,23.2155475616455,21.4492664337158,62.0560760498047
0,0,0,0,0,NaN,0,0,0,0,0,0,3.38426244490683e-18,1.28562820111977e-11,1.41949826115706e-07,0.000208604978979565,0.18609806895256,0.419928401708603,0.00158037908840925,5.96057514457016e-09,8.12297873092855e-16,2.78459697256039e-06,0.00388862215913832,1.33493740577251e-05,4.64586008774859e-07,0.0652765408158302,10.5908546447754,20.6783103942871,20.3428974151611,61.654125213623
0,0,0,0,0,NaN,0,0,0,0,0,0,2.23860276916138e-20,8.9488000885353e-14,3.89967569347505e-09,2.96696998702828e-06,0.00635665934532881,0.0113709606230259,5.17636508448049e-05,2.89750973214709e-10,8.48953859159995e-17,1.82946678251028e-07,6.66753248879104e-06,2.75766751656192e-07,4.95189510729688e-07,0.0560048259794712,9.89762496948242,18.1345195770264,19.3100318908691,60.8682289123535
0,0,0,0,0,0,0,0,0,0,0,0,4.22390720206024e-24,8.37892005915548e-17,1.94982450324455e-11,4.26012434218137e-08,0.000136113681946881,0.000221971306018531,1.21695313737291e-06,2.18830960296845e-11,5.29769477670812e-18,6.60118531017884e-12,2.54150234191286e-09,1.48868939398028e-09,7.45479212582723e-07,0.0477779321372509,8.98883056640625,16.0511608123779,18.6122741699219,60.531379699707
0,0,0,0,0,0,0,0,0,0,0,0,0,4.7250665899591e-19,1.54546609342464e-13,3.7312136713652e-10,1.22878418551409e-06,1.34914466798364e-06,3.77923399241809e-08,2.09085158041356e-12,1.70615329619266e-26,3.66419126147217e-15,4.96050086857408e-13,1.2843029591203e-12,5.95826065818983e-07,0.0437673106789589,8.44981861114502,13.9148950576782,17.9886569976807,60.4051666259766
0,0,0,0,0,0,0,0,0,0,0,0,0,3.14276605815729e-22,2.12623269210959e-15,3.34630999125618e-12,1.15380940357568e-08,5.77624836850532e-09,1.22073698372027e-10,3.29018801407347e-14,0,0,4.80881813067172e-17,1.17166817104752e-15,9.87034923127794e-07,0.0468072332441807,7.80597400665283,12.4242401123047,17.2942199707031,60.2987098693848
0,0,0,0,0,0,0,0,0,0,0,0,0,0,5.00408081442783e-18,9.23174178839e-15,6.20043877352927e-11,6.11841202702301e-11,3.95825712972645e-14,2.95396387607833e-17,0,0,1.58996654727819e-21,1.97614497600982e-14,4.49950584879844e-06,0.0673238337039948,7.21479558944702,11.0251226425171,16.8046760559082,60.2120170593262
0,0,0,0,0,0,0,0,0,0,0,0,0,0,0,8.98364798219136e-18,1.04410742747009e-13,2.61548432651387e-13,2.04869172269768e-16,2.57597189589315e-21,0,0,0,5.12637024843721e-12,1.65277397172758e-05,0.152558445930481,6.91742992401123,10.154200553894,16.5041275024414,60.1794738769531
0,0,0,0,0,0,0,0,0,0,0,0,0,0,0,5.33579074137796e-21,3.82609838002671e-16,1.49213260460847e-15,4.58356648943636e-19,0,0,0,0,1.52915076434557e-11,5.66508897463791e-05,0.332628458738327,7.25451183319092,9.60512542724609,16.3610363006592,60.0767059326172
0,0,0,0,0,0,0,0,0,0,0,0,0,0,0,0,9.60974620941036e-20,2.33940346389619e-18,1.3944770149454e-24,0,0,0,0,1.45085471414674e-11,0.000100668774393853,0.720471084117889,7.70729637145996,9.23769664764404,16.3762989044189,59.9172134399414
0,0,0,0,0,0,0,0,0,0,0,0,0,0,0,0,0,0,0,0,0,0,1.40332157747547e-22,6.29647072328265e-12,0.000163630014867522,1.13560461997986,8.13683032989502,8.81539535522461,16.4804534912109,59.9882049560547
0,0,0,0,0,0,0,0,0,0,0,0,0,0,0,0,0,0,0,0,0,0,2.339089966483e-23,3.85185026235968e-12,0.000371311005437747,1.59390664100647,8.3848762512207,8.32897186279297,16.6336727142334,60.125732421875
0,0,0,0,0,0,0,0,0,0,0,0,0,0,0,0,0,0,0,0,0,0,1.16984384319544e-24,1.138875018597e-12,0.000454238092061132,1.97729706764221,8.51945686340332,7.91278648376465,16.7983093261719,60.2741432189941
0,0,0,0,0,0,0,0,0,0,0,0,0,0,0,0,0,0,0,0,0,0,3.13819992268277e-26,1.65592658942643e-12,0.000445201119873673,2.28965520858765,8.29943466186523,7.43052864074707,17.0099773406982,60.4334182739258
0,0,0,0,0,0,0,0,0,0,0,0,0,0,0,0,0,0,0,0,0,0,6.61222825570263e-27,9.17794703084174e-13,0.000314900913508609,2.50290656089783,7.87273502349854,7.03488826751709,17.2403221130371,60.5985450744629
0,0,0,0,0,0,0,0,0,0,0,0,0,0,0,0,0,0,0,0,0,0,5.05094664548908e-26,1.37896110003789e-13,0.000125024846056476,2.59631252288818,7.48645353317261,6.62069845199585,17.4776649475098,60.6993179321289
0,0,0,0,0,0,0,0,0,0,0,0,0,0,0,0,0,0,0,0,0,0,1.89302369795043e-27,1.18664064306055e-14,0.00010771825327538,2.51715922355652,7.03997182846069,6.17255926132202,17.7919273376465,60.9973983764648
0,0,0,0,0,0,0,0,0,0,0,0,0,0,0,0,0,0,0,0,0,0,0,1.04429887385683e-15,0.000182890857104212,2.3895423412323,6.47209978103638,5.68394613265991,18.1645565032959,61.4249000549316
