0,0,0,0,0,0,0,0,0,0,0,0,0,0,0,0,0,0,1.24835523820366e-05,0.00110944174230099,0.0281697455793619,0.0563745759427547,0.156404286623001,0.261087357997894,0.271630227565765,0.257161229848862,0.252440065145493,0.281968176364899,0.328255712985992,0.334744155406952
0,0,0,0,0,0,0,0,0,0,0,0,0,0,0,0,0,0,6.7754569954559e-07,0.000508028315380216,0.0226064827293158,0.0358355790376663,0.130669683218002,0.245052799582481,0.261298149824142,0.249960884451866,0.248706713318825,0.281254261732101,0.327017545700073,0.332666099071503
0,0,0,0,0,0,0,0,0,0,0,0,0,0,0,0,0,0,1.45770915338517e-08,0.000149954488733783,0.0159027446061373,0.0229059439152479,0.106335647404194,0.227693095803261,0.251018762588501,0.242927670478821,0.245510563254356,0.280330002307892,0.325777053833008,0.330683261156082
0,0,0,0,0,0,0,0,0,0,0,0,0,0,0,0,0,0,2.04639902245951e-10,6.49953362881206e-05,0.0101920366287231,0.0165975168347359,0.0857965499162674,0.209698840975761,0.240666911005974,0.236572563648224,0.242508664727211,0.279427796602249,0.324384659528732,0.328913956880569
0,0,0,0,0,0,0,0,0,0,0,0,0,0,0,0,0,0,0,5.91534335399047e-05,0.00594638753682375,0.0135636376217008,0.0704411044716835,0.191146269440651,0.230847626924515,0.230738744139671,0.240038260817528,0.278590500354767,0.322926223278046,0.326967746019363
0,NaN,0,0,0,0,0,0,0,0,0,0,0,0,0,0,0,0,0,4.32109336543363e-05,0.00294068362563848,0.0100109102204442,0.0583781935274601,0.172650769352913,0.221478939056396,0.225442126393318,0.237779185175896,0.277691066265106,0.321361660957336,0.324774980545044
NaN,NaN,0,0,0,0,0,0,0,0,0,0,0,0,0,0,0,0,0,1.77458914549788e-05,0.00162234273739159,0.00640704203397036,0.0493690446019173,0.155134871602058,0.212302684783936,0.22029110789299,0.235703244805336,0.276868343353271,0.319819450378418,0.32252824306488
NaN,NaN,NaN,0,0,0,0,0,0,0,0,0,0,0,0,0,0,0,0,9.29477573663462e-06,0.000982646946795285,0.003872100263834,0.0412930026650429,0.139199882745743,0.203519254922867,0.215390279889107,0.23364469408989,0.275922924280167,0.318291068077087,0.32030126452446
NaN,NaN,NaN,0,0,0,0,0,0,0,0,0,0,0,0,0,0,0,0,5.56546865482233e-06,0.000535304832737893,0.0029555766377598,0.0330096930265427,0.124900080263615,0.195022076368332,0.211123943328857,0.231799900531769,0.274970024824142,0.31663590669632,0.318079680204391
NaN,NaN,NaN,0,0,0,0,0,0,0,0,0,0,0,0,0,0,0,0,1.78327763933339e-06,0.000160373660037294,0.00216733035631478,0.024653447791934,0.112069070339203,0.186694011092186,0.207082718610764,0.22982457280159,0.274220794439316,0.314770579338074,0.315813422203064
NaN,NaN,NaN,NaN,0,0,0,0,0,0,0,0,0,0,0,0,0,0,0,6.06822609938718e-08,5.4027736041462e-05,0.00154983857646585,0.0173181910067797,0.0998229160904884,0.178809091448784,0.203046977519989,0.228206500411034,0.273075312376022,0.312912136316299,0.313549935817719
NaN,NaN,NaN,NaN,0,0,0,0,0,0,0,0,0,0,0,0,0,0,0,0,1.78669815795729e-05,0.000948802335187793,0.011899733915925,0.0878125131130219,0.17151415348053,0.199343308806419,0.226466462016106,0.271895259618759,0.311036825180054,0.311252355575562
NaN,NaN,NaN,NaN,NaN,0,0,0,0,0,0,0,0,0,0,0,0,0,0,0,6.8330300564412e-06,0.000439567607827485,0.00771679962053895,0.0765348672866821,0.16424722969532,0.195835411548615,0.224751338362694,0.270808517932892,0.309080749750137,0.308748036623001
NaN,NaN,NaN,NaN,NaN,NaN,0,0,0,0,0,0,0,0,0,0,0,0,0,0,8.51610366225941e-07,0.000312326563289389,0.00474649202078581,0.0664394497871399,0.156792536377907,0.192540422081947,0.223106294870377,0.2696233689785,0.307020246982574,0.305938720703125
NaN,NaN,NaN,NaN,NaN,NaN,NaN,0,0,0,0,0,0,0,0,0,0,0,0,0,6.94459743044717e-08,0.000141558950417675,0.00267387926578522,0.057439174503088,0.149539902806282,0.188915848731995,0.221482560038567,0.268466681241989,0.304919213056564,0.303088575601578
NaN,NaN,NaN,NaN,NaN,NaN,NaN,0,0,0,0,0,0,0,0,0,0,0,0,0,3.43943867164853e-07,5.93164295423776e-05,0.00200785277411342,0.049837950617075,0.142371997237206,0.185279190540314,0.219806060194969,0.267325431108475,0.302804797887802,0.300241261720657
NaN,NaN,NaN,NaN,NaN,NaN,NaN,NaN,0,0,0,0,0,0,0,0,0,0,NaN,0,1.40361706257863e-07,2.7425061489339e-05,0.00155464222189039,0.0435254797339439,0.135107591748238,0.181725323200226,0.218240216374397,0.26582071185112,0.300687342882156,0.297365456819534
0,0,0,NaN,NaN,NaN,NaN,NaN,NaN,0,0,0,0,0,0,0,0,0,NaN,0,8.22232859576388e-09,6.16022134636296e-06,0.00120217446237803,0.0381102524697781,0.127729699015617,0.177996382117271,0.216669112443924,0.264446586370468,0.298301964998245,0.294208854436874
0,0,0,0,NaN,NaN,NaN,NaN,NaN,0,0,0,0,0,0,0,0,0,0,0,4.7599341135296e-11,8.87574742591823e-07,0.000863041263073683,0.0333088487386703,0.120257899165154,0.174284711480141,0.214832276105881,0.263164967298508,0.295805364847183,0.29095658659935
0,0,0,0,NaN,NaN,NaN,NaN,NaN,NaN,0,0,0,0,0,0,0,0,0,0,0,5.9048161915598e-08,0.000650356581900269,0.0291171595454216,0.112467467784882,0.170388638973236,0.213125914335251,0.261725932359695,0.293317496776581,0.287669062614441
0,0,0,0,NaN,NaN,NaN,NaN,NaN,NaN,0,0,0,0,0,0,0,0,0,0,0,5.79420245117035e-08,0.00047453903243877,0.0259716976433992,0.104285180568695,0.166604906320572,0.211161494255066,0.260274767875671,0.290774792432785,0.284414112567902
0,0,0,0,0,0,NaN,NaN,NaN,NaN,0,0,0,0,0,0,0,0,0,0,0,3.10307086692774e-08,0.000369029265129939,0.0231863837689161,0.0958763509988785,0.16234464943409,0.209075316786766,0.258723944425583,0.288012355566025,0.282154470682144
0,NaN,NaN,0,0,0,NaN,NaN,NaN,NaN,0,0,0,0,0,0,0,0,0,0,0,5.31603099318545e-08,0.000298103550449014,0.0206914041191339,0.0870992839336395,0.15797321498394,0.207092091441154,0.256974637508392,0.285082012414932,0.280066728591919
NaN,NaN,NaN,NaN,0,0,NaN,NaN,NaN,NaN,0,0,0,0,0,0,0,0,0,0,0,2.20513456383742e-08,0.000260027300100774,0.0180302169173956,0.0785299986600876,0.153497725725174,0.20488865673542,0.255182296037674,0.282071232795715,0.277845352888107
0,NaN,NaN,NaN,0,0,NaN,NaN,NaN,NaN,0,0,0,0,0,0,0,0,0,0,0,3.39198038545874e-08,0.00020221748854965,0.0156118338927627,0.070062018930912,0.14897246658802,0.20258004963398,0.253444015979767,0.279025316238403,0.275543063879013
0,NaN,NaN,NaN,0,0,NaN,NaN,NaN,NaN,0,0,0,0,0,0,0,0,0,0,0,3.02547888964e-08,0.000166668993188068,0.0130648352205753,0.0625977739691734,0.144420072436333,0.200070157647133,0.25170511007309,0.275868237018585,0.273219019174576
0,NaN,NaN,NaN,NaN,NaN,NaN,NaN,NaN,NaN,0,0,0,0,0,0,0,0,0,0,0,2.5443220863508e-08,0.000137679133331403,0.0109200542792678,0.0558641888201237,0.139839515089989,0.197596445679665,0.249792292714119,0.272532045841217,0.270873218774796
0,NaN,NaN,NaN,NaN,NaN,NaN,NaN,NaN,NaN,0,0,0,0,0,0,0,0,0,0,0,1.85774791106041e-08,0.000118911440949887,0.00888426601886749,0.0500181242823601,0.135516077280045,0.195052623748779,0.247979804873466,0.269043356180191,0.26849690079689
0,NaN,NaN,NaN,NaN,NaN,NaN,NaN,NaN,NaN,NaN,0,0,0,0,0,0,0,0,0,0,3.25322990768484e-10,0.000112690489913803,0.00715913297608495,0.0453715622425079,0.131146728992462,0.19221755862236,0.246140077710152,0.265441626310349,0.265899091959
NaN,NaN,NaN,NaN,NaN,NaN,NaN,NaN,NaN,NaN,0,0,0,0,0,0,0,0,0,0,0,2.58431565036688e-09,9.36556025408208e-05,0.00574979186058044,0.0414486303925514,0.127110660076141,0.189573630690575,0.24391533434391,0.262270659208298,0.263170272111893
NaN,NaN,NaN,NaN,NaN,NaN,NaN,NaN,NaN,NaN,0,0,0,0,0,0,0,0,0,0,0,1.49167952295803e-11,8.40535431052558e-05,0.00481227692216635,0.0384906902909279,0.123136222362518,0.187279269099236,0.241444781422615,0.258920878171921,0.260384500026703
NaN,NaN,NaN,NaN,NaN,NaN,NaN,NaN,NaN,0,0,0,0,0,0,0,0,0,0,0,0,5.93320314754009e-13,8.1812817370519e-05,0.004314084071666,0.0366682969033718,0.119610406458378,0.184789031744003,0.239041015505791,0.255329489707947,0.257519751787186
NaN,NaN,NaN,NaN,NaN,NaN,0,NaN,NaN,0,0,0,0,0,0,0,0,0,0,0,0,0,8.34898892208003e-05,0.00444065919145942,0.0354352854192257,0.116793565452099,0.182228267192841,0.236720502376556,0.251518338918686,0.254378974437714
NaN,NaN,NaN,NaN,NaN,NaN,0,NaN,NaN,0,0,0,0,0,0,0,0,0,0,0,0,0,8.9755718363449e-05,0.00484643690288067,0.0352282971143723,0.114135168492794,0.179824084043503,0.23445101082325,0.24748694896698,0.251070588827133
NaN,NaN,NaN,NaN,NaN,0,0,NaN,NaN,0,0,0,0,0,0,0,0,0,0,0,0,0,9.21587998163886e-05,0.00561836501583457,0.0357798486948013,0.111625894904137,0.17760343849659,0.232128322124481,0.243209168314934,0.247494906187057
NaN,NaN,NaN,NaN,0,0,0,NaN,NaN,0,0,0,0,0,0,0,0,0,0,0,0,7.56373985666414e-09,0.000107755113276653,0.00666513852775097,0.0364894270896912,0.109870761632919,0.175328999757767,0.229388415813446,0.23890146613121,0.244941085577011
NaN,NaN,NaN,NaN,0,0,0,NaN,NaN,0,0,0,0,0,0,0,0,0,0,0,0,1.35318134475426e-09,0.000112125177111011,0.00768256234005094,0.0380575954914093,0.108128368854523,0.173020035028458,0.226179718971252,0.23510330915451,0.243802890181541
NaN,NaN,NaN,0,0,0,0,NaN,0,0,0,0,0,0,0,0,0,0,0,0,0,3.75057958024172e-08,0.00014310581900645,0.00894093047827482,0.0394436195492744,0.106949642300606,0.17087396979332,0.222944408655167,0.231030225753784,0.242642417550087
NaN,NaN,NaN,NaN,0,0,0,NaN,0,0,0,0,0,0,0,0,0,0,0,0,0,6.24927594117253e-08,0.000160910887643695,0.00983058195561171,0.0409494787454605,0.106558002531528,0.168905690312386,0.219684153795242,0.226656004786491,0.241459235548973
NaN,NaN,NaN,NaN,0,0,0,NaN,0,0,0,0,0,0,0,0,0,0,0,0,0,1.878128870203e-07,0.000207430304726586,0.0108237657696009,0.0427264682948589,0.105629935860634,0.167030900716782,0.216382011771202,0.222063764929771,0.240176528692245
NaN,NaN,NaN,NaN,0,0,0,0,0,0,0,0,0,0,0,0,0,0,0,0,0,1.99969278469325e-07,0.000243555419729091,0.0112952897325158,0.0442038141191006,0.105419263243675,0.16481177508831,0.213632494211197,0.217259809374809,0.238662585616112
NaN,NaN,NaN,NaN,NaN,NaN,0,0,0,0,0,0,0,0,0,0,0,0,0,0,0,1.51238666035169e-07,0.000271731230895966,0.0116793662309647,0.0454005748033524,0.105175033211708,0.162681087851524,0.210910707712173,0.212471857666969,0.23708550632
NaN,NaN,NaN,NaN,NaN,NaN,0,0,0,0,0,0,0,0,0,0,0,0,0,0,0,1.84489152843526e-08,0.000279922212939709,0.0115746036171913,0.0468992069363594,0.104752086102962,0.160993099212646,0.206836149096489,0.20957837998867,0.23539300262928
NaN,NaN,NaN,NaN,NaN,NaN,0,0,0,0,0,0,0,0,0,0,0,0,0,0,0,0,0.000262717716395855,0.0112933944910765,0.0476506724953651,0.104921840131283,0.159465119242668,0.202288135886192,0.20702600479126,0.233273968100548
NaN,NaN,NaN,NaN,NaN,NaN,0,0,0,0,0,0,0,0,0,0,0,0,0,0,0,3.34130422982581e-12,0.000238211956457235,0.0107165519148111,0.0488870404660702,0.104532741010189,0.157331228256226,0.198803722858429,0.204099908471107,0.230986654758453
NaN,NaN,NaN,NaN,NaN,NaN,0,0,0,0,0,0,0,0,0,0,0,0,0,0,0,2.4840763127032e-13,0.000217085864278488,0.0101292813196778,0.0490910559892654,0.104659594595432,0.155027389526367,0.195840582251549,0.200574040412903,0.228221252560616
NaN,NaN,NaN,NaN,NaN,NaN,0,0,0,0,0,0,0,0,0,0,0,0,0,0,0,0,0.000209460282349028,0.00950017478317022,0.0492557771503925,0.104536391794682,0.152848720550537,0.192556515336037,0.196178734302521,0.225020885467529
NaN,NaN,NaN,NaN,NaN,NaN,0,0,0,0,0,0,0,0,0,0,0,0,0,0,0,0,0.00017240407760255,0.00875545013695955,0.0486039817333221,0.104327209293842,0.151180222630501,0.188910961151123,0.190759718418121,0.221138030290604
NaN,NaN,NaN,NaN,NaN,NaN,NaN,0,0,0,0,0,0,0,0,0,0,0,0,0,0,0,0.000150133913848549,0.00811967346817255,0.047040767967701,0.104280896484852,0.148979708552361,0.184361830353737,0.18722802400589,0.219607308506966
NaN,NaN,NaN,NaN,NaN,NaN,NaN,NaN,0,0,0,0,0,0,0,0,0,0,0,0,0,0,0.000164869605214335,0.00724119413644075,0.0446120239794254,0.103929005563259,0.145846277475357,0.179249048233032,0.185131996870041,0.219370946288109
NaN,NaN,NaN,NaN,NaN,NaN,NaN,NaN,0,0,0,0,0,0,0,0,0,0,0,0,0,0,0.000155771151185036,0.00661304779350758,0.0409737154841423,0.103820443153381,0.143001466989517,0.173347353935242,0.182486236095428,0.219135865569115
NaN,NaN,NaN,NaN,NaN,NaN,NaN,NaN,0,0,0,0,0,0,0,0,0,0,0,0,0,0,0.0001357787696179,0.00564398895949125,0.0361795499920845,0.102513872087002,0.141324907541275,0.166732951998711,0.179023161530495,0.218902036547661
NaN,NaN,NaN,NaN,NaN,NaN,NaN,NaN,0,0,0,0,0,0,0,0,0,0,0,0,0,0,0.000145758895087056,0.00501469988375902,0.0306654963642359,0.100017696619034,0.138442024588585,0.163078278303146,0.173970386385918,0.218669474124908
NaN,NaN,NaN,NaN,NaN,NaN,NaN,NaN,0,0,0,0,NaN,0,0,0,0,0,0,0,0,0,0.000134359099320136,0.00408238871023059,0.0242224149405956,0.0969468727707863,0.132509917020798,0.162887424230576,0.165215864777565,0.218438193202019
NaN,NaN,NaN,NaN,NaN,NaN,NaN,NaN,0,0,0,0,NaN,0,0,0,0,0,0,0,0,0,0.000115873874165118,0.00325079751200974,0.0181779339909554,0.0924460664391518,0.128280490636826,0.156400993466377,0.159081801772118,0.218208149075508
NaN,NaN,NaN,NaN,NaN,NaN,NaN,NaN,0,0,0,0,0,NaN,0,0,0,0,0,0,0,0,9.40822646953166e-05,0.00224022730253637,0.0149230565875769,0.0801749899983406,0.128061324357986,0.137267097830772,0.159005418419838,0.21797938644886
NaN,NaN,NaN,NaN,NaN,NaN,NaN,NaN,0,0,0,0,0,0,0,0,0,0,0,0,0,0,7.80159825808369e-05,0.00147526781074703,0.00947002414613962,0.0783934742212296,0.114461086690426,0.123047702014446,0.158929139375687,0.217751890420914
NaN,NaN,NaN,NaN,NaN,NaN,NaN,NaN,0,0,0,0,0,0,0,0,0,0,0,0,0,0,5.12255282956176e-05,0.00091230490943417,0.00811652094125748,0.05380504950881,0.0931878462433815,0.122981041669846,0.158852964639664,0.217525646090508
NaN,NaN,NaN,NaN,NaN,NaN,NaN,NaN,NaN,0,0,0,0,0,0,0,0,0,0,0,0,0,4.21120785176754e-05,0.000557658029720187,0.00350131397135556,0.0395341068506241,0.0930515229701996,0.122919738292694,0.158776894211769,0.217300668358803
NaN,NaN,NaN,NaN,NaN,NaN,NaN,NaN,0,0,0,0,0,0,0,NaN,0,0,0,0,0,0,3.52826318703592e-05,0.000462097174022347,0.00346210901625454,0.0394195169210434,0.0929820835590363,0.122858472168446,0.158700913190842,0.2170769572258
NaN,NaN,NaN,NaN,NaN,NaN,NaN,NaN,0,0,0,0,0,0,0,0,0,0,0,0,0,0,1.6940321145853e-08,6.48043933324516e-05,0.00208928273059428,0.0263935141265392,0.075352355837822,0.108318790793419,0.15792715549469,0.264254659414291
NaN,NaN,NaN,NaN,NaN,NaN,NaN,NaN,NaN,0,0,0,0,0,0,0,0,0,0,0,0,0,9.9031129963123e-09,5.36631014256272e-05,0.002105024876073,0.0264743603765965,0.0754297599196434,0.108385175466537,0.1580760627985,0.264548659324646
NaN,NaN,NaN,NaN,NaN,NaN,NaN,NaN,NaN,0,0,0,0,0,0,0,0,0,0,0,0,0,0,9.99117105493497e-07,0.00163262465503067,0.0263625867664814,0.0754860267043114,0.10845160484314,0.158225178718567,0.264843881130219
NaN,NaN,NaN,NaN,NaN,NaN,NaN,NaN,NaN,0,0,0,0,0,0,0,0,0,0,0,0,0,0,1.18756315714563e-06,0.00154398591257632,0.0250430312007666,0.0644176751375198,0.108514547348022,0.158374488353729,0.265140324831009
NaN,NaN,NaN,NaN,NaN,NaN,NaN,NaN,NaN,0,0,0,0,0,0,0,0,0,0,0,0,0,0,1.39409303301363e-06,0.00187473837286234,0.0253675561398268,0.0557846650481224,0.0995431020855904,0.158524006605148,0.265437990427017
NaN,NaN,NaN,NaN,NaN,NaN,NaN,NaN,NaN,0,0,0,0,0,0,0,0,0,0,0,0,0,0,4.57514352092403e-06,0.00225388794206083,0.0258447676897049,0.0559334307909012,0.0892107933759689,0.158673733472824,0.265736877918243
NaN,NaN,NaN,NaN,NaN,NaN,NaN,NaN,NaN,0,0,0,0,0,0,0,0,0,0,0,0,0,0,1.05012768472079e-05,0.0025425017811358,0.0253410190343857,0.053586732596159,0.0863625854253769,0.156102657318115,0.266036987304688
NaN,NaN,NaN,NaN,NaN,NaN,NaN,NaN,0,0,0,0,0,0,0,0,0,0,0,0,0,0,0,1.85132448677905e-05,0.00304400245659053,0.0254660733044147,0.0497190915048122,0.0866062194108963,0.15215165913105,0.266338318586349
NaN,NaN,NaN,NaN,NaN,NaN,NaN,NaN,0,0,NaN,0,0,0,0,0,0,0,0,0,0,0,0,2.87102848233189e-05,0.0034952936694026,0.0256609972566366,0.0483629740774632,0.0857620760798454,0.14969639480114,0.266640871763229
NaN,NaN,NaN,NaN,NaN,NaN,NaN,NaN,0,0,NaN,NaN,0,0,0,0,0,0,0,0,0,0,0,4.97079236083664e-05,0.0043521448969841,0.0260339993983507,0.0483105592429638,0.0858023464679718,0.14796370267868,0.266944617033005
NaN,NaN,NaN,NaN,NaN,NaN,NaN,NaN,NaN,NaN,NaN,NaN,NaN,0,0,0,0,0,0,0,0,0,0,6.54627147014253e-05,0.00492503587156534,0.0263817328959703,0.0476871393620968,0.0872194543480873,0.146598756313324,0.267249584197998
NaN,NaN,NaN,NaN,NaN,NaN,NaN,NaN,NaN,NaN,NaN,0,NaN,0,0,0,0,0,0,0,0,0,6.23613938266487e-11,9.48049128055573e-05,0.00591250928118825,0.0267651751637459,0.0478491820394993,0.0889509096741676,0.145572409033775,0.267555803060532
NaN,NaN,NaN,NaN,NaN,NaN,NaN,NaN,NaN,0,0,0,0,0,0,0,0,0,0,0,0,0,5.73971425943398e-10,0.000115588925837073,0.00667527550831437,0.027302123606205,0.0484584271907806,0.0907459631562233,0.145848244428635,0.26687428355217
NaN,NaN,NaN,NaN,NaN,NaN,NaN,NaN,0,0,0,0,0,0,0,0,0,0,0,0,0,0,1.31572830408544e-09,0.000152527631144039,0.00749799283221364,0.0278380159288645,0.0492321401834488,0.0928580015897751,0.147890761494637,0.264406681060791
NaN,NaN,NaN,NaN,NaN,NaN,NaN,NaN,0,0,0,0,0,0,0,0,0,0,0,0,0,0,2.07116457318079e-09,0.000185157696250826,0.00829663127660751,0.0285820737481117,0.0507912337779999,0.0952854007482529,0.149736300110817,0.262497842311859
NaN,NaN,NaN,NaN,NaN,NaN,NaN,NaN,NaN,NaN,NaN,0,0,0,0,0,0,0,0,0,0,0,4.71959076264739e-08,0.0002423474797979,0.00899551063776016,0.0293714106082916,0.0533961430191994,0.0977512821555138,0.151298999786377,0.260996162891388
NaN,NaN,NaN,NaN,NaN,NaN,NaN,NaN,NaN,NaN,NaN,0,0,0,0,0,0,0,0,0,0,0,1.05916676318429e-07,0.000306237256154418,0.00962520856410265,0.0302490089088678,0.0563494563102722,0.101057052612305,0.152580842375755,0.259970664978027
NaN,NaN,NaN,NaN,NaN,NaN,NaN,NaN,NaN,NaN,NaN,0,0,0,0,0,0,0,0,0,0,0,1.30165403788851e-07,0.00034868172951974,0.0101434290409088,0.0316495820879936,0.0585908554494381,0.105646498501301,0.153629958629608,0.259110689163208
NaN,NaN,NaN,NaN,NaN,NaN,NaN,NaN,NaN,NaN,NaN,NaN,0,0,0,0,0,0,0,0,0,0,4.02242044117429e-08,0.000398491392843425,0.0105415480211377,0.0331434346735477,0.0614205114543438,0.109604679048061,0.154816046357155,0.258750677108765
NaN,NaN,NaN,NaN,NaN,NaN,NaN,NaN,NaN,NaN,NaN,NaN,0,0,0,0,0,0,0,0,0,0,9.76109788553003e-08,0.000455795088782907,0.0108558526262641,0.0343493297696114,0.0649631544947624,0.112464867532253,0.157029792666435,0.258515268564224
NaN,NaN,NaN,NaN,NaN,NaN,NaN,NaN,NaN,NaN,NaN,NaN,0,0,0,0,0,0,0,0,0,0,6.06638224098788e-08,0.00054710719268769,0.0112006682902575,0.0360749773681164,0.0685070380568504,0.115404196083546,0.159120708703995,0.258344143629074
NaN,NaN,NaN,NaN,NaN,NaN,NaN,NaN,NaN,NaN,NaN,NaN,0,0,0,0,0,0,0,0,0,0,3.73981009715862e-07,0.00062036415329203,0.0119452606886625,0.0384563691914082,0.0720430538058281,0.119260370731354,0.161021918058395,0.258533030748367
NaN,NaN,NaN,NaN,NaN,NaN,NaN,NaN,NaN,NaN,NaN,0,0,0,0,0,0,0,0,0,0,0,6.16603131220472e-07,0.000773577485233545,0.0131372381001711,0.0413539297878742,0.0767822936177254,0.122908197343349,0.162779107689857,0.258875250816345
NaN,NaN,NaN,NaN,NaN,NaN,NaN,NaN,NaN,NaN,NaN,NaN,0,0,0,0,0,0,0,0,0,0,1.08602512227662e-06,0.000973609799984843,0.0150488587096334,0.0452704317867756,0.0817632004618645,0.126317411661148,0.164414212107658,0.259241819381714
NaN,NaN,NaN,NaN,NaN,NaN,NaN,NaN,NaN,NaN,NaN,NaN,NaN,0,0,0,0,0,0,0,0,0,2.48561696025718e-06,0.00127305707428604,0.0175437927246094,0.0502584427595139,0.0869662463665009,0.129536360502243,0.165934726595879,0.259632706642151
NaN,NaN,NaN,NaN,NaN,NaN,NaN,NaN,NaN,NaN,NaN,NaN,NaN,0,0,0,0,0,0,0,0,0,4.28168914368143e-06,0.00171018613036722,0.0206754393875599,0.0555289350450039,0.0926988273859024,0.133197352290154,0.168111234903336,0.260007977485657
NaN,NaN,NaN,NaN,NaN,NaN,NaN,NaN,NaN,NaN,NaN,NaN,NaN,NaN,0,0,0,0,0,0,0,0,8.93961168912938e-06,0.00220373924821615,0.0251228529959917,0.0613998956978321,0.0980201736092567,0.13648447394371,0.17052598297596,0.260445594787598
NaN,NaN,NaN,NaN,NaN,NaN,NaN,NaN,NaN,NaN,NaN,NaN,NaN,NaN,0,0,0,0,0,0,0,0,1.33645062305732e-05,0.00284504215233028,0.0298407860100269,0.068818137049675,0.103089421987534,0.139258414506912,0.172703385353088,0.260754644870758
NaN,NaN,NaN,NaN,NaN,NaN,NaN,NaN,NaN,NaN,NaN,NaN,NaN,NaN,NaN,0,0,0,0,0,0,0,1.86679972102866e-05,0.00350827374495566,0.0355490557849407,0.0756674557924271,0.109019204974174,0.141672059893608,0.174731314182281,0.261065721511841
NaN,NaN,NaN,NaN,NaN,NaN,NaN,NaN,NaN,NaN,NaN,NaN,NaN,NaN,NaN,0,0,0,0,0,0,0,2.58404834312387e-05,0.00418515643104911,0.0418968833982944,0.0824514627456665,0.114493258297443,0.144062370061874,0.176648408174515,0.261435598134995
NaN,NaN,NaN,NaN,NaN,NaN,NaN,NaN,NaN,NaN,NaN,NaN,NaN,NaN,NaN,0,0,0,0,0,0,0,3.25594119203743e-05,0.00475473701953888,0.0476782433688641,0.0905221551656723,0.118747606873512,0.146569222211838,0.178508132696152,0.261834919452667
NaN,NaN,NaN,NaN,NaN,NaN,NaN,NaN,NaN,NaN,NaN,NaN,NaN,NaN,NaN,0,0,0,0,0,0,0,3.99411801481619e-05,0.00550860492512584,0.0532070696353912,0.0977600365877151,0.12296299636364,0.148438274860382,0.18032118678093,0.262260138988495
NaN,NaN,NaN,NaN,NaN,NaN,NaN,NaN,NaN,NaN,NaN,NaN,NaN,NaN,NaN,0,0,0,0,0,0,0,4.69555707240943e-05,0.00597047386690974,0.05859599635005,0.104175746440887,0.127328410744667,0.149847149848938,0.182174637913704,0.262811183929443
NaN,NaN,NaN,NaN,NaN,NaN,NaN,NaN,NaN,NaN,NaN,NaN,NaN,NaN,NaN,0,0,0,0,0,0,0,5.22697555425111e-05,0.00665725115686655,0.0629539340734482,0.110514901578426,0.130692839622498,0.151017546653748,0.183836460113525,0.26364004611969
NaN,NaN,NaN,NaN,NaN,NaN,NaN,NaN,NaN,NaN,NaN,NaN,NaN,NaN,NaN,NaN,0,0,0,0,0,0,6.01196152274497e-05,0.00708448281511664,0.0671231895685196,0.116040274500847,0.133294269442558,0.152005091309547,0.185371175408363,0.264506042003632
NaN,NaN,NaN,NaN,NaN,NaN,NaN,NaN,NaN,NaN,NaN,NaN,NaN,NaN,NaN,NaN,0,0,0,0,NaN,0,6.48300629109144e-05,0.00752782914787531,0.0707998275756836,0.120604574680328,0.135622441768646,0.152599081397057,0.186820164322853,0.265396803617477
NaN,NaN,NaN,NaN,NaN,NaN,NaN,NaN,NaN,NaN,NaN,NaN,NaN,NaN,NaN,NaN,0,0,0,0,NaN,0,7.46202058508061e-05,0.00814176443964243,0.07342379540205,0.124617032706738,0.137382134795189,0.152817592024803,0.188197508454323,0.266312301158905
NaN,NaN,NaN,NaN,NaN,NaN,NaN,NaN,NaN,NaN,NaN,NaN,NaN,NaN,NaN,NaN,0,0,0,0,0,0,7.86766395322047e-05,0.00860468950122595,0.0759501531720161,0.127933442592621,0.138481825590134,0.152752459049225,0.189548492431641,0.267339557409286
NaN,NaN,NaN,NaN,NaN,NaN,NaN,NaN,NaN,NaN,NaN,NaN,NaN,NaN,NaN,NaN,0,0,0,0,0,0,9.36464275582694e-05,0.00937660131603479,0.0777914300560951,0.130362823605537,0.13891227543354,0.152448400855064,0.190872043371201,0.268506795167923
NaN,NaN,NaN,NaN,NaN,NaN,NaN,NaN,NaN,NaN,NaN,NaN,NaN,NaN,NaN,NaN,0,0,0,0,0,0,0.000101558674941771,0.0101885451003909,0.0793999582529068,0.131941303610802,0.138919070363045,0.15190801024437,0.191974297165871,0.269512146711349
NaN,NaN,NaN,NaN,NaN,NaN,NaN,NaN,NaN,NaN,NaN,NaN,NaN,NaN,NaN,NaN,0,0,0,0,0,0,0.000117399729788303,0.0106777455657721,0.08085997402668,0.132815569639206,0.138363942503929,0.151151686906815,0.192786172032356,0.270608156919479
NaN,NaN,NaN,NaN,NaN,NaN,NaN,NaN,NaN,NaN,NaN,NaN,NaN,NaN,NaN,NaN,0,0,0,0,0,0,0.00012337182124611,0.0112282196059823,0.0814318582415581,0.13308347761631,0.137180730700493,0.150243192911148,0.193627133965492,0.271732211112976
NaN,NaN,NaN,NaN,NaN,NaN,NaN,NaN,NaN,NaN,NaN,NaN,NaN,NaN,NaN,NaN,NaN,0,0,0,0,7.84153089683493e-11,0.000137920927954838,0.0113225718960166,0.0822055041790009,0.132319554686546,0.135356262326241,0.149196848273277,0.194482445716858,0.272876858711243
NaN,NaN,NaN,NaN,NaN,NaN,NaN,NaN,NaN,NaN,NaN,NaN,NaN,NaN,NaN,NaN,NaN,0,0,0,0,2.79857092361224e-11,0.000155964982695878,0.011286361142993,0.0824328362941742,0.131291836500168,0.132837951183319,0.14811435341835,0.195309609174728,0.274097114801407
NaN,NaN,NaN,NaN,NaN,NaN,NaN,NaN,NaN,NaN,NaN,NaN,NaN,NaN,NaN,NaN,NaN,0,0,0,0,4.12627515489206e-10,0.000161491596372798,0.0115519482642412,0.0818284675478935,0.130058288574219,0.129746168851852,0.146868675947189,0.196044817566872,0.27561229467392
NaN,NaN,NaN,NaN,NaN,NaN,NaN,NaN,NaN,NaN,NaN,NaN,NaN,NaN,NaN,NaN,NaN,0,0,0,0,1.40137151882769e-10,0.00018579226161819,0.0115627637133002,0.0817592144012451,0.12803703546524,0.126508384943008,0.145159333944321,0.196802735328674,0.277199476957321
NaN,NaN,NaN,NaN,NaN,NaN,NaN,NaN,NaN,NaN,NaN,NaN,NaN,0,NaN,NaN,NaN,0,0,0,0,3.05358183183557e-09,0.0002066308807116,0.0117561658844352,0.0815769359469414,0.125702947378159,0.12297810614109,0.143313691020012,0.197605967521667,0.278823673725128
NaN,NaN,NaN,NaN,NaN,NaN,NaN,NaN,NaN,NaN,NaN,NaN,NaN,0,NaN,NaN,0,0,0,0,0,2.08278991276067e-10,0.000224199335207231,0.0124004492536187,0.0811478942632675,0.123551152646542,0.11913838237524,0.141414448618889,0.198413699865341,0.280423939228058
NaN,NaN,NaN,NaN,NaN,NaN,NaN,NaN,NaN,NaN,NaN,NaN,NaN,0,0,NaN,0,0,0,0,0,0,0.000257714738836512,0.0131525937467813,0.0814165025949478,0.121490485966206,0.115224912762642,0.139939934015274,0.198794573545456,0.281655043363571
NaN,NaN,NaN,NaN,NaN,NaN,NaN,NaN,NaN,NaN,NaN,NaN,NaN,0,0,NaN,0,0,0,0,0,9.96298266109363e-10,0.000259708904195577,0.0142837464809418,0.0824397578835487,0.119328923523426,0.111511163413525,0.138533279299736,0.199121087789536,0.282883942127228
NaN,NaN,NaN,NaN,NaN,NaN,NaN,NaN,NaN,NaN,NaN,NaN,NaN,0,0,NaN,0,0,0,0,0,0,0.000324687454849482,0.0157520733773708,0.0836203619837761,0.117597177624702,0.10844287276268,0.137013286352158,0.19956910610199,0.28416034579277
NaN,NaN,NaN,NaN,NaN,NaN,NaN,NaN,NaN,NaN,NaN,NaN,NaN,0,0,NaN,0,0,0,0,0,4.20874073370214e-08,0.000377221498638391,0.0170474853366613,0.0855528637766838,0.116607971489429,0.106004387140274,0.135202452540398,0.200102165341377,0.285491287708282
NaN,NaN,NaN,NaN,NaN,NaN,NaN,NaN,NaN,NaN,NaN,NaN,NaN,0,0,0,0,0,0,0,0,1.11356202037172e-09,0.000458089169114828,0.018656462430954,0.0882669910788536,0.116063922643661,0.104315124452114,0.133527144789696,0.200520932674408,0.287046700716019
NaN,NaN,NaN,NaN,NaN,NaN,NaN,NaN,NaN,NaN,NaN,NaN,NaN,0,0,0,0,0,0,0,0,1.19247417273982e-07,0.000529599550645798,0.0208174809813499,0.0912615731358528,0.116203866899014,0.103096283972263,0.132044225931168,0.200916230678558,0.288696140050888
NaN,NaN,NaN,NaN,NaN,NaN,NaN,NaN,NaN,NaN,NaN,NaN,NaN,0,0,0,0,0,0,0,0,6.74980128678726e-07,0.000732425251044333,0.0234774872660637,0.0947471186518669,0.117116242647171,0.102339453995228,0.130757600069046,0.201394081115723,0.290393829345703
NaN,NaN,NaN,NaN,NaN,NaN,NaN,NaN,NaN,NaN,NaN,NaN,NaN,0,0,0,0,0,0,0,0,1.39915584895789e-06,0.000984455225989223,0.0266770012676716,0.0985317602753639,0.118824608623981,0.101936668157578,0.129547104239464,0.20198717713356,0.292247205972672
NaN,NaN,NaN,NaN,NaN,NaN,NaN,NaN,NaN,NaN,NaN,NaN,NaN,0,0,0,0,0,0,0,0,3.098267598034e-06,0.00118114321958274,0.0306116733700037,0.102166146039963,0.121133662760258,0.101871348917484,0.128638505935669,0.202650010585785,0.293828070163727
NaN,NaN,NaN,NaN,NaN,NaN,NaN,NaN,NaN,NaN,NaN,NaN,NaN,0,0,0,0,0,0,0,0,6.23363985141623e-06,0.00152866216376424,0.0353720895946026,0.105468444526196,0.123545125126839,0.102413237094879,0.127868577837944,0.203314289450645,0.295099020004272
NaN,NaN,NaN,NaN,NaN,NaN,NaN,NaN,NaN,NaN,NaN,NaN,NaN,0,0,0,0,0,0,0,0,1.54121298692189e-05,0.00199062190949917,0.0405695140361786,0.108512356877327,0.125915825366974,0.103545874357224,0.127202063798904,0.203773483633995,0.29632642865181
NaN,NaN,NaN,NaN,NaN,NaN,NaN,NaN,NaN,NaN,NaN,NaN,NaN,0,0,0,0,0,0,0,1.53149784520856e-11,3.55238043994177e-05,0.00272746267728508,0.0460668839514256,0.111049942672253,0.12789911031723,0.104974702000618,0.126629903912544,0.20444130897522,0.297565042972565
NaN,NaN,NaN,NaN,NaN,NaN,NaN,NaN,NaN,NaN,NaN,NaN,NaN,0,0,0,0,0,0,0,9.87371642779955e-12,6.50296278763562e-05,0.00396145693957806,0.0513131245970726,0.112712055444717,0.129359573125839,0.106421545147896,0.126470327377319,0.204928293824196,0.298849165439606
NaN,NaN,NaN,NaN,NaN,NaN,NaN,NaN,NaN,NaN,NaN,NaN,NaN,0,0,0,0,0,0,0,6.42690345387109e-10,0.000134815694764256,0.00570192001760006,0.0561815686523914,0.113125272095203,0.130185827612877,0.107999600470066,0.126390129327774,0.205354675650597,0.30017876625061
NaN,NaN,NaN,NaN,NaN,NaN,NaN,NaN,NaN,NaN,NaN,NaN,NaN,0,0,0,0,0,0,0,3.00715683465569e-08,0.000327493937220424,0.0076725441031158,0.06013398244977,0.112671077251434,0.130144774913788,0.109589189291,0.126476839184761,0.205977603793144,0.301882952451706
NaN,NaN,NaN,NaN,NaN,NaN,NaN,NaN,NaN,NaN,NaN,NaN,NaN,0,0,0,0,0,0,0,1.88618446372857e-06,0.000769793288782239,0.00997248105704784,0.0626236721873283,0.111109390854836,0.129660621285439,0.111251905560493,0.126732125878334,0.206796407699585,0.303986877202988
NaN,NaN,NaN,NaN,NaN,NaN,NaN,NaN,NaN,NaN,NaN,NaN,NaN,0,0,0,0,0,0,3.16483124598963e-15,2.47051302721957e-05,0.0015511498786509,0.0127016985788941,0.063367486000061,0.108579568564892,0.128964766860008,0.113204598426819,0.127238273620605,0.207530796527863,0.305383890867233
NaN,NaN,NaN,NaN,NaN,NaN,NaN,NaN,NaN,NaN,NaN,NaN,NaN,0,0,0,0,0,0,8.62624578017889e-19,0.000110388369648717,0.00271362555213273,0.0156478192657232,0.0629378408193588,0.105160385370255,0.128626480698586,0.115059740841389,0.128014981746674,0.208410412073135,0.306805014610291
NaN,NaN,NaN,NaN,NaN,NaN,NaN,NaN,NaN,NaN,NaN,NaN,NaN,0,0,0,0,0,0,8.23854691134329e-08,0.000293624820187688,0.00446442561224103,0.0188466645777225,0.0620339438319206,0.101327016949654,0.128957435488701,0.117150731384754,0.128637298941612,0.209601193666458,0.308300614356995
NaN,NaN,NaN,NaN,NaN,NaN,NaN,NaN,NaN,NaN,NaN,NaN,NaN,0,0,0,0,0,0,2.95369841296633e-06,0.000605670502409339,0.00695099541917443,0.022788492962718,0.0614134185016155,0.0979920104146004,0.13014343380928,0.119081422686577,0.129668205976486,0.210449233651161,0.309870660305023
NaN,NaN,NaN,NaN,NaN,NaN,NaN,NaN,NaN,NaN,NaN,NaN,NaN,0,0,0,0,0,0,1.3038368706475e-05,0.00109477993100882,0.0102718193084002,0.0289317648857832,0.0617013610899448,0.0958152860403061,0.132038831710815,0.121208287775517,0.130838707089424,0.211175709962845,0.311574012041092
NaN,NaN,NaN,NaN,NaN,NaN,NaN,NaN,NaN,NaN,NaN,0,0,0,0,0,0,0,7.5596376380993e-11,3.11085095745511e-05,0.00184092170093209,0.0148842614144087,0.0381310507655144,0.0636925622820854,0.0951024666428566,0.135023772716522,0.123172052204609,0.132028251886368,0.212189927697182,0.313594669103622
NaN,NaN,NaN,NaN,NaN,NaN,NaN,NaN,NaN,NaN,0,0,0,0,0,0,0,0,9.06337449535499e-10,6.31386938039213e-05,0.00297095556743443,0.0215300042182207,0.0493104718625546,0.0677563846111298,0.0961703807115555,0.1388139128685,0.125109940767288,0.133391380310059,0.213367477059364,0.315319806337357
NaN,NaN,NaN,NaN,NaN,NaN,NaN,NaN,NaN,NaN,0,0,0,0,0,0,0,0,4.29695603543223e-08,0.000117514384328388,0.00451715756207705,0.0297710224986076,0.0610642097890377,0.0743489563465118,0.0989954173564911,0.143510013818741,0.127123162150383,0.135027140378952,0.214399397373199,0.316415280103683
NaN,NaN,NaN,NaN,NaN,NaN,NaN,NaN,NaN,NaN,NaN,0,0,0,0,0,0,0,1.2806475524485e-06,0.000176623550942168,0.00658483058214188,0.0385403372347355,0.0744705498218536,0.0843275338411331,0.10391391068697,0.148690551519394,0.128987908363342,0.136963725090027,0.215583980083466,0.317634999752045
NaN,NaN,NaN,NaN,NaN,NaN,NaN,NaN,NaN,NaN,NaN,0,0,0,0,0,0,0,3.151696319037e-06,0.000267314142547548,0.00898170564323664,0.0474951155483723,0.0912318155169487,0.0978821069002151,0.111270613968372,0.15403239428997,0.131095319986343,0.138644769787788,0.21694815158844,0.318939715623856
NaN,NaN,NaN,NaN,NaN,NaN,NaN,NaN,NaN,NaN,NaN,0,0,0,0,0,0,0,6.85950544720981e-06,0.000399799348087981,0.0115912156179547,0.0567326359450817,0.109326533973217,0.114724107086658,0.120639972388744,0.159554988145828,0.132860153913498,0.141065329313278,0.217922657728195,0.320329457521439
NaN,NaN,NaN,NaN,NaN,NaN,NaN,NaN,NaN,NaN,NaN,0,0,0,0,0,0,1.715328573626e-11,1.28289366330137e-05,0.000579164654482156,0.0143300211057067,0.0660941675305367,0.127736538648605,0.134941682219505,0.131509125232697,0.165365636348724,0.134886056184769,0.143214479088783,0.218831390142441,0.322131842374802
NaN,NaN,NaN,NaN,NaN,NaN,NaN,NaN,NaN,NaN,NaN,0,0,0,0,0,0,1.63504348948962e-10,2.36015821428737e-05,0.000641383696347475,0.0169414058327675,0.075402207672596,0.145226806402206,0.15673902630806,0.144493669271469,0.170747935771942,0.136579304933548,0.145635828375816,0.220031946897507,0.324792683124542
NaN,NaN,NaN,NaN,NaN,NaN,NaN,NaN,NaN,NaN,NaN,0,0,0,0,0,0,7.38970162839081e-10,4.67318604933098e-05,0.000999717274680734,0.02005710080266,0.0844747275114059,0.161094576120377,0.178617164492607,0.158798977732658,0.175575166940689,0.138468533754349,0.147992849349976,0.221437335014343,0.326498687267303
NaN,NaN,NaN,NaN,NaN,NaN,NaN,NaN,NaN,NaN,NaN,0,0,0,0,0,0,3.85703913252655e-09,6.91056848154403e-05,0.0012580327456817,0.0229235254228115,0.0929246172308922,0.175511464476585,0.19912751019001,0.17305301129818,0.180152714252472,0.140233546495438,0.150742828845978,0.222876161336899,0.327302515506744
NaN,NaN,NaN,NaN,NaN,NaN,NaN,NaN,NaN,NaN,NaN,0,0,0,0,NaN,0,2.37038619843588e-08,9.40572863328271e-05,0.00159325089771301,0.0257897097617388,0.0997472405433655,0.188501283526421,0.21673496067524,0.186813697218895,0.184370577335358,0.141973823308945,0.153524041175842,0.224663108587265,0.328183859586716
NaN,NaN,NaN,NaN,NaN,NaN,NaN,NaN,NaN,NaN,NaN,NaN,0,0,0,0,0,9.45771655436189e-11,9.48550732573494e-05,0.00195985310710967,0.0294167399406433,0.105707325041294,0.20023001730442,0.231124430894852,0.200013339519501,0.187817454338074,0.143909201025963,0.155775666236877,0.226575180888176,0.329547852277756
NaN,NaN,NaN,NaN,NaN,NaN,NaN,NaN,NaN,NaN,NaN,NaN,0,0,0,0,0,5.90917936804658e-09,0.000140398609801196,0.00250422605313361,0.0336595550179482,0.111550830304623,0.210835784673691,0.242942035198212,0.211956813931465,0.190488040447235,0.145511299371719,0.159032538533211,0.227798610925674,0.331535637378693
NaN,NaN,NaN,NaN,NaN,NaN,NaN,NaN,NaN,NaN,NaN,NaN,0,0,0,0,0,5.27843972975006e-08,0.000153399421833456,0.00329998089000583,0.0378136113286018,0.117069326341152,0.220468401908875,0.252556055784225,0.221712023019791,0.192884057760239,0.147599130868912,0.16135385632515,0.229360729455948,0.333912312984467
NaN,NaN,NaN,NaN,NaN,NaN,NaN,NaN,NaN,NaN,NaN,NaN,0,0,0,0,0,1.90829453572405e-07,0.000218574205064215,0.00417752098292112,0.0416060052812099,0.122238084673882,0.229183122515678,0.260084271430969,0.229480922222137,0.194793447852135,0.148924514651299,0.164300978183746,0.231261938810349,0.336960762739182
NaN,NaN,NaN,NaN,NaN,NaN,NaN,NaN,NaN,NaN,NaN,NaN,0,0,0,0,0,2.07708262678352e-06,0.00042825352284126,0.00492929434403777,0.0440832711756229,0.127753496170044,0.236863985657692,0.265503108501434,0.235754176974297,0.195725157856941,0.150985196232796,0.16643363237381,0.232806742191315,0.337412685155869
NaN,NaN,NaN,NaN,NaN,NaN,NaN,NaN,NaN,NaN,NaN,NaN,0,0,0,0,0,5.34015316588921e-06,0.000547242059838027,0.00564214214682579,0.0462841354310513,0.133711963891983,0.243291854858398,0.268883943557739,0.240654215216637,0.196428164839745,0.151885956525803,0.16987407207489,0.235186949372292,0.337326645851135
NaN,NaN,NaN,NaN,NaN,NaN,NaN,NaN,NaN,NaN,NaN,NaN,0,0,0,0,0,2.04454227059614e-05,0.000674848852213472,0.00653174379840493,0.0493278615176678,0.138700112700462,0.248106271028519,0.27035716176033,0.244031354784966,0.196794331073761,0.15376715362072,0.170981496572495,0.239224523305893,0.337240725755692
NaN,NaN,NaN,NaN,NaN,NaN,NaN,NaN,NaN,NaN,NaN,NaN,0,0,0,0,0,4.21987060690299e-05,0.00078204192686826,0.00740148033946753,0.0533027164638042,0.143442839384079,0.251111418008804,0.270082950592041,0.246325716376305,0.196324720978737,0.154166996479034,0.174459278583527,0.240760624408722,0.33715495467186
NaN,NaN,NaN,NaN,NaN,NaN,NaN,NaN,NaN,NaN,NaN,NaN,0,0,0,0,0,3.11276235152036e-05,0.000948944361880422,0.00876551773399115,0.0571500435471535,0.148603826761246,0.252192825078964,0.268308579921722,0.247770175337791,0.195861279964447,0.155799880623817,0.176926225423813,0.240662127733231,0.33706933259964
NaN,NaN,NaN,NaN,NaN,NaN,NaN,NaN,NaN,NaN,NaN,0,0,0,0,0,0,2.27403488679556e-05,0.000595459772739559,0.0101525997743011,0.0613440051674843,0.153804197907448,0.251571804285049,0.265328854322433,0.248311117291451,0.195242881774902,0.155899435281754,0.176888987421989,0.240563690662384,0.336983859539032
NaN,NaN,NaN,NaN,NaN,NaN,NaN,NaN,NaN,NaN,NaN,0,0,0,0,0,1.03050069810706e-06,5.57659186597448e-05,0.000666635285597295,0.0129217905923724,0.0668729022145271,0.159380584955215,0.249350801110268,0.261301279067993,0.247387424111366,0.193700909614563,0.157279074192047,0.183276280760765,0.25092139840126,0.351506978273392
NaN,NaN,NaN,NaN,NaN,NaN,NaN,NaN,NaN,NaN,NaN,0,0,0,0,0,9.39191795623628e-06,0.000116300136141945,0.000768560857977718,0.0152946738526225,0.0709928199648857,0.16428829729557,0.245948866009712,0.256745189428329,0.245752245187759,0.192734435200691,0.157342448830605,0.183317705988884,0.251024276018143,0.351599246263504
NaN,NaN,NaN,NaN,NaN,NaN,NaN,NaN,NaN,NaN,0,0,0,0,0,5.97328941864816e-09,3.73636976291891e-05,0.000233670958550647,0.00104648189153522,0.0175123307853937,0.0752890855073929,0.168987393379211,0.242089852690697,0.251968413591385,0.243652656674385,0.191655337810516,0.158820956945419,0.186129495501518,0.25112721323967,0.351691693067551
NaN,NaN,NaN,NaN,NaN,NaN,NaN,NaN,NaN,NaN,0,0,0,0,0,1.55793532030657e-06,9.07988360268064e-05,0.000469392485683784,0.00189610559027642,0.0198530349880457,0.080364428460598,0.173232033848763,0.238452196121216,0.246867537498474,0.241290792822838,0.190269216895103,0.159249737858772,0.190304979681969,0.253112107515335,0.351784288883209
0,NaN,NaN,NaN,NaN,NaN,NaN,NaN,NaN,NaN,0,0,0,0,2.72817257673807e-09,1.43162333188229e-05,0.000160899755428545,0.0011198294814676,0.00414976896718144,0.0233402419835329,0.0850312486290932,0.177043601870537,0.235134601593018,0.241558611392975,0.238799065351486,0.18927688896656,0.161269530653954,0.191661506891251,0.257920503616333,0.35187703371048
0,NaN,NaN,NaN,NaN,NaN,NaN,NaN,NaN,NaN,0,0,0,0,5.72899978124042e-07,3.4497061278671e-05,0.00033462667488493,0.00293206330388784,0.00783712882548571,0.0278222169727087,0.0892265737056732,0.180067166686058,0.231579497456551,0.236315682530403,0.236432760953903,0.188537046313286,0.162558123469353,0.195591241121292,0.260692030191422,0.351969957351685
0,0,NaN,NaN,NaN,NaN,NaN,NaN,NaN,NaN,NaN,0,0,0,4.36149593951995e-06,6.89272419549525e-05,0.000775552005507052,0.00591732095927,0.0136905340477824,0.0328572206199169,0.0930727049708366,0.181942149996758,0.227770462632179,0.231503412127495,0.234418049454689,0.188342913985252,0.164976045489311,0.198559403419495,0.262598752975464,0.352384150028229
0,0,NaN,NaN,NaN,NaN,NaN,NaN,NaN,NaN,NaN,0,0,0,1.19159030873561e-05,0.000158528971951455,0.00173854909371585,0.0109475990757346,0.0205811448395252,0.0395833067595959,0.0964603573083878,0.182914972305298,0.22429196536541,0.227291375398636,0.232874572277069,0.18872432410717,0.167098492383957,0.201813369989395,0.265695840120316,0.354343801736832
0,0,NaN,NaN,NaN,NaN,NaN,NaN,NaN,NaN,0,0,0,0,2.40611589106265e-05,0.000309389753965661,0.00397440697997808,0.0168399177491665,0.0295153111219406,0.047298539429903,0.0999856218695641,0.183651655912399,0.221441313624382,0.223776787519455,0.232068195939064,0.189950510859489,0.169817134737968,0.20502482354641,0.268408238887787,0.35588064789772
0,0,NaN,NaN,NaN,NaN,NaN,NaN,NaN,NaN,0,0,0,0,3.70197849406395e-05,0.000531322089955211,0.00653620855882764,0.023164751008153,0.0376047678291798,0.0544080436229706,0.103226132690907,0.184199541807175,0.219307497143745,0.221224009990692,0.232453346252441,0.19155777990818,0.172343224287033,0.2099579423666,0.270636975765228,0.357196122407913
0,NaN,NaN,NaN,NaN,NaN,NaN,NaN,NaN,0,0,0,0,0,4.49793151346967e-05,0.000830466160550714,0.00906130578368902,0.0283435508608818,0.0441270992159843,0.0609801411628723,0.10691374540329,0.184594079852104,0.217991679906845,0.220271542668343,0.233859091997147,0.193493962287903,0.175356402993202,0.213545382022858,0.274195939302444,0.358218282461166
0,0,NaN,NaN,NaN,NaN,NaN,NaN,NaN,0,0,0,0,0,6.4203079091385e-05,0.0013525492977351,0.0116045828908682,0.0326759964227676,0.0506617166101933,0.0680695399641991,0.111619241535664,0.184676453471184,0.21760131418705,0.221059173345566,0.235905602574348,0.196002289652824,0.178033977746964,0.217060640454292,0.277428209781647,0.359021067619324
0,0,NaN,NaN,NaN,NaN,NaN,NaN,NaN,0,0,0,0,1.49161465401448e-08,8.42849258333445e-05,0.00183090684004128,0.0137979025021195,0.0366147421300411,0.0571029782295227,0.0757689028978348,0.117695398628712,0.184262618422508,0.218019142746925,0.222585991024971,0.23841480910778,0.198486983776093,0.180971786379814,0.219910278916359,0.279952496290207,0.359784990549088
NaN,0,NaN,NaN,NaN,NaN,NaN,NaN,NaN,0,0,0,0,3.00273299558285e-08,9.51222609728575e-05,0.00237734522670507,0.0156836062669754,0.0397955849766731,0.0635165199637413,0.0845358744263649,0.124682620167732,0.183234125375748,0.219015449285507,0.224122673273087,0.241114005446434,0.201342448592186,0.183704733848572,0.222560197114944,0.282555371522903,0.36092284321785
0,NaN,NaN,NaN,NaN,NaN,NaN,NaN,NaN,0,0,0,0,1.77495294906294e-07,0.00011513947538333,0.0025853686966002,0.0172146633267403,0.0426705107092857,0.0705960839986801,0.0943367853760719,0.13206422328949,0.182764872908592,0.220138132572174,0.225288167595863,0.243647918105125,0.20453654229641,0.186288729310036,0.225155502557755,0.285388112068176,0.362458765506744
0,NaN,NaN,NaN,NaN,NaN,NaN,NaN,NaN,0,0,0,0,5.91795867421752e-07,0.000156895926920697,0.0026687472127378,0.0187527053058147,0.0460323132574558,0.0786577761173248,0.103760413825512,0.139958962798119,0.183694511651993,0.221160754561424,0.22584655880928,0.245763152837753,0.208064362406731,0.189046129584312,0.227747589349747,0.287907272577286,0.36369201540947
0,NaN,NaN,NaN,NaN,NaN,NaN,NaN,NaN,0,0,0,0,3.28792111758958e-07,0.00017440265219193,0.0032555484212935,0.0194189473986626,0.0480732992291451,0.085975356400013,0.114429347217083,0.148574352264404,0.185929417610168,0.222009927034378,0.225695818662643,0.247463539242744,0.211707189679146,0.191352009773254,0.230515986680984,0.290512293577194,0.3647840321064
0,NaN,NaN,NaN,NaN,NaN,NaN,NaN,NaN,0,0,0,0,3.78322368987938e-08,9.85062797553837e-05,0.00351218692958355,0.0190443657338619,0.0491503775119781,0.0930140167474747,0.126049786806107,0.158340930938721,0.189335033297539,0.222750082612038,0.224974900484085,0.248412281274796,0.215125843882561,0.193973705172539,0.232632473111153,0.293636351823807,0.36584410071373
0,NaN,NaN,NaN,NaN,NaN,NaN,NaN,NaN,0,0,0,0,3.94724679608771e-08,5.5680862715235e-05,0.00355755141936243,0.0182418916374445,0.0505169741809368,0.0996691510081291,0.138370767235756,0.170184075832367,0.193690434098244,0.223557978868484,0.223786860704422,0.248498022556305,0.218722060322762,0.196282088756561,0.23510205745697,0.296429008245468,0.366872221231461
0,NaN,NaN,NaN,NaN,NaN,NaN,NaN,0,0,0,0,0,2.52986875892702e-09,2.77111830655485e-05,0.00262827356345952,0.0173879899084568,0.0523814149200916,0.106051467359066,0.151636049151421,0.183710873126984,0.199173018336296,0.224369570612907,0.222554802894592,0.24780684709549,0.222083657979965,0.199040055274963,0.237748205661774,0.298871219158173,0.367900311946869
0,NaN,NaN,NaN,NaN,NaN,NaN,NaN,0,0,0,0,0,2.74526321814017e-11,3.00001320283627e-05,0.00165387289598584,0.0156184043735266,0.0537808164954185,0.11214704066515,0.164070978760719,0.197552472352982,0.205545768141747,0.224898844957352,0.221705108880997,0.246584236621857,0.225295573472977,0.201819360256195,0.24036905169487,0.301508098840714,0.36958384513855
0,NaN,NaN,NaN,NaN,NaN,NaN,NaN,NaN,NaN,0,0,0,0,3.2862248190213e-05,0.00146375526674092,0.014645398594439,0.0553594939410686,0.11767315864563,0.176219701766968,0.211775779724121,0.212987542152405,0.225706249475479,0.221313640475273,0.244941979646683,0.22830705344677,0.204566776752472,0.243079796433449,0.30408388376236,0.371503233909607
0,0,NaN,NaN,NaN,NaN,NaN,NaN,NaN,0,0,0,0,0,3.25261426041834e-05,0.00129560276400298,0.0143188200891018,0.0567735880613327,0.122846104204655,0.188576996326447,0.226575583219528,0.222149208188057,0.226898953318596,0.221535265445709,0.243092238903046,0.230746448040009,0.207424908876419,0.245972871780396,0.306527107954025,0.373339086771011
0,0,NaN,NaN,NaN,NaN,NaN,NaN,NaN,0,0,0,0,0,1.73689186340198e-05,0.00120464607607573,0.0138491112738848,0.0584599114954472,0.127210035920143,0.200597807765007,0.241948962211609,0.233219549059868,0.228365823626518,0.222170367836952,0.241256967186928,0.232907652854919,0.209854364395142,0.248970568180084,0.309160262346268,0.375128835439682
0,0,NaN,NaN,NaN,NaN,NaN,NaN,NaN,0,0,0,0,0,1.21706179925241e-05,0.000580983818508685,0.0126232504844666,0.0587080828845501,0.130955874919891,0.210852146148682,0.257302194833755,0.245733395218849,0.230218976736069,0.222852468490601,0.239449381828308,0.234531298279762,0.212513148784637,0.25156632065773,0.31212517619133,0.376881539821625
0,0,0,NaN,NaN,NaN,NaN,NaN,NaN,0,0,0,0,0,6.87962983647594e-06,0.000424145604483783,0.0111893806606531,0.0570958033204079,0.131497636437416,0.219667583703995,0.27139937877655,0.259391665458679,0.232541531324387,0.223457932472229,0.237591430544853,0.235808297991753,0.214866816997528,0.254197180271149,0.314988225698471,0.378597229719162
0,0,0,NaN,NaN,NaN,NaN,NaN,NaN,0,0,0,0,0,2.78572701972735e-06,0.00035176330129616,0.00993870012462139,0.056349441409111,0.130818426609039,0.226366251707077,0.283231973648071,0.273745566606522,0.235434979200363,0.223833099007607,0.235707938671112,0.236584529280663,0.217228159308434,0.256710916757584,0.317801296710968,0.380314201116562
0,0,0,NaN,0,NaN,NaN,NaN,NaN,0,0,0,0,0,1.26139548228821e-06,0.000280460459180176,0.00885577592998743,0.0560871511697769,0.129664987325668,0.230111107230186,0.293453991413116,0.287939161062241,0.238463848829269,0.223920971155167,0.233797490596771,0.237071216106415,0.219345852732658,0.259063631296158,0.320720642805099,0.382592499256134
0,0,0,0,0,NaN,NaN,NaN,NaN,0,0,0,0,0,1.07197718079988e-06,0.000216335887671448,0.00774627970531583,0.0553420633077621,0.129131734371185,0.231253758072853,0.302110463380814,0.301876693964005,0.241227701306343,0.223694935441017,0.231915012001991,0.237112253904343,0.221432834863663,0.261325269937515,0.323600322008133,0.384709686040878
0,0,0,0,0,NaN,NaN,NaN,NaN,0,0,0,0,0,5.33410343450669e-07,0.000228929871809669,0.0071437768638134,0.0539233237504959,0.127574145793915,0.231419458985329,0.308199763298035,0.315436452627182,0.244526863098145,0.223216578364372,0.230105042457581,0.236670598387718,0.223328739404678,0.263465017080307,0.326422333717346,0.386629402637482
0,0,0,0,0,0,0,NaN,0,0,0,0,0,0,1.13570621351755e-07,0.00025324581656605,0.00635029608383775,0.0525559298694134,0.125139132142067,0.229682669043541,0.312983423471451,0.328640818595886,0.248831704258919,0.22278468310833,0.228383272886276,0.23589451611042,0.224851652979851,0.265611469745636,0.329300582408905,0.38853845000267
0,0,0,0,0,0,0,NaN,0,0,0,0,0,0,1.33521677980752e-06,0.000135119422338903,0.00584214460104704,0.05038683116436,0.122938305139542,0.225920855998993,0.317098677158356,0.34143391251564,0.254511892795563,0.222797155380249,0.226785257458687,0.2345170378685,0.226219773292542,0.267486304044724,0.33238211274147,0.390436798334122
0,0,0,0,0,0,NaN,NaN,0,0,0,0,0,0,2.26894485422235e-06,0.000175776323885657,0.00551487319171429,0.047794733196497,0.118951931595802,0.221656829118729,0.319845527410507,0.35381406545639,0.262483447790146,0.223494797945023,0.225186213850975,0.232661619782448,0.227053999900818,0.26937335729599,0.33539405465126,0.392172485589981
0,0,0,0,0,0,NaN,0,0,0,0,0,0,0,3.43059946317226e-06,0.000317782833008096,0.00585604878142476,0.0455003418028355,0.11407507956028,0.215552344918251,0.321531116962433,0.365753829479218,0.272957414388657,0.22490930557251,0.223690167069435,0.230160355567932,0.22788017988205,0.271194458007813,0.337959676980972,0.393502444028854
0,0,0,0,0,0,NaN,0,0,0,0,0,0,0,5.3649546316592e-06,0.000489910366013646,0.00684459740296006,0.0436091981828213,0.109322108328342,0.20924499630928,0.321491211652756,0.376851588487625,0.285506993532181,0.227089911699295,0.222517654299736,0.226821079850197,0.228521719574928,0.272880375385284,0.340409725904465,0.394941002130508
0,0,0,0,0,NaN,0,0,0,0,0,0,0,0,9.19528338272357e-06,0.000696867879014462,0.00831596180796623,0.0427324734628201,0.104170463979244,0.203903779387474,0.319832801818848,0.386849999427795,0.30017414689064,0.230340495705605,0.221559226512909,0.22296679019928,0.228868335485458,0.274460077285767,0.342873334884644,0.396466702222824
0,0,0,0,0,NaN,NaN,0,0,0,0,0,0,0,1.0810123058036e-05,0.00105176621582359,0.0108437947928905,0.0419159345328808,0.100328385829926,0.198115423321724,0.319282710552216,0.395312339067459,0.316114842891693,0.234581664204597,0.220826581120491,0.218635812401772,0.228951707482338,0.276041507720947,0.345329165458679,0.397884458303452
0,0,0,0,0,NaN,0,0,0,0,0,0,0,0,8.84021301317262e-06,0.00124958890955895,0.0149735305458307,0.041805699467659,0.0968867018818855,0.193955153226852,0.318767637014389,0.403574705123901,0.33260041475296,0.239696323871613,0.220341414213181,0.213961720466614,0.228723764419556,0.277566850185394,0.34776782989502,0.399290323257446
0,0,0,0,0,0,0,0,0,0,0,0,0,0,4.25516464019893e-06,0.00108091451693326,0.0164089649915695,0.0425677224993706,0.0949668735265732,0.190144136548042,0.319559037685394,0.412073463201523,0.349784642457962,0.246320500969887,0.219618603587151,0.209344238042831,0.228418231010437,0.279114067554474,0.350243031978607,0.400671273469925
0,0,0,0,0,0,0,0,0,0,0,0,0,0,7.89969249126443e-07,0.000537127838470042,0.0120463026687503,0.042478047311306,0.0933806970715523,0.188540458679199,0.321577847003937,0.420091658830643,0.367249578237534,0.2545485496521,0.218760132789612,0.204681739211082,0.227896958589554,0.280744403600693,0.35269895195961,0.401988565921783
0,0,0,0,0,0,0,0,0,0,0,0,0,0,1.14231930581354e-07,0.000164352561114356,0.00584895582869649,0.0384756587445736,0.0937138870358467,0.188221409916878,0.323387205600739,0.429241210222244,0.385213494300842,0.264266133308411,0.217661261558533,0.199833437800407,0.22779156267643,0.281953483819962,0.355232506990433,0.403297811746597
0,0,0,0,0,0,0,0,0,0,0,0,0,0,3.98841636800595e-12,9.22344115679152e-05,0.00248043984174728,0.0324988812208176,0.0944659188389778,0.18932668864727,0.326682984828949,0.437726467847824,0.403248339891434,0.275477468967438,0.216290414333344,0.195025429129601,0.227638259530067,0.283132314682007,0.357800215482712,0.404595106840134
0,0,0,0,0,0,0,0,0,0,0,0,0,0,0,3.94050039176363e-05,0.00151587044820189,0.0274672154337168,0.0958356186747551,0.19158624112606,0.330208390951157,0.446139276027679,0.421850889921188,0.288040310144424,0.214241489768028,0.190590307116508,0.227654725313187,0.284537523984909,0.360273271799088,0.405881136655807
0,0,0,0,0,0,0,0,0,0,0,0,0,0,0,4.09683480029344e-06,0.00109135394450277,0.0245458334684372,0.0964697152376175,0.195105716586113,0.335743606090546,0.454087406396866,0.440386474132538,0.301964610815048,0.211970835924149,0.186527907848358,0.227629810571671,0.286493629217148,0.361921072006226,0.40728959441185
0,0,0,0,0,NaN,0,0,0,0,0,0,0,0,0,2.56562827871676e-07,0.000792973791249096,0.0227879006415606,0.0984746515750885,0.200505793094635,0.342171251773834,0.462264716625214,0.458364248275757,0.316786766052246,0.210404083132744,0.182459101080894,0.227651745080948,0.288701504468918,0.363470375537872,0.408719718456268
0,NaN,0,0,0,NaN,0,0,0,0,0,0,0,0,0,1.51788992752699e-06,0.000596105353906751,0.0225820913910866,0.101623371243477,0.206887915730476,0.349713772535324,0.470806151628494,0.475910723209381,0.33217117190361,0.208955302834511,0.17868547141552,0.227848678827286,0.291024535894394,0.365105986595154,0.410153329372406
0,NaN,NaN,0,0,NaN,0,0,NaN,0,0,0,0,0,0,4.38095685240114e-06,0.000510537705849856,0.0225573554635048,0.107635378837585,0.213326945900917,0.357553213834763,0.480076938867569,0.492259919643402,0.347938925027847,0.206564858555794,0.175662979483604,0.228672832250595,0.292784363031387,0.366774052381516,0.411589235067368
0,NaN,NaN,0,0,NaN,0,NaN,NaN,0,0,0,0,0,0,5.42376892553875e-06,0.000646957661956549,0.0226938705891371,0.11452417075634,0.220591723918915,0.365831524133682,0.489901006221771,0.508421421051025,0.362792134284973,0.20483572781086,0.172671660780907,0.229806065559387,0.294585227966309,0.368432581424713,0.413027554750443
NaN,NaN,NaN,0,0,NaN,0,NaN,NaN,NaN,0,0,0,0,0,8.09047651273431e-06,0.000676917843520641,0.0234108995646238,0.121907889842987,0.230345457792282,0.375251442193985,0.500371992588043,0.522935092449188,0.377066552639008,0.203426599502563,0.170181944966316,0.230469480156898,0.296553999185562,0.370104789733887,0.414484560489655
NaN,NaN,NaN,NaN,NaN,NaN,NaN,NaN,NaN,NaN,0,0,0,0,0,3.77954461328045e-06,0.000675855786539614,0.0247415453195572,0.130475640296936,0.242693096399307,0.385257393121719,0.510419607162476,0.536856412887573,0.391129285097122,0.202098935842514,0.168372169137001,0.231399074196815,0.298624783754349,0.371951162815094,0.415962159633636
NaN,NaN,NaN,NaN,NaN,NaN,NaN,NaN,NaN,NaN,0,0,0,0,0,2.09612926482805e-06,0.00071322702569887,0.0263085030019283,0.139473259449005,0.256532549858093,0.397121608257294,0.52110892534256,0.54939216375351,0.403468161821365,0.20131254196167,0.166933178901672,0.232293322682381,0.300859361886978,0.374025374650955,0.417422711849213
NaN,NaN,NaN,NaN,NaN,NaN,NaN,NaN,NaN,NaN,0,0,0,0,0,5.11962298332946e-06,0.000764834578149021,0.0283231846988201,0.150134176015854,0.272061377763748,0.409816175699234,0.53115326166153,0.561518788337708,0.415222138166428,0.200851991772652,0.165777906775475,0.233507663011551,0.303334623575211,0.375583499670029,0.418311446905136
NaN,NaN,NaN,NaN,NaN,NaN,NaN,NaN,NaN,NaN,0,0,0,0,6.11111801163133e-08,3.94954031435191e-06,0.000771187944337726,0.0303994007408619,0.16201750934124,0.288515537977219,0.423913329839706,0.542694449424744,0.572138726711273,0.426175057888031,0.200786456465721,0.165651217103004,0.234762743115425,0.3056520819664,0.376856416463852,0.419009387493134
NaN,NaN,NaN,NaN,NaN,NaN,NaN,NaN,NaN,NaN,NaN,0,0,0,3.85870862373849e-06,3.89651795558166e-05,0.00108251604251564,0.0331051610410213,0.174661442637444,0.305814027786255,0.440137773752213,0.553484737873077,0.582041919231415,0.435760200023651,0.202090039849281,0.166179239749908,0.235943540930748,0.308133214712143,0.378226816654205,0.419740229845047
NaN,NaN,NaN,NaN,NaN,NaN,NaN,NaN,NaN,NaN,NaN,0,0,2.5415704385523e-07,1.72364725585794e-05,0.000119749347504694,0.00108788814395666,0.037198968231678,0.186941847205162,0.323544979095459,0.456228673458099,0.566029787063599,0.590755581855774,0.444656431674957,0.203208819031715,0.166827857494354,0.237415939569473,0.310835063457489,0.379778534173965,0.420497387647629
NaN,NaN,NaN,NaN,NaN,NaN,NaN,NaN,NaN,NaN,NaN,0,0,3.22370829053398e-06,4.47494094260037e-05,0.000296896469080821,0.00159987027291209,0.0409810766577721,0.199067801237106,0.340765476226807,0.47436112165451,0.577854752540588,0.599079132080078,0.452384144067764,0.205257013440132,0.168107926845551,0.238585934042931,0.313686311244965,0.381590694189072,0.421265870332718
NaN,NaN,NaN,NaN,NaN,NaN,NaN,NaN,NaN,NaN,NaN,0,0,8.73096087161684e-06,0.0001628661993891,0.00101094821002334,0.00316070741973817,0.0449026040732861,0.210065111517906,0.358437240123749,0.492813944816589,0.59060800075531,0.606569230556488,0.458975374698639,0.207645252346992,0.170301243662834,0.239575743675232,0.316012918949127,0.38371267914772,0.422045707702637
0,NaN,NaN,NaN,NaN,NaN,NaN,NaN,NaN,NaN,0,0,0,1.32848617795389e-05,0.000686482002492994,0.00271321670152247,0.00553768221288919,0.0504867546260357,0.219386383891106,0.376572728157043,0.510951638221741,0.603547990322113,0.614313542842865,0.465443551540375,0.20942522585392,0.172394812107086,0.241563066840172,0.317686408758163,0.386109322309494,0.422840476036072
0,NaN,NaN,NaN,NaN,NaN,NaN,NaN,NaN,NaN,0,0,0,5.70893062104005e-05,0.00229578232392669,0.00709500489756465,0.0111739858984947,0.0570015124976635,0.226787447929382,0.394126564264297,0.529974460601807,0.616480112075806,0.621103942394257,0.469879776239395,0.213332772254944,0.174405097961426,0.243881806731224,0.319765329360962,0.388420730829239,0.423729538917542
NaN,NaN,NaN,NaN,NaN,NaN,NaN,NaN,NaN,NaN,0,0,4.00160043989573e-11,0.000489849539007992,0.00394309824332595,0.0125987501814961,0.019183874130249,0.0646473988890648,0.232238084077835,0.410603493452072,0.54786092042923,0.630085468292236,0.628152787685394,0.474975317716599,0.215515092015266,0.177290394902229,0.245427802205086,0.322732836008072,0.389708280563354,0.424674183130264
0,NaN,NaN,NaN,NaN,NaN,NaN,NaN,NaN,NaN,0,0,1.83119297503254e-07,0.000767122954130173,0.00588651141151786,0.0198118761181831,0.031298566609621,0.075180746614933,0.236998274922371,0.425674229860306,0.565172135829926,0.643486678600311,0.634901702404022,0.478168576955795,0.22017203271389,0.180465504527092,0.247189328074455,0.325848609209061,0.391192942857742,0.425643146038055
0,NaN,NaN,NaN,NaN,NaN,NaN,NaN,NaN,NaN,0,0,1.56198245804262e-06,0.000664002727717161,0.00880179554224014,0.029911432415247,0.0466571450233459,0.0913885831832886,0.24296547472477,0.43879246711731,0.582084953784943,0.656735002994537,0.641500234603882,0.482199937105179,0.223306745290756,0.183016419410706,0.250339984893799,0.328286439180374,0.392912238836288,0.426648497581482
0,0,NaN,NaN,NaN,NaN,NaN,NaN,NaN,NaN,0,0,5.21179163115448e-06,0.00119208008982241,0.0128720225766301,0.0428724959492683,0.0699225142598152,0.11572327464819,0.252648562192917,0.450323015451431,0.597933948040009,0.669832587242126,0.648505330085754,0.484206169843674,0.228301033377647,0.186280280351639,0.253932952880859,0.330387324094772,0.394942581653595,0.427796214818954
0,NaN,NaN,NaN,NaN,NaN,NaN,NaN,NaN,NaN,0,0,1.40301408464438e-05,0.0012302229879424,0.0182921849191189,0.0586370974779129,0.0997305065393448,0.148051708936691,0.268215239048004,0.462258219718933,0.612927556037903,0.682502448558807,0.65506899356842,0.486680895090103,0.23241625726223,0.190756648778915,0.256811261177063,0.332597970962524,0.397222340106964,0.429003596305847
0,NaN,NaN,NaN,NaN,NaN,NaN,NaN,NaN,NaN,0,0,5.19729401275981e-05,0.00223126052878797,0.0241951197385788,0.0753933638334274,0.132662370800972,0.188822641968727,0.290458232164383,0.475847095251083,0.627168774604797,0.694151520729065,0.662188768386841,0.48811087012291,0.237433135509491,0.194510325789452,0.260688364505768,0.334873795509338,0.399792730808258,0.430237710475922
0,NaN,NaN,NaN,NaN,NaN,NaN,NaN,NaN,NaN,0,1.36723105059744e-10,0.000169229810126126,0.00455114850774407,0.0313755981624126,0.0924193188548088,0.168743818998337,0.234699204564095,0.321073651313782,0.491968423128128,0.640457153320313,0.705190598964691,0.66882997751236,0.489537507295609,0.242544382810593,0.199089825153351,0.265240371227264,0.337520867586136,0.402138590812683,0.43110266327858
0,NaN,NaN,NaN,NaN,NaN,NaN,NaN,NaN,NaN,0,1.24276287039038e-08,0.000387317209970206,0.00792586430907249,0.0403051897883415,0.110078155994415,0.206856310367584,0.285331755876541,0.361540824174881,0.510901212692261,0.653615176677704,0.715677082538605,0.67538970708847,0.491167604923248,0.247257515788078,0.205407172441483,0.268808007240295,0.340116739273071,0.403526246547699,0.431422024965286
0,NaN,NaN,NaN,NaN,NaN,NaN,NaN,NaN,NaN,0,1.82745296228859e-07,0.000593093398492783,0.0124274799600244,0.050822276622057,0.128923624753952,0.243738621473312,0.341234475374222,0.407137095928192,0.533135533332825,0.666750252246857,0.725098013877869,0.681279182434082,0.492587745189667,0.253445774316788,0.21271675825119,0.272645592689514,0.343004256486893,0.405246019363403,0.43175220489502
0,NaN,NaN,NaN,NaN,NaN,NaN,NaN,NaN,0,0,5.06076560213842e-07,0.000682340993080288,0.0178442765027285,0.0624439232051373,0.14871084690094,0.277760177850723,0.392775923013687,0.452859312295914,0.557977020740509,0.679872632026672,0.734081029891968,0.687222599983215,0.495244473218918,0.257791578769684,0.219341695308685,0.277254998683929,0.346482038497925,0.407257825136185,0.432093441486359
NaN,NaN,NaN,NaN,NaN,NaN,NaN,NaN,NaN,0,0,7.14353348030272e-07,0.000709206040482968,0.0233526937663555,0.0747481808066368,0.168166071176529,0.306605696678162,0.435411125421524,0.497296810150146,0.584334373474121,0.692856729030609,0.742998957633972,0.692717611789703,0.49706819653511,0.264885723590851,0.225837528705597,0.280600041151047,0.350525438785553,0.409558951854706,0.4324691593647
NaN,NaN,NaN,NaN,NaN,NaN,NaN,NaN,NaN,0,0,8.57606323734217e-07,0.00081099575618282,0.0270989332348108,0.0882117748260498,0.185813516378403,0.329008936882019,0.46722012758255,0.537881135940552,0.611329436302185,0.706225275993347,0.751323759555817,0.698281168937683,0.500950634479523,0.270171076059341,0.235306933522224,0.285164684057236,0.353101015090942,0.412249028682709,0.43292036652565
NaN,NaN,NaN,NaN,NaN,NaN,NaN,NaN,NaN,0,0,8.01762041646725e-07,0.000939405523240566,0.0289789978414774,0.101668737828732,0.200411736965179,0.344916820526123,0.488763123750687,0.572226822376251,0.637750267982483,0.71987396478653,0.759199202060699,0.703919470310211,0.505311965942383,0.278373211622238,0.243442967534065,0.291603177785873,0.355802267789841,0.415180683135986,0.433396458625793
NaN,NaN,NaN,NaN,NaN,NaN,NaN,NaN,NaN,0,0,1.25834105801914e-06,0.00102369813248515,0.0310235749930143,0.112416088581085,0.212011948227882,0.354727685451508,0.502499520778656,0.600124299526215,0.66261225938797,0.733694553375244,0.766837358474731,0.709239721298218,0.511444926261902,0.287254989147186,0.252444803714752,0.296866238117218,0.360504895448685,0.416584700345993,0.433911591768265
NaN,NaN,NaN,NaN,NaN,NaN,NaN,NaN,NaN,0,0,1.34508820792689e-06,0.000974644091911614,0.0333072394132614,0.118717141449451,0.220005974173546,0.359090089797974,0.510846972465515,0.62133926153183,0.685417532920837,0.747086405754089,0.773979842662811,0.71498304605484,0.519434869289398,0.297061890363693,0.265176445245743,0.30076789855957,0.366555511951447,0.417754292488098,0.434552222490311
NaN,NaN,NaN,NaN,NaN,NaN,NaN,NaN,NaN,0,0,1.38173277264286e-06,0.00103831442538649,0.035836149007082,0.121087417006493,0.223696514964104,0.3587626516819,0.514565110206604,0.636203944683075,0.705640316009521,0.759831845760345,0.780781030654907,0.720961272716522,0.529127538204193,0.311664432287216,0.274496704339981,0.309285968542099,0.370430499315262,0.419216603040695,0.435248553752899
NaN,NaN,NaN,NaN,NaN,NaN,NaN,NaN,NaN,0,0,1.50523339925712e-06,0.00109920685645193,0.0378673300147057,0.121082425117493,0.222936362028122,0.354185581207275,0.514515936374664,0.645864903926849,0.72303980588913,0.771456360816956,0.78690630197525,0.726725995540619,0.541987597942352,0.325374037027359,0.288891166448593,0.318784058094025,0.373476505279541,0.420979380607605,0.436104655265808
NaN,NaN,NaN,NaN,NaN,NaN,NaN,NaN,NaN,0,0,4.31835860581486e-06,0.00132944690994918,0.0382239669561386,0.119231417775154,0.217314317822456,0.347350180149078,0.51130348443985,0.652355492115021,0.737276494503021,0.781400918960571,0.79204934835434,0.732617139816284,0.554685354232788,0.346855044364929,0.304251581430435,0.325379252433777,0.378127455711365,0.423048257827759,0.437108010053635
NaN,NaN,NaN,NaN,NaN,NaN,NaN,NaN,NaN,0,0,8.03771854407387e-06,0.00190139282494783,0.0383293963968754,0.1164291203022,0.209292605519295,0.341408461332321,0.506176114082336,0.65705418586731,0.748102486133575,0.789646804332733,0.796539425849915,0.738290667533875,0.57103043794632,0.367071717977524,0.319463223218918,0.33450049161911,0.384659647941589,0.425508767366409,0.438370704650879
NaN,NaN,NaN,NaN,NaN,NaN,NaN,NaN,NaN,NaN,0,1.55289344547782e-05,0.00285975309088826,0.0402373895049095,0.114379107952118,0.204767882823944,0.337325602769852,0.501406192779541,0.659508526325226,0.755758106708527,0.795781016349792,0.800233900547028,0.743177056312561,0.585059523582458,0.391490250825882,0.339082688093185,0.345434039831161,0.389487355947495,0.426950454711914,0.438843578100204
NaN,NaN,NaN,NaN,NaN,NaN,NaN,NaN,NaN,NaN,0,2.1127403670107e-05,0.00332017499022186,0.0429960042238235,0.114927396178246,0.207224786281586,0.336817562580109,0.498408585786819,0.659414410591125,0.759888470172882,0.800380706787109,0.802671194076538,0.747568607330322,0.602721154689789,0.418196946382523,0.3574598133564,0.353282004594803,0.392217606306076,0.427664637565613,0.438876777887344
NaN,NaN,NaN,NaN,NaN,NaN,NaN,NaN,NaN,NaN,0,3.31206356349867e-05,0.00336017971858382,0.0422232151031494,0.117419384419918,0.21714149415493,0.342877686023712,0.498378276824951,0.656682968139648,0.760992407798767,0.803115665912628,0.803874433040619,0.750812292098999,0.615436017513275,0.443662524223328,0.379756838083267,0.365595668554306,0.397074192762375,0.428764045238495,0.43890967965126
NaN,NaN,NaN,NaN,NaN,NaN,NaN,NaN,NaN,NaN,0,2.8686012228718e-05,0.00341273075900972,0.03460893034935,0.121221393346786,0.235893532633781,0.359977155923843,0.500759065151215,0.651341021060944,0.759302616119385,0.803722500801086,0.803594529628754,0.753333210945129,0.630502700805664,0.471451044082642,0.393614083528519,0.376283377408981,0.404882878065109,0.430475860834122,0.438942313194275
NaN,NaN,NaN,NaN,NaN,NaN,NaN,NaN,NaN,NaN,0,5.90945955991629e-06,0.00245354836806655,0.0225666109472513,0.124337315559387,0.262544333934784,0.391378074884415,0.505630195140839,0.644883930683136,0.754861772060394,0.801871418952942,0.801869571208954,0.755276739597321,0.639911592006683,0.496453881263733,0.418853998184204,0.381780356168747,0.410310834646225,0.432900339365005,0.438974648714066
NaN,NaN,NaN,NaN,NaN,NaN,NaN,NaN,NaN,0,0,1.09235237744087e-07,0.000836505845654756,0.0129402754828334,0.119057707488537,0.298437595367432,0.435207456350327,0.515431642532349,0.637881398200989,0.748400807380676,0.79719603061676,0.798865854740143,0.755840301513672,0.651242673397064,0.51743084192276,0.436517059803009,0.397538900375366,0.410206973552704,0.436421096324921,0.439006686210632
NaN,NaN,NaN,NaN,NaN,NaN,NaN,NaN,NaN,0,0,0,0.000185291923116893,0.00666718557476997,0.106595024466515,0.339937895536423,0.493046492338181,0.534643054008484,0.631471395492554,0.739985644817352,0.789822995662689,0.794378578662872,0.755767405033112,0.657939434051514,0.542515575885773,0.449395537376404,0.412299424409866,0.412520408630371,0.438676565885544,0.439038455486298
NaN,NaN,NaN,NaN,NaN,NaN,NaN,NaN,NaN,0,0,0,0,0.00588306598365307,0.131181091070175,0.379415541887283,0.564692974090576,0.572441697120667,0.62602025270462,0.72962498664856,0.779999494552612,0.788073241710663,0.754937827587128,0.665063738822937,0.553615510463715,0.479569166898727,0.412658393383026,0.420106679201126,0.438665360212326,0.439069926738739
NaN,NaN,NaN,NaN,NaN,NaN,NaN,NaN,NaN,0,0,0,NaN,NaN,0.157809183001518,0.405014038085938,0.639683961868286,0.626291215419769,0.624025344848633,0.717820107936859,0.767845630645752,0.780149221420288,0.753119170665741,0.670412659645081,0.577304780483246,0.482774496078491,0.425629645586014,0.428025126457214,0.438654154539108,0.439101129770279
NaN,NaN,NaN,NaN,NaN,NaN,NaN,NaN,NaN,0,0,0,NaN,NaN,0.137301445007324,0.39608359336853,0.680469632148743,0.697300791740417,0.627730846405029,0.704984128475189,0.753894150257111,0.772238254547119,0.74954080581665,0.673803925514221,0.581665635108948,0.505515217781067,0.448244690895081,0.428019851446152,0.438642978668213,0.439132034778595
NaN,NaN,NaN,NaN,NaN,NaN,NaN,NaN,NaN,0,0,0,NaN,NaN,0.137717708945274,0.351018816232681,0.630552709102631,0.767973959445953,0.638758063316345,0.691191971302032,0.73851603269577,0.763404250144958,0.746673405170441,0.678276002407074,0.602327287197113,0.520021975040436,0.448411464691162,0.428010791540146,0.438631802797318,0.43916267156601
NaN,NaN,NaN,NaN,NaN,NaN,NaN,NaN,NaN,0,0,0,0,NaN,0.107605084776878,0.286556869745255,0.41286838054657,0.82622903585434,0.656889855861664,0.677766561508179,0.722355723381042,0.753739535808563,0.743574500083923,0.67942076921463,0.602676212787628,0.520175933837891,0.448512881994247,0.428001761436462,0.438620656728745,0.4391930103302
NaN,NaN,NaN,NaN,NaN,NaN,NaN,NaN,NaN,0,0,0,0,NaN,0.0996185764670372,0.182852104306221,0.0438505373895168,0.860143423080444,0.684851288795471,0.667196154594421,0.70491623878479,0.738684833049774,0.736965596675873,0.683485805988312,0.620031416416168,0.549139380455017,0.480803608894348,0.445151418447495,0.447670489549637,0.441879242658615
NaN,NaN,NaN,NaN,NaN,NaN,NaN,NaN,NaN,0,0,0,0,0,0.0644815042614937,0.0873238146305084,0.0150509821251035,0.878576695919037,0.715801358222961,0.664026260375977,0.690325081348419,0.726924359798431,0.732897460460663,0.683963119983673,0.620020151138306,0.548998713493347,0.480677366256714,0.445152193307877,0.447667598724365,0.441839516162872
NaN,NaN,NaN,NaN,NaN,NaN,NaN,NaN,NaN,0,0,0,0,0,0.0312729813158512,0.0387708693742752,0.0313957259058952,0.912668883800507,0.75561535358429,0.671553790569305,0.677545428276062,0.715618073940277,0.728708207607269,0.686087310314178,0.630408763885498,0.557376980781555,0.480595141649246,0.445152938365936,0.447664707899094,0.441799372434616
NaN,NaN,NaN,NaN,NaN,NaN,NaN,NaN,NaN,0,0,0,NaN,0,0.00994820427149534,0.0230065640062094,0.0787054002285004,0.834152042865753,0.807560801506042,0.690327107906342,0.667278587818146,0.704999268054962,0.722548484802246,0.686427175998688,0.632018446922302,0.571093916893005,0.497158348560333,0.445157766342163,0.447661817073822,0.441758811473846
NaN,NaN,NaN,NaN,NaN,NaN,NaN,NaN,0,0,0,NaN,NaN,1.65825986186974e-05,0.00439167814329267,0.00954014901071787,0.248863935470581,0.728430926799774,0.879673719406128,0.718692064285278,0.660011112689972,0.694377779960632,0.717734515666962,0.687274873256683,0.637830674648285,0.571601927280426,0.507477402687073,0.45338362455368,0.447658896446228,0.441717833280563
NaN,NaN,NaN,NaN,NaN,NaN,NaN,NaN,0,0,0,0,0,1.16726391752309e-06,0.00191050942521542,0.00114719592966139,0.266873747110367,0.765612781047821,0.958874881267548,0.754131257534027,0.655925095081329,0.686007440090179,0.71351683139801,0.687303364276886,0.640088260173798,0.582663297653198,0.507165908813477,0.461045026779175,0.447655975818634,0.441676437854767
NaN,NaN,NaN,NaN,NaN,NaN,NaN,0,0,0,0,0,0,2.29301662102444e-08,0.000201635499252006,9.10463277250528e-05,0.263923466205597,0.703587651252747,1.00751173496246,0.791298985481262,0.655295252799988,0.680517196655273,0.708147644996643,0.687263011932373,0.643222093582153,0.587703108787537,0.515231728553772,0.462904274463654,0.449135184288025,0.441634625196457
NaN,NaN,NaN,NaN,NaN,NaN,NaN,0,0,NaN,0,NaN,NaN,3.17260454019141e-11,2.24557788897073e-06,7.97586665157723e-07,0.265181362628937,0.579674005508423,1.0315568447113,0.821691632270813,0.658862769603729,0.676981806755066,0.703827321529388,0.687206029891968,0.645632863044739,0.591164827346802,0.526396870613098,0.462802290916443,0.450827568769455,0.441592365503311
NaN,NaN,NaN,NaN,NaN,NaN,NaN,NaN,0,NaN,0,NaN,0,0,6.82204681634602e-10,0.19243136048317,0.238329201936722,0.448514312505722,0.96069073677063,0.836166143417358,0.667148411273956,0.675126135349274,0.700386583805084,0.686512231826782,0.647422552108765,0.59843909740448,0.530496060848236,0.467605352401733,0.451655179262161,0.441549718379974
NaN,NaN,NaN,NaN,NaN,NaN,NaN,NaN,0,NaN,NaN,NaN,0,4.50691949038795e-11,4.53454624960159e-08,0.166830092668533,0.237302273511887,0.433388113975525,0.79270738363266,0.826698660850525,0.681564569473267,0.675539910793304,0.696923077106476,0.686419308185577,0.64950567483902,0.60172837972641,0.534910619258881,0.473390877246857,0.452300161123276,0.441506624221802
NaN,NaN,NaN,NaN,NaN,NaN,NaN,NaN,0,0,NaN,NaN,0,3.46923521021836e-08,1.01401701613213e-05,0.111588083207607,0.258863359689713,0.605679035186768,0.889437794685364,0.822173416614532,0.70310115814209,0.677848815917969,0.694246172904968,0.685540020465851,0.650619506835938,0.605967879295349,0.541435718536377,0.476012468338013,0.452687323093414,0.441463142633438
NaN,NaN,NaN,NaN,NaN,NaN,NaN,0,0,0,NaN,0,0,2.03361742023844e-06,0.000378849974367768,0.0276973247528076,0.335401356220245,0.751598298549652,0.938696682453156,0.845768690109253,0.732561469078064,0.68212354183197,0.691763520240784,0.684957087039948,0.65240740776062,0.610470175743103,0.546102583408356,0.477367222309113,0.452766597270966,0.441419214010239
NaN,NaN,NaN,NaN,NaN,NaN,NaN,0,0,0,NaN,0,0,1.30800426632049e-05,0.00291546573862433,0.00437857722863555,0.377621740102768,0.850478887557983,0.971702635288239,0.908037841320038,0.770575046539307,0.689159691333771,0.6892249584198,0.683689177036285,0.653818964958191,0.614244401454926,0.550617337226868,0.480207890272141,0.453121304512024,0.441304624080658
NaN,NaN,NaN,NaN,NaN,NaN,NaN,NaN,0,0,NaN,NaN,NaN,4.5521210267907e-06,0.00691763963550329,0.037227489054203,0.462004363536835,0.901208162307739,1.00842225551605,1.01082921028137,0.818034708499908,0.699081599712372,0.686661005020142,0.682518303394318,0.655067205429077,0.617144644260406,0.55443149805069,0.484175890684128,0.453664720058441,0.441042572259903
NaN,NaN,NaN,NaN,NaN,NaN,NaN,NaN,0,0,NaN,NaN,0,5.11909411216038e-06,0.00608918303623796,0.121049009263515,0.498054921627045,0.848203539848328,1.0391970872879,1.10465443134308,0.874314486980438,0.714775502681732,0.684704303741455,0.680963933467865,0.656634271144867,0.620841205120087,0.557233512401581,0.486320734024048,0.453771531581879,0.440763384103775
NaN,NaN,NaN,NaN,NaN,NaN,NaN,NaN,0,0,NaN,0,0,2.59038785088705e-07,0.00505072996020317,0.163561969995499,0.449664950370789,0.786551177501678,1.04170846939087,1.19462430477142,0.940383315086365,0.74027156829834,0.684047996997833,0.678832709789276,0.657321333885193,0.624082088470459,0.560749590396881,0.487294346094131,0.453721791505814,0.440527349710464
NaN,NaN,NaN,NaN,NaN,NaN,NaN,NaN,0,0,0,0,0,6.47949036647333e-08,0.00454717269167304,0.130394592881203,0.344752877950668,0.726253092288971,0.99175101518631,1.25926518440247,1.01730966567993,0.77911251783371,0.685191571712494,0.676560342311859,0.658492028713226,0.625904083251953,0.563603281974792,0.488306522369385,0.45364186167717,0.440349608659744
NaN,NaN,NaN,NaN,NaN,NaN,NaN,0,0,0,0,0,0,1.40018769911876e-08,0.00394797883927822,0.0705797895789146,0.280795514583588,0.6635782122612,0.864957273006439,1.29296767711639,1.10825598239899,0.831919431686401,0.692533373832703,0.673850119113922,0.658818781375885,0.628590822219849,0.564548194408417,0.489870667457581,0.453578054904938,0.440184652805328
NaN,NaN,NaN,NaN,NaN,NaN,NaN,0,0,0,0,0,0,2.66024757777927e-09,0.0027744306717068,0.0338834263384342,0.289232522249222,0.559115707874298,0.705729603767395,1.30713248252869,1.2180917263031,0.898768723011017,0.706342756748199,0.671814143657684,0.658803164958954,0.63016265630722,0.565675616264343,0.490995407104492,0.453593105077744,0.440050810575485
NaN,NaN,NaN,NaN,NaN,NaN,NaN,0,0,0,0,0,0,2.63076865847367e-10,0.00169398088473827,0.0208122730255127,0.25801819562912,0.462640345096588,0.629874169826508,1.30731070041656,1.33104264736176,0.980983734130859,0.731269001960754,0.669655799865723,0.658312380313873,0.630852878093719,0.566623330116272,0.491317808628082,0.45373347401619,0.439925760030746
NaN,NaN,NaN,NaN,NaN,NaN,NaN,0,0,0,0,0,0,1.51146230947807e-11,0.00113038020208478,0.00930129457265139,0.248260051012039,0.374271035194397,0.848020970821381,1.32803165912628,1.41756129264832,1.0718377828598,0.770896196365356,0.669574201107025,0.656168162822723,0.631381094455719,0.566261529922485,0.491350263357162,0.4536452293396,0.439804911613464
NaN,NaN,NaN,NaN,NaN,NaN,NaN,0,0,0,0,0,NaN,NaN,0.000573586614336818,0.00130784243810922,0.255342125892639,0.302035301923752,0.773946404457092,1.33177077770233,1.51705825328827,1.17275381088257,0.819338083267212,0.670520603656769,0.654170155525208,0.631107568740845,0.565152049064636,0.491054505109787,0.453339546918869,0.439685106277466
NaN,NaN,NaN,NaN,NaN,NaN,NaN,NaN,0,0,0,0,0,0,7.71865088609047e-05,0.00408235564827919,0.163538783788681,0.236029505729675,0.631361126899719,1.31953799724579,1.59759533405304,1.2713623046875,0.877149283885956,0.677753210067749,0.65183025598526,0.630048871040344,0.564010322093964,0.490128457546234,0.452925950288773,0.43956670165062
NaN,NaN,NaN,NaN,NaN,NaN,NaN,0,0,0,0,0,0,0,2.49984168476658e-05,0.00853210967034101,0.12563082575798,0.213824599981308,0.605086743831635,1.31869852542877,1.64008855819702,1.36747467517853,0.945061922073364,0.686313569545746,0.649440407752991,0.628616094589233,0.562592089176178,0.489028632640839,0.452411890029907,0.439450591802597
NaN,NaN,NaN,NaN,NaN,NaN,NaN,0,0,0,0,0,0,0,1.25406704682973e-05,0.0139780482277274,0.0914802998304367,0.226735219359398,0.805512845516205,1.25641143321991,1.65606653690338,1.46016728878021,1.00743675231934,0.701067626476288,0.647212982177734,0.626616656780243,0.560828447341919,0.48790031671524,0.451857447624207,0.439336806535721
0,0,NaN,NaN,NaN,NaN,NaN,NaN,0,0,NaN,NaN,0,NaN,6.82306335875182e-08,0.0328830666840076,0.0380520708858967,0.241938248276711,0.881825089454651,1.23390555381775,1.57441079616547,1.46870601177216,1.07367062568665,0.717271983623505,0.644909024238586,0.624151349067688,0.558464884757996,0.486792504787445,0.451177090406418,0.439167529344559
0,0,0,NaN,NaN,NaN,NaN,NaN,0,0,NaN,0,0,0,2.14961673918879e-05,0.01130111515522,0.0153917213901877,0.297259479761124,0.90891307592392,1.24498188495636,NaN,1.41507267951965,1.13154733181,0.737355649471283,0.643112361431122,0.621337175369263,0.555998563766479,0.485656559467316,0.450333118438721,0.438907504081726
0,0,0,0,NaN,NaN,NaN,NaN,NaN,0,0,0,0,0,6.53448369121179e-05,0.00538215693086386,0.0326565429568291,0.337126672267914,0.86871063709259,NaN,NaN,1.38706684112549,1.17989444732666,0.76004946231842,0.641727685928345,0.617770969867706,0.553338825702667,0.484520465135574,0.449456036090851,0.438652634620667
0,0,0,0,NaN,NaN,NaN,NaN,NaN,0,0,0,0,0,2.59175139945e-05,0.00300428690388799,0.155550137162209,0.352905482053757,0.756977140903473,NaN,NaN,1.20066463947296,1.22541904449463,0.783430278301239,0.640938699245453,0.614238083362579,0.550390601158142,0.483218997716904,0.448535084724426,0.438399195671082
0,0,0,0,0,NaN,NaN,NaN,0,0,0,0,0,0,1.33169677951628e-07,NaN,0.194371655583382,0.290056496858597,0.480675309896469,NaN,0.618656277656555,0.964923620223999,1.26527750492096,0.809691309928894,0.641192853450775,0.610495626926422,0.547222971916199,0.481721669435501,0.447539150714874,0.438133805990219
0,0,0,0,0,NaN,NaN,NaN,0,0,0,0,0,0,0,0.00890924222767353,0.112727843225002,0.164839684963226,0.246882498264313,NaN,0.615851998329163,0.837433934211731,1.31424224376678,0.838733553886414,0.641351044178009,0.605918347835541,0.544078230857849,0.480214148759842,0.446532487869263,0.437870860099792
0,0,0,0,0,NaN,NaN,0,0,0,0,0,NaN,0,0,0.0105060571804643,0.0497753992676735,0.135084703564644,0.108553014695644,NaN,0.642323911190033,0.757667601108551,1.37892985343933,0.875250101089478,0.644307851791382,0.601389706134796,0.540519416332245,0.478642344474792,0.445493876934052,0.437612026929855
0,0,0,0,0,0,NaN,0,0,0,0,0,NaN,0,0,0.0161067713052034,0.0240077525377274,0.094116635620594,0.0583780631422997,0.136380583047867,0.389124482870102,NaN,1.40716326236725,0.914507508277893,0.646221280097961,0.59658682346344,0.536678194999695,0.477084428071976,0.444258034229279,0.437345921993256
0,0,0,0,0,0,0,0,0,0,0,NaN,0,0,0,0.0120973894372582,0.011239861138165,0.0606780834496021,0.0443265102803707,0.170365050435066,0.258890002965927,NaN,1.43847370147705,0.957281768321991,0.652716338634491,0.591058671474457,0.53298157453537,0.475429832935333,0.443007260560989,0.437053173780441
0,0,0,0,NaN,0,0,0,0,0,0,NaN,0,0,0,0.00523974327370524,0.00394212966784835,0.0334125831723213,0.0262058787047863,0.170324206352234,0.333612114191055,NaN,1.46191191673279,1.00050592422485,0.65870875120163,0.58539479970932,0.529090940952301,0.473600268363953,0.441782265901566,0.436760097742081
0,0,0,0,NaN,0,0,NaN,NaN,0,0,NaN,0,0,0,0.00130783568602055,0.000355316238710657,0.091766744852066,0.0261539556086063,0.172546997666359,0.53809005022049,NaN,1.48778986930847,1.04364287853241,0.665478050708771,0.58011132478714,0.524621427059174,0.471897035837173,0.440524280071259,0.436468094587326
0,0,0,0,0,0,0,NaN,NaN,0,0,NaN,NaN,0,0,9.47634930525965e-07,1.84744817488536e-06,NaN,NaN,0.174394771456718,0.677968382835388,NaN,1.56610882282257,1.08313417434692,0.675474464893341,0.575064241886139,0.520001232624054,0.470143795013428,0.439219057559967,0.436177134513855
0,0,0,0,0,0,0,0,0,0,0,NaN,NaN,0,0,1.22881496644744e-10,6.09781514171459e-09,NaN,NaN,NaN,0.830879092216492,NaN,1.59415781497955,1.11773288249969,0.683231711387634,0.570044279098511,0.515295207500458,0.468278855085373,0.437893480062485,0.435881227254868
0,0,0,0,0,0,0,0,0,0,NaN,NaN,NaN,0,0,NaN,3.35856321052874e-12,NaN,NaN,NaN,0.965286016464233,NaN,1.5670393705368,1.14058077335358,0.695208370685577,0.565424680709839,0.510838449001312,0.466429203748703,0.436596184968948,0.43557408452034
0,0,0,0,0,0,0,0,0,0,NaN,NaN,NaN,0,0,0,0,NaN,NaN,NaN,0.983849465847015,NaN,1.40819692611694,1.15010297298431,0.705874145030975,0.562112390995026,0.50608229637146,0.464479386806488,0.435385137796402,0.435198664665222
0,0,0,0,0,0,0,0,0,0,0,NaN,NaN,0,0,0,0,0,NaN,NaN,NaN,NaN,NaN,1.14784550666809,0.715557277202606,0.5590700507164,0.501611113548279,0.462299883365631,0.434190273284912,0.434654325246811
0,0,0,0,0,0,0,0,0,0,0,NaN,NaN,0,0,0,0,0,NaN,NaN,NaN,NaN,1.41384029388428,1.18147552013397,0.72865229845047,0.556362867355347,0.49767529964447,0.460098832845688,0.432926446199417,0.434102773666382
0,0,0,0,0,0,0,0,0,0,0,NaN,NaN,0,0,0,0,0,0,NaN,NaN,NaN,NaN,1.16933596134186,0.738325536251068,0.556045770645142,0.493679225444794,0.45807346701622,0.431597948074341,0.433554768562317
NaN,NaN,0,0,0,0,0,0,0,0,NaN,NaN,0,0,0,0,0,0,0,NaN,NaN,NaN,NaN,1.15238904953003,0.750342309474945,0.555656969547272,0.490291982889175,0.455954313278198,0.430314928293228,0.433001458644867
NaN,NaN,0,0,0,0,0,0,0,0,NaN,NaN,0,0,0,0,0,0,0,2.70772379735718e-05,NaN,NaN,NaN,1.14271211624146,0.767114460468292,0.555411994457245,0.487183094024658,0.453613311052322,0.429114371538162,0.432402849197388
NaN,NaN,0,0,0,0,0,0,0,NaN,NaN,NaN,0,0,0,0,0,0,3.45049073757764e-08,8.19007109384984e-05,NaN,NaN,NaN,1.17728877067566,0.780724406242371,0.557491362094879,0.484409242868423,0.451385378837585,0.427911460399628,0.431793957948685
NaN,NaN,0,0,0,0,0,0,0,NaN,NaN,0,0,0,0,0,0,0,2.93986914812194e-07,0.00109318224713206,NaN,NaN,NaN,1.18373870849609,0.797622382640839,0.560170471668243,0.481898695230484,0.449110776185989,0.426641285419464,0.431180953979492
NaN,0,0,0,0,NaN,0,0,0,NaN,NaN,0,0,0,0,0,0,0,4.58339445685851e-06,0.00354989385232329,NaN,NaN,NaN,1.20259547233582,0.81866055727005,0.562392950057983,0.479905098676682,0.446856886148453,0.425300896167755,0.430568605661392
NaN,0,0,0,NaN,NaN,NaN,NaN,NaN,NaN,NaN,0,0,0,0,0,0,0,2.61241166299442e-05,0.00679801497608423,0.0432160012423992,NaN,NaN,1.2393239736557,0.837834060192108,0.56458967924118,0.47827935218811,0.44474658370018,0.424012243747711,0.42998468875885
NaN,0,0,NaN,NaN,NaN,NaN,NaN,NaN,NaN,0,0,0,0,0,0,0,0,0.000379393488401547,0.0147241214290261,0.0704537108540535,NaN,NaN,1.2386257648468,0.856273293495178,0.569928824901581,0.47667983174324,0.442569315433502,0.422733426094055,0.429405599832535
0,0,0,NaN,NaN,NaN,NaN,NaN,NaN,NaN,0,0,0,0,0,0,0,0,0.00185559422243387,0.0213841143995523,0.11640340089798,NaN,NaN,1.26074254512787,0.878743290901184,0.574693262577057,0.475310146808624,0.440405756235123,0.421358942985535,0.428821295499802
0,0,0,0,NaN,NaN,NaN,NaN,0,0,0,0,0,0,0,0,0,0,NaN,0.0282241459935904,0.192516297101974,NaN,NaN,1.27253413200378,0.899385154247284,0.579009413719177,0.473666727542877,0.438526481389999,0.419863373041153,0.428225100040436
0,0,0,0,NaN,0,0,NaN,0,0,0,0,0,0,0,0,0,NaN,NaN,0.0348743461072445,0.235943228006363,0.430666983127594,NaN,1.30019319057465,0.918221056461334,0.583626329898834,0.472774237394333,0.436455905437469,0.418521106243134,0.427562803030014
0,0,0,0,0,0,0,NaN,0,0,0,0,0,0,0,0,0,NaN,NaN,0.03875582665205,0.253210544586182,0.506642937660217,1.4531329870224,1.30761981010437,0.938446402549744,0.591257095336914,0.471724778413773,0.434397280216217,0.417213767766953,0.426874428987503
0,0,0,NaN,0,0,NaN,0,0,0,0,0,0,0,0,0,0,NaN,NaN,0.0319832526147366,0.198480948805809,0.590742170810699,1.4531329870224,1.32491540908813,0.958458721637726,0.598410069942474,0.470807731151581,0.432461857795715,0.415804147720337,0.426174134016037
0,0,0,0,0,0,NaN,0,0,0,0,0,0,0,0,0,0,NaN,NaN,0.0212259478867054,0.0207257177680731,0.782553493976593,1.43810129165649,1.3312976360321,0.977607727050781,0.604996383190155,0.469760686159134,0.430389493703842,0.414282113313675,0.42541441321373
0,0,0,0,0,0,NaN,0,0,0,0,0,0,0,0,0,0,NaN,NaN,NaN,NaN,0.980779528617859,1.21534621715546,1.33306384086609,0.997727692127228,0.610965430736542,0.468809843063354,0.428375065326691,0.412812560796738,0.424677670001984
0,0,0,0,0,0,0,0,0,0,0,0,0,0,0,0,0,NaN,NaN,NaN,NaN,1.08609008789063,1.33771824836731,1.36613762378693,1.01763260364532,0.619691908359528,0.46825310587883,0.426236391067505,0.411425054073334,0.423977702856064
0,0,0,0,0,0,0,0,0,0,0,0,0,0,0,0,0,NaN,NaN,NaN,NaN,1.17456209659576,1.3746429681778,1.40475046634674,1.03523480892181,0.627547919750214,0.468150347471237,0.424241036176682,0.409892797470093,0.423113763332367
0,0,0,0,0,0,0,0,0,0,0,0,0,0,0,0,0,NaN,NaN,NaN,NaN,1.23710441589355,1.47866022586823,1.44168758392334,1.05064702033997,0.634023427963257,0.467614948749542,0.422525137662888,0.408090978860855,0.422179520130157
0,0,0,0,0,0,0,0,0,0,0,0,0,0,0,0,0,NaN,NaN,NaN,NaN,0.939589142799377,1.46869015693665,1.47474777698517,1.06456077098846,0.639282524585724,0.467110097408295,0.420276343822479,0.406552255153656,0.421233505010605
0,0,0,0,0,0,0,0,0,0,0,0,0,0,0,0,NaN,NaN,NaN,NaN,NaN,0.939589142799377,1.59451174736023,1.50121283531189,1.07890439033508,0.643310725688934,0.466185122728348,0.418254107236862,0.40513351559639,0.420275747776031
0,0,0,0,0,0,0,0,0,0,0,0,0,0,0,0,NaN,NaN,NaN,NaN,NaN,NaN,1.63728845119476,1.52114915847778,1.08684146404266,0.648795366287231,0.465068340301514,0.416111886501312,0.403513163328171,0.419178754091263
0,0,0,0,0,0,0,0,0,0,0,0,0,0,0,NaN,NaN,NaN,NaN,NaN,NaN,NaN,1.66632509231567,1.53716742992401,1.09030532836914,0.653017103672028,0.464159429073334,0.413889676332474,0.401756167411804,0.417899042367935
0,0,0,0,0,0,0,0,0,0,0,0,0,0,NaN,NaN,NaN,NaN,NaN,NaN,NaN,NaN,1.69132626056671,1.55246949195862,1.0903754234314,0.654565334320068,0.463604241609573,0.411692410707474,0.400350481271744,0.416821479797363
0,0,0,0,0,0,0,0,7.13750632712618e-05,0.000433613837230951,0,0,NaN,NaN,NaN,NaN,NaN,NaN,NaN,NaN,NaN,NaN,1.726731300354,1.56433165073395,1.0891569852829,0.654113113880157,0.463074535131454,0.409170895814896,0.398858994245529,0.415721327066422
0,0,0,0,0,0,0,0,0.000258957326877862,0.00121357070747763,0,0,NaN,NaN,NaN,NaN,NaN,NaN,NaN,NaN,NaN,NaN,1.74216639995575,1.57909297943115,1.08708107471466,0.652678251266479,0.461830526590347,0.407172411680222,0.397114813327789,0.414583086967468
0,0,0,0,0,0,NaN,NaN,0.000143166747875512,0.00019055389566347,0,0,NaN,NaN,NaN,NaN,NaN,NaN,NaN,NaN,NaN,NaN,1.7350754737854,1.59733235836029,1.082195520401,0.649929821491241,0.460702776908875,0.404750376939774,0.395712465047836,0.413406699895859
0,0,0,0,0,NaN,NaN,NaN,3.63974982064974e-06,4.78896744482427e-08,0,0,NaN,NaN,NaN,NaN,NaN,NaN,NaN,NaN,NaN,1.22024989128113,1.62404477596283,1.61826300621033,1.07355308532715,0.647945642471313,0.458852738142014,0.402443885803223,0.394497841596603,0.412180930376053
0,0,0,0,NaN,NaN,NaN,NaN,NaN,0,0,NaN,NaN,NaN,NaN,NaN,NaN,NaN,NaN,NaN,NaN,1.22024989128113,1.73489618301392,1.64352488517761,1.06473004817963,0.645326256752014,0.457081228494644,0.400176078081131,0.393060356378555,0.4108667075634
0,0,0,NaN,NaN,NaN,NaN,NaN,NaN,NaN,NaN,NaN,NaN,NaN,NaN,NaN,NaN,NaN,NaN,NaN,NaN,NaN,1.83647346496582,1.67452692985535,1.05626583099365,0.64182049036026,0.455087512731552,0.397823125123978,0.391598105430603,0.409670323133469
0,0,NaN,NaN,NaN,NaN,NaN,NaN,NaN,NaN,NaN,NaN,NaN,NaN,NaN,NaN,NaN,NaN,NaN,NaN,NaN,NaN,1.81157779693604,1.70174074172974,1.0514749288559,0.636930584907532,0.452675759792328,0.395470499992371,0.390407234430313,0.408708661794662
0,NaN,NaN,NaN,NaN,NaN,NaN,NaN,NaN,NaN,NaN,NaN,NaN,NaN,NaN,NaN,NaN,NaN,NaN,NaN,NaN,NaN,1.70060670375824,1.7177871465683,1.04902231693268,0.630491256713867,0.451140195131302,0.392888695001602,0.38906329870224,0.407676339149475
0,NaN,NaN,NaN,NaN,NaN,NaN,NaN,NaN,NaN,NaN,NaN,NaN,NaN,NaN,NaN,NaN,NaN,NaN,NaN,NaN,NaN,1.62088656425476,1.69884610176086,1.04495084285736,0.624045372009277,0.448639869689941,0.390832930803299,0.387597382068634,0.40659299492836
0,NaN,NaN,NaN,NaN,NaN,NaN,NaN,NaN,NaN,NaN,NaN,NaN,NaN,NaN,NaN,NaN,NaN,NaN,NaN,NaN,NaN,NaN,1.70097422599792,1.03920102119446,0.616681933403015,0.446625620126724,0.388134956359863,0.386398404836655,0.405458599328995
0,NaN,NaN,NaN,NaN,NaN,NaN,NaN,NaN,NaN,NaN,NaN,NaN,NaN,NaN,NaN,NaN,NaN,NaN,NaN,NaN,NaN,NaN,1.69448256492615,1.03283619880676,0.60870486497879,0.44360214471817,0.385872930288315,0.385258555412292,0.404123097658157
0,NaN,NaN,NaN,NaN,NaN,NaN,NaN,NaN,NaN,NaN,NaN,NaN,NaN,NaN,NaN,NaN,NaN,NaN,NaN,NaN,NaN,NaN,1.68718445301056,1.02467286586761,0.601660490036011,0.440896660089493,0.383363217115402,0.383903503417969,0.402367264032364
0,0,NaN,NaN,NaN,NaN,NaN,NaN,NaN,NaN,NaN,NaN,NaN,NaN,NaN,NaN,NaN,NaN,NaN,NaN,NaN,NaN,NaN,1.68028128147125,1.01491594314575,0.594845950603485,0.438067942857742,0.381037801504135,0.382515728473663,0.40109658241272
0,0,0,0,NaN,NaN,NaN,NaN,NaN,NaN,NaN,NaN,NaN,NaN,NaN,NaN,NaN,NaN,NaN,NaN,NaN,NaN,NaN,1.67674231529236,1.00323379039764,0.587704122066498,0.43483030796051,0.378465592861176,0.381229966878891,0.40028190612793
0,0,0,0,0,0,NaN,NaN,NaN,NaN,NaN,NaN,NaN,NaN,NaN,NaN,NaN,NaN,NaN,NaN,NaN,NaN,NaN,1.64243292808533,0.99087792634964,0.579521775245667,0.432152718305588,0.375812530517578,0.379708409309387,0.399407058954239
0,0,0,0,0,0,NaN,NaN,NaN,NaN,NaN,NaN,NaN,NaN,NaN,NaN,NaN,NaN,NaN,NaN,NaN,NaN,NaN,1.58438408374786,0.977769732475281,0.571799874305725,0.428516536951065,0.373643547296524,0.378100693225861,0.398235321044922
0,0,0,0,0,0,NaN,NaN,NaN,NaN,NaN,NaN,NaN,NaN,NaN,NaN,NaN,NaN,NaN,NaN,NaN,NaN,NaN,1.60298562049866,0.960329234600067,0.564314782619476,0.425347864627838,0.370663791894913,0.377110034227371,0.39667147397995
0,0,0,0,0,0,NaN,NaN,NaN,NaN,NaN,NaN,NaN,NaN,NaN,NaN,NaN,NaN,NaN,NaN,NaN,NaN,NaN,1.61383247375488,0.938298583030701,0.555770576000214,0.421765863895416,0.368584841489792,0.37593600153923,0.394874900579453
0,0,0,0,0,0,NaN,NaN,NaN,NaN,NaN,NaN,NaN,NaN,NaN,NaN,NaN,NaN,NaN,NaN,NaN,NaN,NaN,1.51607179641724,0.910367727279663,0.5471431016922,0.418075710535049,0.365600436925888,0.374350339174271,0.392835825681686
0,0,0,0,0,0,0,NaN,NaN,NaN,NaN,NaN,NaN,NaN,NaN,NaN,NaN,NaN,NaN,NaN,NaN,NaN,NaN,1.23007965087891,0.879266798496246,0.537939131259918,0.414260894060135,0.363615900278091,0.373096793889999,0.392491847276688
0,0,0,0,0,0,0,NaN,NaN,NaN,NaN,NaN,NaN,NaN,NaN,NaN,NaN,NaN,NaN,NaN,NaN,NaN,NaN,1.15362918376923,0.846550643444061,0.529830515384674,0.410580694675446,0.360125720500946,0.371626943349838,0.392493039369583
0,0,0,0,0,0,0,0,NaN,NaN,NaN,NaN,NaN,NaN,NaN,NaN,NaN,NaN,NaN,NaN,NaN,NaN,NaN,1.08265089988708,0.815367996692657,0.520388722419739,0.405713081359863,0.358883142471313,0.369346231222153,0.392494231462479
0,0,0,0,0,0,0,0,0,NaN,NaN,NaN,NaN,NaN,NaN,NaN,NaN,NaN,NaN,NaN,NaN,NaN,NaN,1.02503836154938,0.786874175071716,0.50916188955307,0.40315243601799,0.355529010295868,0.368285298347473,0.392495423555374
0,0,0,0,0,0,0,0,0,NaN,NaN,NaN,NaN,NaN,NaN,NaN,NaN,NaN,NaN,NaN,NaN,NaN,NaN,1.01237940788269,0.760916113853455,0.501175701618195,0.396745324134827,0.352746248245239,0.368245273828506,0.392496585845947
0,0,0,0,0,0,0,0,0,NaN,NaN,NaN,NaN,NaN,NaN,NaN,NaN,NaN,NaN,NaN,NaN,NaN,NaN,0.982823848724365,0.737603068351746,0.493452519178391,0.395456790924072,0.352769136428833,0.368205279111862,0.392497777938843
0,0,0,0,0,0,0,0,0,NaN,NaN,NaN,NaN,NaN,NaN,NaN,NaN,NaN,NaN,NaN,NaN,NaN,NaN,0.964436650276184,0.709564805030823,0.479564100503922,0.387661188840866,0.34634405374527,0.362107962369919,0.376323699951172
0,0,0,0,0,0,0,0,0,NaN,NaN,NaN,NaN,NaN,NaN,NaN,NaN,NaN,NaN,NaN,NaN,NaN,NaN,0.94003689289093,0.687533497810364,0.471932977437973,0.386319607496262,0.346321493387222,0.362144768238068,0.376300185918808
0,0,0,0,0,0,0,0,0,NaN,NaN,NaN,NaN,NaN,NaN,NaN,NaN,NaN,NaN,NaN,NaN,NaN,NaN,0.90522712469101,0.665555000305176,0.463751703500748,0.379944264888763,0.343449324369431,0.362181603908539,0.376276642084122
0,0,0,0,0,0,0,0,0,NaN,0,NaN,NaN,NaN,NaN,NaN,NaN,NaN,NaN,NaN,NaN,NaN,NaN,0.863182246685028,0.643306910991669,0.452801376581192,0.377407282590866,0.339848160743713,0.361094683408737,0.376253038644791
0,0,0,0,0,0,0,0,0,0,2.16616135730874e-05,0,NaN,NaN,NaN,NaN,NaN,NaN,NaN,NaN,NaN,NaN,NaN,0.825543344020844,0.619925439357758,0.443793952465057,0.372513234615326,0.338553965091705,0.35858416557312,0.376229375600815
0,0,0,0,0,0,0,0,0,0,0.000601418782025576,0,NaN,NaN,NaN,NaN,NaN,NaN,NaN,NaN,NaN,NaN,NaN,0.776060521602631,0.595713794231415,0.436066031455994,0.369005113840103,0.334967792034149,0.356986701488495,0.376205682754517
0,0,0,0,0,0,0,0,0,0,0.00217394041828811,NaN,9.98532559606247e-05,NaN,NaN,NaN,NaN,NaN,NaN,NaN,NaN,0.149047672748566,0.1217195764184,0.713886082172394,0.572210073471069,0.427851796150208,0.36481785774231,0.332589119672775,0.355748444795609,0.375821202993393
0,0,0,0,0,0,0,0,0,8.64826051838463e-06,0.00115887785796076,0.000724160927347839,0.000177456298843026,0,NaN,NaN,NaN,NaN,NaN,NaN,NaN,0.149047672748566,0.173168882727623,0.674110531806946,0.549983978271484,0.420613408088684,0.360913246870041,0.329604655504227,0.354146510362625,0.373668283224106
0,0,0,0,NaN,0,0,0,0,6.12124631516053e-06,2.23053975787479e-05,0.000454104418167844,4.57811511296313e-05,0,NaN,NaN,NaN,NaN,NaN,NaN,NaN,NaN,0.214924976229668,0.628823578357697,0.53012228012085,0.413772463798523,0.356527715921402,0.327235162258148,0.352979928255081,0.371788382530212
0,0,0,0,NaN,0,0,0,0,0,0,0.000117176721687429,6.83225891862094e-07,0,0,7.04599045775467e-08,2.38224835413803e-08,7.4632154623e-11,0.0012112173717469,NaN,NaN,0.124370858073235,0.280853748321533,0.59241509437561,0.513626217842102,0.407440841197968,0.352446019649506,0.323762655258179,0.352022916078568,0.370152652263641
0,0,0,0,NaN,0,0,0,0,0,0,0,0,0,2.48798414759221e-07,0.000448732724180445,0.000696741510182619,0.339069545269012,0.00252026901580393,1.68378520015722e-07,NaN,0.126497358083725,0.362945348024368,0.568958222866058,0.499473571777344,0.400963127613068,0.347463697195053,0.321436524391174,0.350298702716827,0.368825435638428
0,0,0,0,NaN,NaN,0,0,0,0,0,0,0,0,7.3300134317833e-07,0.00283319689333439,0.0179809667170048,0.149965971708298,0.0134284989908338,0.000206644108402543,NaN,0.128004848957062,0.387741595506668,0.553417921066284,0.486493289470673,0.393975645303726,0.34301820397377,0.318506747484207,0.348663717508316,0.367722004652023
0,0,0,0,NaN,NaN,0,0,0,0,0,0,0,0,4.03411650040653e-06,0.00362051767297089,0.0257475767284632,0.0854472070932388,0.0228419471532106,0.00128694856539369,8.7634634837741e-07,0.26397630572319,0.399331271648407,0.536370933055878,0.473917603492737,0.387371838092804,0.337711781263351,0.315644472837448,0.347453594207764,0.36669072508812
0,0,0,0,0,NaN,0,0,0,0,0,0,0,0,8.4332960170741e-08,0.00088051613420248,0.012138444930315,0.0441224090754986,0.016373148187995,0.00109227048233151,2.89400895781e-06,0.258025914430618,0.397671461105347,0.517261862754822,0.461695224046707,0.380488336086273,0.332620531320572,0.312945961952209,0.346182763576508,0.365132391452789
0,0,0,0,0,NaN,0,0,0,0,0,0,0,0,1.74799208441101e-09,0.00015221287321765,0.00527725741267204,0.0228164047002792,0.0082685174420476,0.000217405060539022,5.62101547529892e-07,0.271874040365219,0.378169447183609,0.497132122516632,0.449810743331909,0.373642891645432,0.32730570435524,0.310130923986435,0.344921112060547,0.363012135028839
0,0,0,0,0,0,0,0,0,0,0,0,0,0,3.55517373352987e-13,2.22763119381852e-05,0.00221491022966802,0.0124887973070145,0.00346843688748777,2.29939196287887e-05,9.03002046470647e-08,0.271756500005722,0.341232270002365,0.475367039442062,0.438079655170441,0.366981089115143,0.321480542421341,0.307584464550018,0.343926548957825,0.361356854438782
0,0,0,0,0,0,0,0,0,0,0,0,0,0,0,1.38064694965578e-06,0.000892359938006848,0.00623154081404209,0.00083958258619532,1.78597781541612e-06,2.11363476410042e-05,0.135368198156357,0.28667938709259,0.451658666133881,0.426392078399658,0.360195904970169,0.316183418035507,0.304563641548157,0.342902094125748,0.359924286603928
0,0,0,0,0,0,0,0,0,0,0,0,0,0,0,7.29424201040274e-08,0.000263864320004359,0.00209922902286053,0.000172929081600159,2.77717560948076e-07,0.000172611529706046,0.0460719019174576,0.225930243730545,0.426582753658295,0.414888292551041,0.353606432676315,0.310092806816101,0.302379727363586,0.341594338417053,0.3585504591465
0,0,0,0,0,0,0,0,0,0,0,0,0,0,0,6.0660892975406e-10,3.82912803615909e-05,0.000465775461634621,1.60216695803683e-05,9.74435376832616e-09,0.000296707265079021,0.0264778155833483,0.176521942019463,0.402779579162598,0.403609067201614,0.346566766500473,0.304895639419556,0.299715012311935,0.340508252382278,0.357235372066498
0,0,0,0,0,0,0,0,0,0,0,0,0,0,0,0,3.60230524165672e-06,3.72212525689974e-05,4.61957938568958e-07,7.21885121124366e-11,0.000219336405280046,0.0210378766059875,0.151611283421516,0.38340300321579,0.392684996128082,0.339634358882904,0.299673974514008,0.29763126373291,0.339559316635132,0.355953365564346
0,0,0,0,0,0,0,0,0,0,0,0,0,0,0,0,1.0261027227898e-07,9.03808597740863e-07,5.52566703504453e-09,1.45721590349979e-09,0.000122569355880842,0.0224785674363375,0.146146655082703,0.370426654815674,0.382027715444565,0.332883358001709,0.29508775472641,0.295582324266434,0.338486582040787,0.354141086339951
0,0,0,0,0,0,0,0,0,0,0,0,0,0,0,0,3.47325029848022e-10,5.12754416703842e-09,3.20236672735064e-08,1.92051928138426e-07,0.000202009119675495,0.0245162826031446,0.149753719568253,0.362067610025406,0.37139680981636,0.325776934623718,0.290580421686172,0.293785691261292,0.337478339672089,0.352148205041885
0,0,0,0,0,0,0,0,0,0,0,0,0,0,0,0,0,4.14994572039973e-09,3.20500180350791e-06,3.03724827972474e-05,0.000711542961653322,0.0266886409372091,0.152842774987221,0.35449293255806,0.360745668411255,0.318548768758774,0.285835444927216,0.292034715414047,0.336593866348267,0.350257486104965
0,0,0,0,0,0,0,0,0,0,0,0,0,0,0,0,0,1.58402755801035e-07,8.36074759718031e-05,0.000552805489860475,0.00233624619431794,0.0294506084173918,0.1571194678545,0.34532031416893,0.349589794874191,0.311378806829453,0.281511962413788,0.290307968854904,0.335630804300308,0.348431318998337
0,0,0,0,0,0,0,0,0,0,0,0,0,0,0,0,0,8.79035297884911e-08,0.00028592930175364,0.00162329769227654,0.00625435030087829,0.0346644595265388,0.162602648139,0.335500955581665,0.338357895612717,0.304189324378967,0.276710510253906,0.289058417081833,0.334431380033493,0.346659660339355
0,0,0,0,0,0,0,0,0,0,0,0,0,0,0,0,0,7.33100975480738e-08,0.0001959141518455,0.00166942470241338,0.0102704521268606,0.0473746620118618,0.169753581285477,0.32467719912529,0.327454388141632,0.296393364667892,0.272399544715881,0.287542939186096,0.333357006311417,0.344942510128021
0,0,0,0,0,0,0,0,0,0,0,0,0,0,0,0,0,3.13891007408529e-07,0.000152884313138202,0.00204751291312277,0.0142396818846464,0.0701254159212112,0.179114818572998,0.313021510839462,0.316615760326385,0.288569688796997,0.267758399248123,0.286333084106445,0.332359939813614,0.343249619007111
0,0,0,0,0,0,0,0,0,0,0,0,0,0,0,0,0,6.05788130769724e-08,0.000196083594346419,0.0020958527456969,0.0219552274793386,0.0896240249276161,0.188064515590668,0.300309777259827,0.305397033691406,0.280378997325897,0.263796120882034,0.285150438547134,0.331260353326797,0.341135293245316
0,0,0,0,0,0,0,0,0,0,0,0,0,0,0,0,0,3.78639253284518e-09,0.000157911723363213,0.00212167180143297,0.028172330930829,0.0922510921955109,0.189879700541496,0.287573277950287,0.294033706188202,0.272107988595963,0.259854584932327,0.284053951501846,0.330220967531204,0.33896392583847
0,0,0,0,0,0,0,0,0,0,0,0,0,0,0,0,0,4.21929435834301e-11,7.400172034977e-05,0.00183953368104994,0.0303202643990517,0.0786936283111572,0.178018808364868,0.275170236825943,0.282461524009705,0.26450189948082,0.255979835987091,0.2831070125103,0.329268276691437,0.336843430995941
