0,0,0,0,0,0,0,0,0,0,0,0,0,0,0,0,0,0,6.09835055717656e-12,0.443096041679382,11.4945278167725,16.5413036346436,38.9608154296875,77.7623977661133,84.5941162109375,84.7982559204102,85.3056106567383,84.7788925170898,81.3614959716797,76.6889724731445
0,0,0,0,0,0,0,0,0,0,0,0,0,0,0,0,0,0,4.4705916147302e-15,0.0461275391280651,10.1029109954834,13.3461818695068,34.762393951416,75.9860076904297,84.0902252197266,84.4562530517578,85.1298904418945,84.6894226074219,81.0327377319336,76.1250991821289
0,0,0,0,0,0,0,0,0,0,0,0,0,0,0,0,0,0,2.71079949392152e-18,0.00747381430119276,7.90798902511597,12.0095806121826,30.7986087799072,73.2957229614258,83.4905853271484,84.1260528564453,85.0046539306641,84.5966491699219,80.6878356933594,75.6025695800781
0,0,0,0,0,0,0,0,0,0,0,0,0,0,0,0,0,0,4.67446969672333e-20,0.000392838148400187,5.06534814834595,11.7466077804565,27.3530788421631,70.1102752685547,82.7180480957031,83.7361831665039,84.8932113647461,84.4945526123047,80.3601837158203,75.1768569946289
0,0,0,0,0,0,0,0,0,0,0,0,0,0,0,0,0,0,0,1.68484857567819e-05,2.37542009353638,9.79234027862549,24.8533782958984,66.2895584106445,81.7177734375,83.1884536743164,84.80517578125,84.3843307495117,80.0425186157227,74.7102203369141
0,NaN,0,0,0,0,0,0,0,0,0,0,0,0,0,0,0,0,0,7.01208875852899e-07,0.904709279537201,6.55533695220947,23.2040901184082,61.8296966552734,80.3480682373047,82.4381637573242,84.6804733276367,84.2870330810547,79.7075729370117,74.2082748413086
NaN,NaN,0,0,0,0,0,0,0,0,0,0,0,0,0,0,0,0,0,4.69037608752387e-09,0.255737870931625,4.47468519210815,21.7856025695801,57.3951110839844,78.4770812988281,81.4144134521484,84.5484771728516,84.1818084716797,79.3553848266602,73.7394256591797
NaN,NaN,NaN,0,0,0,0,0,0,0,0,0,0,0,0,0,0,0,0,1.54258650297834e-09,0.0528099536895752,3.00350618362427,20.1257629394531,53.4124488830566,75.940559387207,80.0537414550781,84.3115005493164,84.068229675293,78.9921417236328,73.2774810791016
NaN,NaN,NaN,0,0,0,0,0,0,0,0,0,0,0,0,0,0,0,0,1.1540117819675e-11,0.00664753001183271,2.04003357887268,17.5062274932861,49.5685768127441,72.8141708374023,78.4245223999023,84.0152130126953,83.9546127319336,78.5876312255859,72.8336181640625
NaN,NaN,NaN,0,0,0,0,0,0,0,0,0,0,0,0,0,0,0,0,1.2230243944325e-12,0.000299112492939457,1.46379065513611,13.8700885772705,46.2310218811035,69.3114395141602,76.4475250244141,83.6187210083008,83.8365707397461,78.1086502075195,72.4393615722656
NaN,NaN,NaN,NaN,0,0,0,0,0,0,0,0,0,0,0,0,0,0,0,4.35705658902966e-15,6.65273546474054e-06,0.886533141136169,10.1585884094238,43.3290557861328,65.8406448364258,73.6967468261719,83.2085342407227,83.7018585205078,77.5960388183594,72.0529022216797
NaN,NaN,NaN,NaN,0,0,0,0,0,0,0,0,0,0,0,0,0,0,0,0,3.14057153616432e-08,0.308545619249344,6.82379961013794,40.1429252624512,62.8582191467285,70.7159042358398,82.6998062133789,83.5457534790039,77.0632019042969,71.6570510864258
NaN,NaN,NaN,NaN,NaN,0,0,0,0,0,0,0,0,0,0,0,0,0,0,0,3.2273989036824e-11,0.0524168200790882,4.03853845596313,36.8704376220703,60.4022026062012,68.0911102294922,82.2220077514648,83.3610763549805,76.5044631958008,71.2020874023438
NaN,NaN,NaN,NaN,NaN,NaN,0,0,0,0,0,0,0,0,0,0,0,0,0,0,1.17616989281713e-13,0.0045377709902823,2.20729660987854,33.352783203125,58.4450645446777,65.974853515625,81.692626953125,83.0764999389648,75.9772872924805,70.6665802001953
NaN,NaN,NaN,NaN,NaN,NaN,NaN,0,0,0,0,0,0,0,0,0,0,0,0,0,1.12524885971386e-15,0.000153677421621978,1.2605642080307,30.0247097015381,56.8608360290527,64.1679382324219,81.1676177978516,82.7539215087891,75.4294662475586,70.1218872070313
NaN,NaN,NaN,NaN,NaN,NaN,NaN,0,0,0,0,0,0,0,0,0,0,0,0,0,1.25387885956742e-15,5.02611965202959e-06,0.750140964984894,27.1508045196533,55.2406005859375,62.7620697021484,80.6139602661133,82.4000701904297,74.8490905761719,69.5796966552734
NaN,NaN,NaN,NaN,NaN,NaN,NaN,NaN,0,0,0,0,0,0,0,0,0,0,NaN,0,1.04701742610104e-16,1.07673248095352e-08,0.532055139541626,24.6181392669678,53.3206634521484,61.7183036804199,80.0206832885742,82.0363388061523,74.2570648193359,69.0388336181641
0,0,0,NaN,NaN,NaN,NaN,NaN,NaN,0,0,0,0,0,0,0,0,0,NaN,0,2.43169200483873e-18,7.3419090251825e-11,0.391197025775909,22.6157760620117,51.2275276184082,60.7662734985352,79.5013122558594,81.6897583007813,73.5689163208008,68.4785919189453
0,0,0,0,NaN,NaN,NaN,NaN,NaN,0,0,0,0,0,0,0,0,0,0,0,9.62752606893628e-22,2.10501985308843e-13,0.223740682005882,20.8560333251953,49.0722579956055,60.067497253418,78.8176422119141,81.357551574707,72.8441696166992,67.9088973999023
0,0,0,0,NaN,NaN,NaN,NaN,NaN,NaN,0,0,0,0,0,0,0,0,0,0,0,4.37159527429457e-17,0.19518218934536,19.3409614562988,47.083984375,59.3279914855957,78.2793960571289,81.0705261230469,72.101692199707,67.3356170654297
0,0,0,0,NaN,NaN,NaN,NaN,NaN,NaN,0,0,0,0,0,0,0,0,0,0,0,1.46948900517841e-17,0.104671031236649,17.9569282531738,45.3325004577637,58.6714630126953,77.6720657348633,80.8120727539063,71.3173294067383,66.7738037109375
0,0,0,0,0,0,NaN,NaN,NaN,NaN,0,0,0,0,0,0,0,0,0,0,0,5.9236686683413e-18,0.1441400796175,16.6526050567627,43.7682952880859,57.8812789916992,77.0317459106445,80.5177841186523,70.5638275146484,66.4328994750977
0,NaN,NaN,0,0,0,NaN,NaN,NaN,NaN,0,0,0,0,0,0,0,0,0,0,0,1.15238832473948e-17,0.09856928139925,15.5250177383423,42.1162948608398,57.1972503662109,76.2898178100586,80.1950836181641,69.8409881591797,66.1147155761719
NaN,NaN,NaN,NaN,0,0,NaN,NaN,NaN,NaN,0,0,0,0,0,0,0,0,0,0,0,2.92291019239411e-17,0.132765918970108,14.1761493682861,40.3465003967285,56.5147285461426,75.613655090332,79.8697052001953,69.115364074707,65.8018951416016
0,NaN,NaN,NaN,0,0,NaN,NaN,NaN,NaN,0,0,0,0,0,0,0,0,0,0,0,8.89764270518177e-18,0.0930217877030373,12.8466663360596,38.3711318969727,55.7617835998535,75.119270324707,79.5363693237305,68.3561935424805,65.4970016479492
0,NaN,NaN,NaN,0,0,NaN,NaN,NaN,NaN,0,0,0,0,0,0,0,0,0,0,0,1.38364296043674e-17,0.0959023013710976,11.4025011062622,36.5000114440918,55.0050659179688,74.5211029052734,79.1826553344727,67.4863510131836,65.193603515625
0,NaN,NaN,NaN,NaN,NaN,NaN,NaN,NaN,NaN,0,0,0,0,0,0,0,0,0,0,0,1.23547770737175e-17,0.0810352340340614,10.1493072509766,34.4380722045898,54.2749404907227,73.7974853515625,78.8296813964844,66.5529174804688,64.891716003418
0,NaN,NaN,NaN,NaN,NaN,NaN,NaN,NaN,NaN,0,0,0,0,0,0,0,0,0,0,0,4.26382447654493e-18,0.0688216984272003,9.04267120361328,32.4729194641113,53.4742546081543,73.1460189819336,78.5022201538086,65.5690460205078,64.5919799804688
0,NaN,NaN,NaN,NaN,NaN,NaN,NaN,NaN,NaN,NaN,0,0,0,0,0,0,0,0,0,0,7.46667504618062e-20,0.0605011582374573,8.11994934082031,30.679723739624,52.6726112365723,72.482421875,78.0887069702148,64.5289306640625,64.3046646118164
NaN,NaN,NaN,NaN,NaN,NaN,NaN,NaN,NaN,NaN,0,0,0,0,0,0,0,0,0,0,0,9.94388129420718e-20,0.0364181064069271,7.31064701080322,29.1683940887451,52.0574989318848,71.7836990356445,77.4701995849609,63.648624420166,64.0210113525391
NaN,NaN,NaN,NaN,NaN,NaN,NaN,NaN,NaN,NaN,0,0,0,0,0,0,0,0,0,0,0,6.64087911801908e-23,0.0253853127360344,6.68021154403687,27.8200244903564,51.6282577514648,71.2463455200195,76.7308044433594,62.7221221923828,63.7365951538086
NaN,NaN,NaN,NaN,NaN,NaN,NaN,NaN,NaN,0,0,0,0,0,0,0,0,0,0,0,0,6.52657916819543e-24,0.0100325113162398,6.27455043792725,26.8260383605957,51.182544708252,70.6252059936523,76.0753860473633,61.6297721862793,63.4510879516602
NaN,NaN,NaN,NaN,NaN,NaN,0,NaN,NaN,0,0,0,0,0,0,0,0,0,0,0,0,0,0.00438093673437834,6.31575345993042,26.1371784210205,50.974292755127,70.0102233886719,75.4424896240234,60.4058456420898,63.1604499816895
NaN,NaN,NaN,NaN,NaN,NaN,0,NaN,NaN,0,0,0,0,0,0,0,0,0,0,0,0,0,0.004178736358881,6.58844614028931,25.7707691192627,50.7384910583496,69.5037002563477,74.7709426879883,59.0846824645996,62.8565063476563
NaN,NaN,NaN,NaN,NaN,0,0,NaN,NaN,0,0,0,0,0,0,0,0,0,0,0,0,0,0.00238438113592565,7.18157720565796,25.8928451538086,50.4580993652344,69.0632553100586,74.0698013305664,57.6480865478516,62.5041313171387
NaN,NaN,NaN,NaN,0,0,0,NaN,NaN,0,0,0,0,0,0,0,0,0,0,0,0,2.10578118913161e-18,0.020432410761714,8.11322593688965,26.1270408630371,50.4336013793945,68.5664978027344,73.2597808837891,56.4321823120117,62.2706413269043
NaN,NaN,NaN,NaN,0,0,0,NaN,NaN,0,0,0,0,0,0,0,0,0,0,0,0,3.76732146307522e-19,0.0198649391531944,8.9535436630249,26.8150653839111,50.2501678466797,67.9688568115234,72.2942504882813,55.6462936401367,62.1638488769531
NaN,NaN,NaN,0,0,0,0,NaN,0,0,0,0,0,0,0,0,0,0,0,0,0,7.87602005475835e-18,0.0795733705163002,9.94916534423828,27.4480304718018,50.2082901000977,67.4504013061523,71.2863311767578,54.6886100769043,62.0602378845215
NaN,NaN,NaN,NaN,0,0,0,NaN,0,0,0,0,0,0,0,0,0,0,0,0,0,4.22725225740406e-17,0.104162454605103,10.8206739425659,28.2178554534912,50.5560340881348,67.0318603515625,70.2541198730469,53.5712356567383,61.959774017334
NaN,NaN,NaN,NaN,0,0,0,NaN,0,0,0,0,0,0,0,0,0,0,0,0,0,2.18139955091756e-16,0.21085911989212,11.6464834213257,29.258617401123,50.6408615112305,66.5855712890625,69.2054595947266,52.2442932128906,61.8901138305664
NaN,NaN,NaN,NaN,0,0,0,0,0,0,0,0,0,0,0,0,0,0,0,0,0,2.22599602087896e-15,0.280496627092361,12.2792711257935,30.3035850524902,50.9890785217285,65.9682846069336,68.3098831176758,50.7088470458984,61.895336151123
NaN,NaN,NaN,NaN,NaN,NaN,0,0,0,0,0,0,0,0,0,0,0,0,0,0,0,6.29839266136877e-14,0.33433273434639,12.7025995254517,30.9224281311035,51.1808166503906,65.3431167602539,67.3605651855469,49.0845642089844,61.9117660522461
NaN,NaN,NaN,NaN,NaN,NaN,0,0,0,0,0,0,0,0,0,0,0,0,0,0,0,7.32320156121916e-14,0.352497637271881,12.7435474395752,31.8945827484131,51.2414588928223,64.8391494750977,65.6758575439453,48.406867980957,61.9757041931152
NaN,NaN,NaN,NaN,NaN,NaN,0,0,0,0,0,0,0,0,0,0,0,0,0,0,0,0,0.297369569540024,12.6347141265869,32.4029579162598,51.4576301574707,64.6067733764648,63.6798515319824,47.8381462097168,62.2820091247559
NaN,NaN,NaN,NaN,NaN,NaN,0,0,0,0,0,0,0,0,0,0,0,0,0,0,0,3.43540783179209e-23,0.19051605463028,12.1699419021606,32.8573913574219,51.254337310791,63.958667755127,62.2963714599609,47.1047439575195,62.6543464660645
NaN,NaN,NaN,NaN,NaN,NaN,0,0,0,0,0,0,0,0,0,0,0,0,0,0,0,2.55403736598799e-24,0.132332995533943,11.7937698364258,32.6856536865234,51.2309265136719,62.7984771728516,61.3111953735352,46.2970542907715,63.3071174621582
NaN,NaN,NaN,NaN,NaN,NaN,0,0,0,0,0,0,0,0,0,0,0,0,0,0,0,0,0.0996901392936707,11.2267799377441,32.3218841552734,51.1777687072754,61.2967491149902,60.2359352111816,45.3483467102051,64.1865158081055
NaN,NaN,NaN,NaN,NaN,NaN,0,0,0,0,0,0,0,0,0,0,0,0,0,0,0,0,0.0808348134160042,10.7559595108032,31.2649879455566,50.6646919250488,59.5863990783691,58.8846282958984,43.9720344543457,65.3551483154297
NaN,NaN,NaN,NaN,NaN,NaN,NaN,0,0,0,0,0,0,0,0,0,0,0,0,0,0,0,0.0528355874121189,10.2785158157349,29.6164093017578,49.6292152404785,57.8030471801758,57.2864456176758,43.6166687011719,65.749755859375
NaN,NaN,NaN,NaN,NaN,NaN,NaN,NaN,0,0,0,0,0,0,0,0,0,0,0,0,0,0,0.0643002837896347,9.75020217895508,28.0072479248047,47.8664665222168,56.4241638183594,55.1970558166504,44.2383270263672,65.7075653076172
NaN,NaN,NaN,NaN,NaN,NaN,NaN,NaN,0,0,0,0,0,0,0,0,0,0,0,0,0,0,0.0774711742997169,9.44907474517822,25.3933868408203,46.4770698547363,54.9648475646973,51.8176498413086,45.0713310241699,65.6655578613281
NaN,NaN,NaN,NaN,NaN,NaN,NaN,NaN,0,0,0,0,0,0,0,0,0,0,0,0,0,0,0.0799002051353455,8.69279003143311,22.431037902832,45.3443374633789,53.9245529174805,46.2966842651367,46.1913528442383,65.6237335205078
NaN,NaN,NaN,NaN,NaN,NaN,NaN,NaN,0,0,0,0,0,0,0,0,0,0,0,0,0,0,0.120758965611458,8.10547256469727,18.9723320007324,43.2689590454102,51.0698661804199,42.6216087341309,47.943416595459,65.5820846557617
NaN,NaN,NaN,NaN,NaN,NaN,NaN,NaN,0,0,0,0,NaN,0,0,0,0,0,0,0,0,0,0.112095601856709,7.17062950134277,15.0193529129028,41.8921546936035,45.3523368835449,42.609561920166,50.0761756896973,65.5406188964844
NaN,NaN,NaN,NaN,NaN,NaN,NaN,NaN,0,0,0,0,NaN,0,0,0,0,0,0,0,0,0,0.12083925306797,6.10441780090332,9.44965744018555,39.6078186035156,42.0987854003906,43.0403175354004,51.0620994567871,65.4993286132813
NaN,NaN,NaN,NaN,NaN,NaN,NaN,NaN,0,0,0,0,0,NaN,0,0,0,0,0,0,0,0,0.10048159211874,4.16339445114136,6.82215547561646,33.0726356506348,42.084156036377,41.6047134399414,51.0411148071289,65.4582214355469
NaN,NaN,NaN,NaN,NaN,NaN,NaN,NaN,0,0,0,0,0,0,0,0,0,0,0,0,0,0,0.0784292668104172,2.41496014595032,2.802903175354,32.1261596679688,37.7115058898926,39.0814590454102,51.0201568603516,65.4172897338867
NaN,NaN,NaN,NaN,NaN,NaN,NaN,NaN,0,0,0,0,0,0,0,0,0,0,0,0,0,0,0.00615578750148416,0.878931760787964,2.14461588859558,22.5670528411865,29.6142883300781,39.053108215332,50.9992294311523,65.3765411376953
NaN,NaN,NaN,NaN,NaN,NaN,NaN,NaN,NaN,0,0,0,0,0,0,0,0,0,0,0,0,0,0.00253908894956112,0.229039385914803,0.203346461057663,15.7281398773193,29.579517364502,39.0259666442871,50.9783248901367,65.3359680175781
NaN,NaN,NaN,NaN,NaN,NaN,NaN,NaN,0,0,0,0,0,0,0,NaN,0,0,0,0,0,0,0.00010213116183877,0.0436204113066196,0.191969767212868,15.6774473190308,29.5696220397949,38.9988479614258,50.9574546813965,65.2955703735352
NaN,NaN,NaN,NaN,NaN,NaN,NaN,NaN,0,0,0,0,0,0,0,0,0,0,0,0,0,0,1.69384017759895e-18,5.55558656856192e-08,1.05676853656769,9.15999794006348,29.8009662628174,38.8766899108887,55.2540664672852,65.0913543701172
NaN,NaN,NaN,NaN,NaN,NaN,NaN,NaN,NaN,0,0,0,0,0,0,0,0,0,0,0,0,0,1.00497770854732e-18,4.62692284486366e-08,1.06548964977264,9.19071388244629,29.8258628845215,38.8987121582031,55.2801322937012,65.1319122314453
NaN,NaN,NaN,NaN,NaN,NaN,NaN,NaN,NaN,0,0,0,0,0,0,0,0,0,0,0,0,0,0,3.22238302664576e-14,0.874656975269318,10.402135848999,29.8442935943604,38.9207496643066,55.306224822998,65.1726455688477
NaN,NaN,NaN,NaN,NaN,NaN,NaN,NaN,NaN,0,0,0,0,0,0,0,0,0,0,0,0,0,0,4.59991880740265e-14,0.844994723796844,11.6153535842896,25.8048896789551,38.9414138793945,55.3323440551758,65.2135467529297
NaN,NaN,NaN,NaN,NaN,NaN,NaN,NaN,NaN,0,0,0,0,0,0,0,0,0,0,0,0,0,0,7.41429690537775e-14,1.34251892566681,11.8432912826538,22.3083877563477,35.7504196166992,55.3584938049316,65.2546157836914
NaN,NaN,NaN,NaN,NaN,NaN,NaN,NaN,NaN,0,0,0,0,0,0,0,0,0,0,0,0,0,0,3.13673566287864e-11,1.85156440734863,12.7150897979736,22.3479652404785,32.9906311035156,55.3846702575684,65.2958602905273
NaN,NaN,NaN,NaN,NaN,NaN,NaN,NaN,NaN,0,0,0,0,0,0,0,0,0,0,0,0,0,0,1.25336949152732e-10,2.20667672157288,12.9120435714722,22.0815601348877,32.365535736084,54.3740501403809,65.3372573852539
NaN,NaN,NaN,NaN,NaN,NaN,NaN,NaN,0,0,0,0,0,0,0,0,0,0,0,0,0,0,0,3.64744956460328e-10,2.96226358413696,13.7615156173706,22.2013645172119,32.4565238952637,52.9393730163574,65.3788299560547
NaN,NaN,NaN,NaN,NaN,NaN,NaN,NaN,0,0,NaN,0,0,0,0,0,0,0,0,0,0,0,0,7.98565547022179e-10,3.45347261428833,15.6155529022217,22.7208042144775,33.6124420166016,52.6807708740234,65.4205703735352
NaN,NaN,NaN,NaN,NaN,NaN,NaN,NaN,0,0,NaN,NaN,0,0,0,0,0,0,0,0,0,0,0,3.96528821511311e-06,4.30756855010986,16.3898830413818,23.1975574493408,36.0401916503906,52.8628234863281,65.4624786376953
NaN,NaN,NaN,NaN,NaN,NaN,NaN,NaN,NaN,NaN,NaN,NaN,NaN,0,0,0,0,0,0,0,0,0,0,4.44977704319172e-05,5.02693748474121,17.1676807403564,23.5731220245361,38.0250549316406,53.0201568603516,65.5045471191406
NaN,NaN,NaN,NaN,NaN,NaN,NaN,NaN,NaN,NaN,NaN,0,NaN,0,0,0,0,0,0,0,0,0,3.60695099988655e-22,0.00291395210660994,6.17617273330688,18.0605792999268,23.906702041626,39.5368232727051,53.1999282836914,65.5467987060547
NaN,NaN,NaN,NaN,NaN,NaN,NaN,NaN,NaN,0,0,0,0,0,0,0,0,0,0,0,0,0,3.34073253046032e-19,0.00809088349342346,7.25442790985107,18.9769058227539,24.4943923950195,40.6065788269043,53.8214073181152,65.5665435791016
NaN,NaN,NaN,NaN,NaN,NaN,NaN,NaN,0,0,0,0,0,0,0,0,0,0,0,0,0,0,4.5771857215887e-18,0.0410711541771889,8.30173110961914,19.9310989379883,25.1961441040039,41.350902557373,54.9184608459473,65.4620819091797
NaN,NaN,NaN,NaN,NaN,NaN,NaN,NaN,0,0,0,0,0,0,0,0,0,0,0,0,0,0,2.63887100783152e-15,0.0730345994234085,9.4664306640625,20.7039394378662,26.387414932251,41.9339256286621,55.7080345153809,65.1355056762695
NaN,NaN,NaN,NaN,NaN,NaN,NaN,NaN,NaN,NaN,NaN,0,0,0,0,0,0,0,0,0,0,0,4.70904273962378e-14,0.172803774476051,10.3450288772583,21.4874477386475,28.3191318511963,42.3288803100586,56.27978515625,64.8393402099609
NaN,NaN,NaN,NaN,NaN,NaN,NaN,NaN,NaN,NaN,NaN,0,0,0,0,0,0,0,0,0,0,0,3.38889886205423e-14,0.285790950059891,11.2850828170776,22.027379989624,30.1191596984863,43.1546516418457,56.685604095459,64.5970611572266
NaN,NaN,NaN,NaN,NaN,NaN,NaN,NaN,NaN,NaN,NaN,0,0,0,0,0,0,0,0,0,0,0,8.10795522518046e-15,0.377117156982422,11.9686651229858,22.8828563690186,31.1678504943848,44.6471366882324,56.9611740112305,64.3825836181641
NaN,NaN,NaN,NaN,NaN,NaN,NaN,NaN,NaN,NaN,NaN,NaN,0,0,0,0,0,0,0,0,0,0,4.85504081124762e-15,0.484968781471252,12.5512170791626,23.6473197937012,32.1008415222168,45.6894874572754,57.1194114685059,64.2510223388672
NaN,NaN,NaN,NaN,NaN,NaN,NaN,NaN,NaN,NaN,NaN,NaN,0,0,0,0,0,0,0,0,0,0,1.66249477427877e-14,0.558179914951324,12.9575271606445,24.2063426971436,33.2123336791992,46.4903869628906,57.1194305419922,64.1403884887695
NaN,NaN,NaN,NaN,NaN,NaN,NaN,NaN,NaN,NaN,NaN,NaN,0,0,0,0,0,0,0,0,0,0,7.87213312114857e-14,0.692421317100525,13.2032136917114,25.0452995300293,34.4122085571289,47.2288627624512,57.0572357177734,64.0402069091797
NaN,NaN,NaN,NaN,NaN,NaN,NaN,NaN,NaN,NaN,NaN,NaN,0,0,0,0,0,0,0,0,0,0,5.3564390336408e-13,0.739055335521698,13.7966022491455,25.9606800079346,35.8340148925781,47.9400024414063,56.9589691162109,63.9884719848633
NaN,NaN,NaN,NaN,NaN,NaN,NaN,NaN,NaN,NaN,NaN,0,0,0,0,0,0,0,0,0,0,0,4.66895402548295e-13,0.951387107372284,14.7065658569336,26.9748687744141,37.6256294250488,48.4501724243164,56.8423271179199,63.9578590393066
NaN,NaN,NaN,NaN,NaN,NaN,NaN,NaN,NaN,NaN,NaN,NaN,0,0,0,0,0,0,0,0,0,0,3.79717091103515e-12,1.1473673582077,16.2839527130127,28.2078304290771,39.2932662963867,48.8718757629395,56.6384315490723,63.9315910339355
NaN,NaN,NaN,NaN,NaN,NaN,NaN,NaN,NaN,NaN,NaN,NaN,NaN,0,0,0,0,0,0,0,0,0,5.0462355648262e-12,1.47946012020111,18.2561225891113,29.7202701568604,40.6914901733398,49.1829147338867,56.4089851379395,63.9096183776855
NaN,NaN,NaN,NaN,NaN,NaN,NaN,NaN,NaN,NaN,NaN,NaN,NaN,0,0,0,0,0,0,0,0,0,1.07207964727962e-09,1.9637793302536,20.3960647583008,31.1836566925049,42.1615943908691,49.4610748291016,56.3724060058594,63.7113380432129
NaN,NaN,NaN,NaN,NaN,NaN,NaN,NaN,NaN,NaN,NaN,NaN,NaN,NaN,0,0,0,0,0,0,0,0,3.46232553738446e-09,2.56453633308411,22.4865493774414,32.8404273986816,43.3013725280762,49.568244934082,56.3887519836426,63.3515853881836
NaN,NaN,NaN,NaN,NaN,NaN,NaN,NaN,NaN,NaN,NaN,NaN,NaN,NaN,0,0,0,0,0,0,0,0,3.58298137825841e-08,3.33554673194885,24.2705116271973,34.9359092712402,44.1878814697266,49.5649261474609,56.3422431945801,63.049243927002
NaN,NaN,NaN,NaN,NaN,NaN,NaN,NaN,NaN,NaN,NaN,NaN,NaN,NaN,NaN,0,0,0,0,0,0,0,7.82287159495354e-08,4.07860374450684,25.9468765258789,36.9318237304688,45.0512733459473,49.4813079833984,56.3331413269043,62.7856140136719
NaN,NaN,NaN,NaN,NaN,NaN,NaN,NaN,NaN,NaN,NaN,NaN,NaN,NaN,NaN,0,0,0,0,0,0,0,2.00958467644341e-07,4.77316856384277,27.5410175323486,38.961254119873,45.6680908203125,49.2998199462891,56.3384399414063,62.5999221801758
NaN,NaN,NaN,NaN,NaN,NaN,NaN,NaN,NaN,NaN,NaN,NaN,NaN,NaN,NaN,0,0,0,0,0,0,0,3.34996997253256e-07,5.30816078186035,28.9511737823486,41.1879386901855,46.0094909667969,48.9933929443359,56.447566986084,62.4310302734375
NaN,NaN,NaN,NaN,NaN,NaN,NaN,NaN,NaN,NaN,NaN,NaN,NaN,NaN,NaN,0,0,0,0,0,0,0,5.89845399190381e-07,5.9026050567627,30.3733558654785,42.9762916564941,46.2699775695801,48.6218490600586,56.5843048095703,62.2718887329102
NaN,NaN,NaN,NaN,NaN,NaN,NaN,NaN,NaN,NaN,NaN,NaN,NaN,NaN,NaN,0,0,0,0,0,0,0,2.03128615794412e-06,6.20515632629395,32.0697975158691,44.4090881347656,46.4543952941895,48.2720718383789,56.6162986755371,62.1507415771484
NaN,NaN,NaN,NaN,NaN,NaN,NaN,NaN,NaN,NaN,NaN,NaN,NaN,NaN,NaN,0,0,0,0,0,0,0,1.24355312891566e-06,6.62678050994873,33.5403251647949,45.6550750732422,46.3935661315918,47.9339332580566,56.6092262268066,62.1072540283203
NaN,NaN,NaN,NaN,NaN,NaN,NaN,NaN,NaN,NaN,NaN,NaN,NaN,NaN,NaN,NaN,0,0,0,0,0,0,1.05087783595081e-05,6.75131845474243,35.2374801635742,46.6444931030273,46.1998863220215,47.5197601318359,56.5958366394043,62.0738983154297
NaN,NaN,NaN,NaN,NaN,NaN,NaN,NaN,NaN,NaN,NaN,NaN,NaN,NaN,NaN,NaN,0,0,0,0,NaN,0,6.50452921036049e-06,7.01359748840332,36.6292991638184,47.398063659668,45.9479827880859,47.0330047607422,56.5646934509277,62.0474395751953
NaN,NaN,NaN,NaN,NaN,NaN,NaN,NaN,NaN,NaN,NaN,NaN,NaN,NaN,NaN,NaN,0,0,0,0,NaN,0,3.73674629372545e-05,7.33928918838501,37.7728576660156,47.980110168457,45.6507186889648,46.5133476257324,56.5003204345703,62.0278854370117
NaN,NaN,NaN,NaN,NaN,NaN,NaN,NaN,NaN,NaN,NaN,NaN,NaN,NaN,NaN,NaN,0,0,0,0,0,0,3.4373802918708e-05,7.70568752288818,38.6923789978027,48.3402938842773,45.3143196105957,45.990119934082,56.4716262817383,62.0531616210938
NaN,NaN,NaN,NaN,NaN,NaN,NaN,NaN,NaN,NaN,NaN,NaN,NaN,NaN,NaN,NaN,0,0,0,0,0,0,0.000160422059707344,8.33774471282959,39.2656021118164,48.3982086181641,44.9446792602539,45.4778785705566,56.4912033081055,62.1437530517578
NaN,NaN,NaN,NaN,NaN,NaN,NaN,NaN,NaN,NaN,NaN,NaN,NaN,NaN,NaN,NaN,0,0,0,0,0,0,0.000148855819134042,8.8735294342041,39.6597785949707,48.2919502258301,44.5557479858398,44.9277763366699,56.4227600097656,62.2041091918945
NaN,NaN,NaN,NaN,NaN,NaN,NaN,NaN,NaN,NaN,NaN,NaN,NaN,NaN,NaN,NaN,0,0,0,0,0,0,0.000378614495275542,9.11552810668945,39.8968048095703,48.0787162780762,44.1451416015625,44.3759155273438,56.2675666809082,62.2369995117188
NaN,NaN,NaN,NaN,NaN,NaN,NaN,NaN,NaN,NaN,NaN,NaN,NaN,NaN,NaN,NaN,0,0,0,0,0,0,0.000380648300051689,9.33975028991699,39.9342575073242,47.7328987121582,43.6618347167969,43.847900390625,56.2210083007813,62.2739486694336
NaN,NaN,NaN,NaN,NaN,NaN,NaN,NaN,NaN,NaN,NaN,NaN,NaN,NaN,NaN,NaN,NaN,0,0,0,0,4.77910869044614e-21,0.000470420171041042,9.31123161315918,40.1412582397461,47.2440071105957,43.0580596923828,43.3838081359863,56.1904067993164,62.3167266845703
NaN,NaN,NaN,NaN,NaN,NaN,NaN,NaN,NaN,NaN,NaN,NaN,NaN,NaN,NaN,NaN,NaN,0,0,0,0,4.1965002020606e-22,0.00123084511142224,9.23416137695313,40.1387557983398,46.7439308166504,42.348949432373,42.9716262817383,56.1461448669434,62.3871612548828
NaN,NaN,NaN,NaN,NaN,NaN,NaN,NaN,NaN,NaN,NaN,NaN,NaN,NaN,NaN,NaN,NaN,0,0,0,0,1.10038583192313e-19,0.000667987915221602,9.32470893859863,39.8518180847168,46.2423782348633,41.5956382751465,42.584342956543,56.059627532959,62.5655822753906
NaN,NaN,NaN,NaN,NaN,NaN,NaN,NaN,NaN,NaN,NaN,NaN,NaN,NaN,NaN,NaN,NaN,0,0,0,0,7.96138317465631e-21,0.00195420393720269,9.23409080505371,39.6030311584473,45.6592102050781,40.8923492431641,42.1583480834961,55.9761161804199,62.7639007568359
NaN,NaN,NaN,NaN,NaN,NaN,NaN,NaN,NaN,NaN,NaN,NaN,NaN,0,NaN,NaN,NaN,0,0,0,0,7.90735138161518e-19,0.00183397228829563,9.37013530731201,39.0671615600586,45.0950698852539,40.179988861084,41.7300910949707,55.9389762878418,62.9693031311035
NaN,NaN,NaN,NaN,NaN,NaN,NaN,NaN,NaN,NaN,NaN,NaN,NaN,0,NaN,NaN,0,0,0,0,0,7.53484765335206e-20,0.00225518574006855,9.78245067596436,38.3447456359863,44.5914306640625,39.5050506591797,41.3332824707031,55.9241218566895,63.1706008911133
NaN,NaN,NaN,NaN,NaN,NaN,NaN,NaN,NaN,NaN,NaN,NaN,NaN,0,0,NaN,0,0,0,0,0,0,0.00509755173698068,10.1498718261719,37.760814666748,44.0178375244141,38.8564987182617,41.0893325805664,55.6237297058105,63.3027420043945
NaN,NaN,NaN,NaN,NaN,NaN,NaN,NaN,NaN,NaN,NaN,NaN,NaN,0,0,NaN,0,0,0,0,0,1.08385559673354e-19,0.00432887487113476,10.7276630401611,37.2762145996094,43.356315612793,38.1387481689453,40.8738975524902,55.3165435791016,63.4157371520996
NaN,NaN,NaN,NaN,NaN,NaN,NaN,NaN,NaN,NaN,NaN,NaN,NaN,0,0,NaN,0,0,0,0,0,0,0.00960292480885983,11.3146772384644,36.8039741516113,42.6871032714844,37.5734939575195,40.634693145752,55.1492080688477,63.5317802429199
NaN,NaN,NaN,NaN,NaN,NaN,NaN,NaN,NaN,NaN,NaN,NaN,NaN,0,0,NaN,0,0,0,0,0,3.22365188200075e-14,0.0199350900948048,11.8714551925659,36.629940032959,42.1239624023438,37.151065826416,40.3464660644531,55.0473937988281,63.6568489074707
NaN,NaN,NaN,NaN,NaN,NaN,NaN,NaN,NaN,NaN,NaN,NaN,NaN,0,0,0,0,0,0,0,0,8.52924061402454e-16,0.0268598310649395,12.6163053512573,36.7196807861328,41.5953140258789,36.9452857971191,40.0626335144043,54.8974914550781,63.8185386657715
NaN,NaN,NaN,NaN,NaN,NaN,NaN,NaN,NaN,NaN,NaN,NaN,NaN,0,0,0,0,0,0,0,0,4.99379963108445e-14,0.0796225443482399,13.6123657226563,36.8462600708008,41.1640090942383,36.7607307434082,39.7917938232422,54.7467231750488,63.9953079223633
NaN,NaN,NaN,NaN,NaN,NaN,NaN,NaN,NaN,NaN,NaN,NaN,NaN,0,0,0,0,0,0,0,0,2.42424613369763e-12,0.171727508306503,14.8268241882324,37.1241073608398,40.8442611694336,36.6404342651367,39.5083618164063,54.5919494628906,64.1793365478516
NaN,NaN,NaN,NaN,NaN,NaN,NaN,NaN,NaN,NaN,NaN,NaN,NaN,0,0,0,0,0,0,0,0,2.11337024269564e-12,0.298659205436707,16.1986522674561,37.4845771789551,40.6786727905273,36.5413856506348,39.1843452453613,54.511474609375,64.3719940185547
NaN,NaN,NaN,NaN,NaN,NaN,NaN,NaN,NaN,NaN,NaN,NaN,NaN,0,0,0,0,0,0,0,0,6.43230815833284e-11,0.549129486083984,17.7103137969971,37.7994728088379,40.6032485961914,36.4485054016113,38.9072341918945,54.4697532653809,64.5255432128906
NaN,NaN,NaN,NaN,NaN,NaN,NaN,NaN,NaN,NaN,NaN,NaN,NaN,0,0,0,0,0,0,0,0,5.83009596155648e-09,0.933067381381989,19.3544101715088,38.148551940918,40.5124092102051,36.2720260620117,38.6195335388184,54.3820571899414,64.6420974731445
NaN,NaN,NaN,NaN,NaN,NaN,NaN,NaN,NaN,NaN,NaN,NaN,NaN,0,0,0,0,0,0,0,0,1.05717923304383e-07,1.46851742267609,21.0791282653809,38.4612197875977,40.3219032287598,36.0753059387207,38.345890045166,54.1343269348145,64.7558746337891
NaN,NaN,NaN,NaN,NaN,NaN,NaN,NaN,NaN,NaN,NaN,NaN,NaN,0,0,0,0,0,0,0,5.03598357374709e-23,1.1569982234505e-05,2.31999826431274,22.7068939208984,38.7097549438477,39.9582366943359,35.8471908569336,38.1063270568848,54.0661926269531,64.8726959228516
NaN,NaN,NaN,NaN,NaN,NaN,NaN,NaN,NaN,NaN,NaN,NaN,NaN,0,0,0,0,0,0,0,1.10665257425621e-23,0.00316882971674204,3.63268637657166,24.0650043487549,38.8019256591797,39.4407653808594,35.6283264160156,37.8849487304688,53.9591064453125,64.9961853027344
NaN,NaN,NaN,NaN,NaN,NaN,NaN,NaN,NaN,NaN,NaN,NaN,NaN,0,0,0,0,0,0,0,6.75569521511539e-20,0.0515595711767673,5.22534036636353,25.4650955200195,38.6909828186035,38.7651062011719,35.4063987731934,37.7068367004395,53.8283042907715,65.1263275146484
NaN,NaN,NaN,NaN,NaN,NaN,NaN,NaN,NaN,NaN,NaN,NaN,NaN,0,0,0,0,0,0,0,6.6291796981842e-18,0.291223019361496,6.87527084350586,26.7306537628174,38.5372772216797,37.9049301147461,35.236400604248,37.5201606750488,53.781623840332,65.2852935791016
NaN,NaN,NaN,NaN,NaN,NaN,NaN,NaN,NaN,NaN,NaN,NaN,NaN,0,0,0,0,0,0,0,3.99419113819022e-05,0.884446680545807,8.52477169036865,27.7534275054932,38.2323875427246,36.9593544006348,35.137939453125,37.3287582397461,53.8110198974609,65.4762878417969
NaN,NaN,NaN,NaN,NaN,NaN,NaN,NaN,NaN,NaN,NaN,NaN,NaN,0,0,0,0,0,0,3.53017963425387e-29,0.0186476707458496,1.86932456493378,10.3358135223389,28.3230876922607,37.6863594055176,36.0173721313477,35.1577796936035,37.2183303833008,53.7460975646973,65.6174163818359
NaN,NaN,NaN,NaN,NaN,NaN,NaN,NaN,NaN,NaN,NaN,NaN,NaN,0,0,0,0,0,0,9.62206043653368e-33,0.145192787051201,3.29768586158752,12.2964668273926,28.5717163085938,36.7423973083496,35.0917587280273,35.3006858825684,37.0865669250488,53.7057571411133,65.7649307250977
NaN,NaN,NaN,NaN,NaN,NaN,NaN,NaN,NaN,NaN,NaN,NaN,NaN,0,0,0,0,0,0,2.90494156507393e-11,0.421536862850189,5.16030216217041,14.5647068023682,28.3485202789307,35.4469985961914,34.3557777404785,35.6452369689941,36.9713859558105,53.7913093566895,65.9227066040039
NaN,NaN,NaN,NaN,NaN,NaN,NaN,NaN,NaN,NaN,NaN,NaN,NaN,0,0,0,0,0,0,8.88426143319521e-07,0.886526226997375,7.37507772445679,16.7412719726563,27.5906772613525,33.9631042480469,33.8191795349121,36.1062431335449,36.8742332458496,53.7387733459473,66.0907363891602
NaN,NaN,NaN,NaN,NaN,NaN,NaN,NaN,NaN,NaN,NaN,NaN,NaN,0,0,0,0,0,0,0.000127560691908002,1.53739142417908,10.0276174545288,18.2244167327881,26.5395221710205,32.3667488098145,33.4873008728027,36.6564674377441,36.8266677856445,53.6564826965332,66.2655563354492
NaN,NaN,NaN,NaN,NaN,NaN,NaN,NaN,NaN,NaN,NaN,0,0,0,0,0,0,0,2.9762762194257e-21,0.000623881060164422,2.39188957214355,12.7734680175781,19.1100082397461,25.7607936859131,30.9655246734619,33.4591789245605,37.1473007202148,36.7844657897949,53.7198066711426,66.438102722168
NaN,NaN,NaN,NaN,NaN,NaN,NaN,NaN,NaN,NaN,0,0,0,0,0,0,0,0,2.64488835977071e-20,0.0108808251097798,3.47290301322937,15.023247718811,20.1917476654053,25.3996753692627,29.9889125823975,33.7304306030273,37.5448989868164,36.7087707519531,53.8115081787109,66.5874633789063
NaN,NaN,NaN,NaN,NaN,NaN,NaN,NaN,NaN,NaN,0,0,0,0,0,0,0,0,1.73948340409368e-17,0.0330071225762367,4.55882167816162,16.7901477813721,21.8352146148682,25.541841506958,29.4178276062012,34.2542610168457,37.8422966003418,36.730541229248,53.7505035400391,66.708625793457
NaN,NaN,NaN,NaN,NaN,NaN,NaN,NaN,NaN,NaN,NaN,0,0,0,0,0,0,0,2.83380388382479e-13,0.0506200306117535,5.64052629470825,18.3418865203857,23.989953994751,26.2582874298096,29.2970428466797,35.0478668212891,38.0414619445801,36.747974395752,53.7140922546387,66.850341796875
NaN,NaN,NaN,NaN,NaN,NaN,NaN,NaN,NaN,NaN,NaN,0,0,0,0,0,0,0,1.26256505250666e-11,0.0600116401910782,6.73042440414429,19.7309551239014,26.6303806304932,27.8102397918701,29.6098499298096,35.9802856445313,38.1209487915039,36.7689476013184,53.6830291748047,67.0041351318359
NaN,NaN,NaN,NaN,NaN,NaN,NaN,NaN,NaN,NaN,NaN,0,0,0,0,0,0,0,4.10096318015363e-10,0.0871897116303444,7.82451057434082,21.053861618042,30.0063552856445,31.3948726654053,30.7890033721924,37.1474533081055,38.1466941833496,36.9134750366211,53.6268043518066,67.1700057983398
NaN,NaN,NaN,NaN,NaN,NaN,NaN,NaN,NaN,NaN,NaN,0,0,0,0,0,0,9.33311876148673e-23,1.16621245993542e-09,0.172559782862663,8.7990894317627,22.3485908508301,33.7671394348145,36.7180557250977,32.9025650024414,38.4997024536133,38.0878982543945,37.1035499572754,53.5393180847168,67.3772583007813
NaN,NaN,NaN,NaN,NaN,NaN,NaN,NaN,NaN,NaN,NaN,0,0,0,0,0,0,6.83751614083524e-21,3.47813822187959e-09,0.344279050827026,9.64625549316406,23.6010570526123,37.3284797668457,41.7808685302734,35.8937950134277,39.8893547058105,37.8890914916992,37.2932357788086,53.4628028869629,67.6685791015625
NaN,NaN,NaN,NaN,NaN,NaN,NaN,NaN,NaN,NaN,NaN,0,0,0,0,0,0,4.33618287610983e-20,4.93959824154899e-08,0.597907066345215,10.353422164917,24.8604507446289,39.8617668151855,45.1622886657715,39.112060546875,40.9919509887695,37.7342224121094,37.485897064209,53.5086555480957,67.864616394043
NaN,NaN,NaN,NaN,NaN,NaN,NaN,NaN,NaN,NaN,NaN,0,0,0,0,0,0,2.54863264768567e-19,5.86847818340175e-07,0.940797388553619,11.1329927444458,25.9929237365723,41.2574653625488,46.9663124084473,42.1997909545898,41.8017044067383,37.3123664855957,37.8550338745117,53.5883712768555,67.9710311889648
NaN,NaN,NaN,NaN,NaN,NaN,NaN,NaN,NaN,NaN,NaN,0,0,0,0,NaN,0,2.55790756540028e-18,4.16659850088763e-06,1.41703343391418,11.8936443328857,26.8316097259521,41.8270530700684,47.7225646972656,44.6331939697266,42.2095642089844,37.0639801025391,38.1938438415527,53.6881446838379,68.0897369384766
NaN,NaN,NaN,NaN,NaN,NaN,NaN,NaN,NaN,NaN,NaN,NaN,0,0,0,0,0,2.4614356538294e-21,9.17818215384614e-06,1.76090431213379,12.8043842315674,27.3981246948242,41.9212417602539,47.842945098877,46.3587074279785,42.2775459289551,36.7325859069824,38.4552879333496,53.8175582885742,68.2859039306641
NaN,NaN,NaN,NaN,NaN,NaN,NaN,NaN,NaN,NaN,NaN,NaN,0,0,0,0,0,8.14553907297559e-19,1.33783050841885e-05,2.05048060417175,13.6613817214966,27.9339485168457,41.7233200073242,47.5251083374023,47.3796501159668,42.0855712890625,36.4852676391602,38.8598327636719,53.890697479248,68.5814056396484
NaN,NaN,NaN,NaN,NaN,NaN,NaN,NaN,NaN,NaN,NaN,NaN,0,0,0,0,0,1.35333134048004e-17,1.58960865519475e-05,2.5258252620697,14.5041227340698,28.4352207183838,41.3597793579102,46.9553451538086,47.8612022399902,41.7434234619141,36.3446235656738,39.3055229187012,54.0553398132324,68.9210968017578
NaN,NaN,NaN,NaN,NaN,NaN,NaN,NaN,NaN,NaN,NaN,NaN,0,0,0,0,0,9.17927685880464e-17,1.99690857698442e-05,2.90510201454163,15.3456153869629,28.8303260803223,40.9916343688965,46.2619552612305,47.9476737976074,41.3347091674805,36.0596580505371,39.6832656860352,54.4291572570801,69.2853546142578
NaN,NaN,NaN,NaN,NaN,NaN,NaN,NaN,NaN,NaN,NaN,NaN,0,0,0,0,0,3.38432585822695e-15,2.6035457267426e-05,3.277423620224,16.070484161377,29.1603298187256,40.6942749023438,45.3349609375,47.7084541320801,40.6810417175293,35.9124298095703,39.9789962768555,54.5488166809082,69.3277206420898
NaN,NaN,NaN,NaN,NaN,NaN,NaN,NaN,NaN,NaN,NaN,NaN,0,0,0,0,0,1.2606435399699e-14,4.66081692138687e-05,3.75877022743225,16.4690685272217,29.4010524749756,40.3816757202148,44.3253326416016,46.9981918334961,40.1367073059082,35.6216087341309,40.4474945068359,54.8529281616211,69.3052749633789
NaN,NaN,NaN,NaN,NaN,NaN,NaN,NaN,NaN,NaN,NaN,NaN,0,0,0,0,0,1.07612009581093e-12,0.000126375249237753,4.16222190856934,16.9885940551758,29.7067432403564,40.1094512939453,43.2074203491211,46.1976013183594,39.5877799987793,35.2369918823242,40.5483703613281,55.4210548400879,69.2828674316406
NaN,NaN,NaN,NaN,NaN,NaN,NaN,NaN,NaN,NaN,NaN,NaN,0,0,0,0,0,2.2392372244634e-12,0.000300452695228159,4.76769876480103,17.6544628143311,30.0939884185791,39.6254615783691,42.0811462402344,45.4666976928711,38.8217277526855,34.9930877685547,41.0778884887695,55.6957702636719,69.260498046875
NaN,NaN,NaN,NaN,NaN,NaN,NaN,NaN,NaN,NaN,NaN,NaN,0,0,0,0,0,1.31786118476307e-11,0.00121545768342912,5.71079683303833,18.2547950744629,30.470531463623,38.7957534790039,40.8779907226563,44.8096160888672,38.3407821655273,34.4972038269043,41.2133178710938,55.6813888549805,69.2381591796875
NaN,NaN,NaN,NaN,NaN,NaN,NaN,NaN,NaN,NaN,NaN,0,0,0,0,0,0,4.02656324949291e-10,0.00514854770153761,6.73033952713013,19.0441284179688,30.5731449127197,37.7749137878418,39.6581573486328,44.2280960083008,37.890926361084,34.3731079101563,41.2032814025879,55.6670188903809,69.2158660888672
NaN,NaN,NaN,NaN,NaN,NaN,NaN,NaN,NaN,NaN,NaN,0,0,0,0,0,1.36289439274712e-14,1.33293701765069e-06,0.0195762384682894,7.99030447006226,20.2002563476563,30.5989475250244,36.7584648132324,38.5102195739746,43.3587760925293,37.1891708374023,33.6898193359375,41.8229331970215,57.0457382202148,70.4852142333984
NaN,NaN,NaN,NaN,NaN,NaN,NaN,NaN,NaN,NaN,NaN,0,0,0,0,0,9.5591208559842e-11,0.00017653034592513,0.100577101111412,9.1560173034668,21.085657119751,30.6810684204102,35.8423690795898,37.7448768615723,42.4408569335938,36.8744277954102,33.5408210754395,41.8349685668945,57.0600280761719,70.507698059082
NaN,NaN,NaN,NaN,NaN,NaN,NaN,NaN,NaN,NaN,0,0,0,0,0,1.15680402164444e-18,2.31679635476212e-08,0.00776663795113564,0.599491536617279,10.2877540588379,21.721851348877,30.8052711486816,35.1147499084473,37.0187492370605,41.5314292907715,36.5415496826172,32.816478729248,41.9830360412598,57.0743255615234,70.5302200317383
NaN,NaN,NaN,NaN,NaN,NaN,NaN,NaN,NaN,NaN,0,0,0,0,0,8.25327304464435e-15,2.61974528257269e-05,0.138481840491295,2.17678928375244,11.3321762084961,22.4030532836914,30.9109535217285,34.5767822265625,36.0093040466309,40.6765060424805,36.0192832946777,32.5192947387695,42.5728416442871,57.3514060974121,70.5527801513672
0,NaN,NaN,NaN,NaN,NaN,NaN,NaN,NaN,NaN,0,0,0,0,1.67184006843718e-19,1.38044264907933e-09,0.00270032603293657,0.996716499328613,5.83561897277832,12.5265684127808,23.165563583374,31.1396179199219,34.152645111084,34.971263885498,39.8962783813477,35.7038040161133,32.1448669433594,42.685546875,57.836498260498,70.5753784179688
0,NaN,NaN,NaN,NaN,NaN,NaN,NaN,NaN,NaN,0,0,0,0,6.86469381772775e-15,1.60533045345801e-06,0.0790348425507545,3.80217218399048,8.89783096313477,14.5821256637573,23.9232864379883,31.3406429290771,33.533390045166,34.0491218566895,39.2135696411133,35.3768424987793,32.198413848877,43.171459197998,58.1734657287598,70.598014831543
0,0,NaN,NaN,NaN,NaN,NaN,NaN,NaN,NaN,NaN,0,0,0,3.70723347853374e-11,0.00026567664463073,1.02784109115601,7.26151180267334,12.4612131118774,16.9881687164307,24.5387783050537,31.3942584991455,32.9189186096191,33.356330871582,38.601261138916,35.4270896911621,32.2808265686035,43.6457939147949,58.3318367004395,70.5921020507813
0,0,NaN,NaN,NaN,NaN,NaN,NaN,NaN,NaN,NaN,0,0,0,5.90331872274419e-09,0.0222166143357754,3.64277362823486,11.0691871643066,17.0672168731689,19.4900131225586,24.7858715057373,31.6623001098633,32.5875511169434,32.8830337524414,38.101676940918,35.6838531494141,32.5370597839355,44.0822410583496,58.6088714599609,70.4360809326172
0,0,NaN,NaN,NaN,NaN,NaN,NaN,NaN,NaN,0,0,0,0,1.73212896470432e-07,0.155774772167206,6.43320846557617,14.4548940658569,20.4136810302734,20.9357318878174,25.1692295074463,31.9875450134277,32.4738693237305,32.5671577453613,37.8653984069824,36.2659721374512,32.8010292053223,44.5538330078125,58.8344383239746,70.2398147583008
0,0,NaN,NaN,NaN,NaN,NaN,NaN,NaN,NaN,0,0,0,0,8.05527463398903e-07,0.458767354488373,8.72849369049072,17.2958889007568,22.0505542755127,22.3212013244629,25.9127998352051,32.3053970336914,32.4441299438477,32.3921279907227,38.1455688476563,36.8973121643066,33.1204071044922,45.1328620910645,59.0828590393066,70.0609893798828
0,NaN,NaN,NaN,NaN,NaN,NaN,NaN,NaN,0,0,0,0,0,1.60327431331098e-06,0.874632060527802,10.3058996200562,18.7145900726318,23.3366317749023,23.7260494232178,26.9141635894775,32.6523551940918,32.5015907287598,32.6919441223145,38.7731628417969,37.4259834289551,33.5299453735352,45.500244140625,59.4487953186035,69.9131393432617
0,0,NaN,NaN,NaN,NaN,NaN,NaN,NaN,0,0,0,0,0,6.60633986626635e-06,1.36210131645203,11.546802520752,19.5154571533203,24.4889659881592,25.3064785003662,28.1718578338623,32.929370880127,32.6564865112305,33.5553283691406,39.4680786132813,37.9628257751465,33.8866577148438,45.9802436828613,59.8310394287109,69.7872543334961
0,0,NaN,NaN,NaN,NaN,NaN,NaN,NaN,0,0,0,0,5.39493198853098e-15,2.2419595552492e-05,1.91956901550293,12.506121635437,20.2850513458252,25.7305355072021,27.1485233306885,29.7150783538818,33.039421081543,33.0904273986816,34.366641998291,40.0207710266113,38.4439544677734,34.272159576416,46.4024314880371,60.0307579040527,69.6739196777344
NaN,0,NaN,NaN,NaN,NaN,NaN,NaN,NaN,0,0,0,0,1.77643222533256e-14,2.63495967374183e-05,2.49055504798889,13.2630290985107,20.9147357940674,27.0199604034424,29.324686050415,31.4525394439697,33.5867691040039,33.8419036865234,35.0751647949219,40.4250068664551,39.0146179199219,34.6244506835938,46.6840629577637,60.1427154541016,69.4083251953125
0,NaN,NaN,NaN,NaN,NaN,NaN,NaN,NaN,0,0,0,0,1.81423208704332e-13,8.61149746924639e-05,2.92711067199707,13.7875299453735,21.3714828491211,28.2031211853027,31.4339847564697,33.2759590148926,34.8227691650391,34.8197708129883,35.6981239318848,40.7990455627441,39.658634185791,34.9665298461914,46.9371032714844,60.3305358886719,68.9807510375977
0,NaN,NaN,NaN,NaN,NaN,NaN,NaN,NaN,0,0,0,0,5.85294074491316e-13,0.000196424953173846,3.21051168441772,14.0874948501587,21.7425079345703,29.1370697021484,33.1131286621094,35.0397033691406,36.3990745544434,35.9159545898438,36.1858100891113,41.1273345947266,40.3554954528809,35.3026809692383,47.1595268249512,60.5215187072754,68.6666488647461
0,NaN,NaN,NaN,NaN,NaN,NaN,NaN,NaN,0,0,0,0,4.87201797731273e-14,0.000203443138161674,3.47776031494141,14.3052530288696,22.0880756378174,30.1368141174316,34.7827339172363,37.0859146118164,38.3239898681641,37.0767364501953,36.5232009887695,41.3118629455566,41.083812713623,35.5381660461426,47.3401794433594,60.7389450073242,68.4090881347656
0,NaN,NaN,NaN,NaN,NaN,NaN,NaN,NaN,0,0,0,0,1.81389293240426e-17,7.20155585440807e-05,3.45287775993347,14.1493663787842,22.0212650299072,31.2483959197998,36.3688735961914,39.7353210449219,40.6085014343262,38.2928237915039,36.6623001098633,41.3269805908203,41.6505546569824,35.7435531616211,47.5044097900391,60.9543609619141,68.1691360473633
0,NaN,NaN,NaN,NaN,NaN,NaN,NaN,NaN,0,0,0,0,2.34227092684863e-17,7.42721522328793e-06,3.02726554870605,13.6022510528564,21.6817035675049,32.2628936767578,38.1635284423828,42.9616584777832,43.0192832946777,39.5083923339844,36.5103988647461,41.1380157470703,42.1585960388184,35.8827323913574,47.6570739746094,61.0847778320313,67.94677734375
0,NaN,NaN,NaN,NaN,NaN,NaN,NaN,0,0,0,0,0,2.68457176804658e-19,1.37346873430033e-07,2.31445384025574,12.7787780761719,21.4626045227051,33.221321105957,40.6502723693848,45.8233947753906,45.0973434448242,40.6729774475098,36.3627891540527,40.8103981018066,42.6367530822754,36.0832214355469,47.9074668884277,61.1331634521484,67.8154144287109
0,NaN,NaN,NaN,NaN,NaN,NaN,NaN,0,0,0,0,0,1.40188105435366e-22,3.53300499966736e-08,1.52715051174164,11.9492082595825,21.2531318664551,34.1730117797852,43.4262886047363,48.0845718383789,47.1815032958984,42.1348495483398,36.6817626953125,40.389533996582,43.0777282714844,36.5863456726074,48.2141647338867,61.1961822509766,68.0373611450195
0,NaN,NaN,NaN,NaN,NaN,NaN,NaN,NaN,NaN,0,0,0,0,9.03529517870538e-09,0.868460059165955,10.8016881942749,21.129373550415,34.9006309509277,45.5486907958984,50.5748291015625,49.7756233215332,43.897705078125,37.2341690063477,39.9413719177246,43.4948844909668,37.2832221984863,48.5849113464355,61.2593727111816,68.3391418457031
0,0,NaN,NaN,NaN,NaN,NaN,NaN,NaN,0,0,0,0,0,8.94389617922542e-10,0.343113452196121,9.64142799377441,21.0044708251953,35.5473442077637,47.2430229187012,53.7793769836426,53.6559753417969,45.6589393615723,37.6971740722656,39.5195236206055,43.7815132141113,38.0754470825195,48.9762954711914,61.3206024169922,68.9243850708008
0,0,NaN,NaN,NaN,NaN,NaN,NaN,NaN,0,0,0,0,0,2.09424092650901e-11,0.0996911525726318,8.53820037841797,20.9681510925293,35.9711570739746,48.6986999511719,57.7254791259766,58.7386474609375,47.4371032714844,38.1695976257324,39.1267509460449,43.954216003418,38.6810989379883,49.3524284362793,61.4667472839355,69.5725631713867
0,0,NaN,NaN,NaN,NaN,NaN,NaN,NaN,0,0,0,0,0,4.83122049310669e-12,0.0191411897540092,7.35094833374023,20.6576309204102,36.405574798584,49.9780044555664,62.2481651306152,64.2869567871094,49.3209609985352,38.5496940612793,38.711124420166,43.915210723877,39.2593574523926,49.6728134155273,61.7189331054688,70.2073059082031
0,0,0,NaN,NaN,NaN,NaN,NaN,NaN,0,0,0,0,0,2.28300207514784e-13,0.00756635423749685,6.23780107498169,20.143533706665,36.6624450683594,51.1555023193359,65.828010559082,68.3524932861328,51.1106796264648,38.7421531677246,38.2789192199707,43.7456970214844,39.6935768127441,49.9204025268555,62.0612030029297,70.8286437988281
0,0,0,NaN,NaN,NaN,NaN,NaN,NaN,0,0,0,0,0,6.73450146560298e-15,0.000463864591438323,5.28527402877808,19.6818904876709,36.5243911743164,51.8589019775391,67.9566345214844,70.6660308837891,52.4873733520508,38.6547660827637,37.8163833618164,43.4411087036133,40.0663452148438,50.1448287963867,62.4154510498047,71.4535446166992
0,0,0,NaN,0,NaN,NaN,NaN,NaN,0,0,0,0,0,1.05275658253846e-14,2.69772808678681e-05,4.54523801803589,19.3389167785645,35.9330711364746,52.1257591247559,69.5828552246094,72.3489151000977,53.0170135498047,38.2971878051758,37.2435531616211,43.0518760681152,40.3249664306641,50.3241233825684,62.6632270812988,72.329963684082
0,0,0,0,0,NaN,NaN,NaN,NaN,0,0,0,0,0,6.02667668916403e-15,3.21636616718024e-05,4.10847282409668,19.0155010223389,35.4091491699219,52.056396484375,70.5312805175781,73.8463592529297,53.2383155822754,37.6650047302246,36.5891647338867,42.5556106567383,40.5428886413574,50.4654273986816,62.9103546142578,73.1076812744141
0,0,0,0,0,NaN,NaN,NaN,NaN,0,0,0,0,0,4.08891496880739e-16,1.91485196410213e-05,3.82421016693115,18.9086437225342,34.852725982666,51.9621543884277,70.7612609863281,74.9580535888672,54.0069351196289,37.145320892334,35.8482971191406,41.9761352539063,40.6465454101563,50.5573692321777,63.1844863891602,73.7796096801758
0,0,0,0,0,0,0,NaN,0,0,0,0,0,0,3.37302449318178e-17,9.60121633397648e-06,3.63545489311218,18.8292331695557,34.4036674499512,51.7157974243164,70.7031097412109,75.8234939575195,54.7214622497559,36.7624244689941,35.1945953369141,41.3645706176758,40.6822395324707,50.60888671875,63.4443740844727,74.4462280273438
0,0,0,0,0,0,0,NaN,0,0,0,0,0,0,4.58820874631345e-14,1.66767258633627e-05,3.62490200996399,18.5598468780518,34.0682182312012,51.2854080200195,70.4502868652344,76.5409240722656,55.3160362243652,36.4236221313477,34.7492408752441,40.7149925231934,40.6075820922852,50.6476097106934,63.6940879821777,75.107536315918
0,0,0,0,0,0,NaN,NaN,0,0,0,0,0,0,2.12617765190867e-13,4.59716502518859e-05,4.24078321456909,18.4163455963135,33.3327560424805,50.7285423278809,70.0820083618164,76.9952163696289,56.1482009887695,36.1569938659668,34.2951164245605,40.020637512207,40.4320526123047,50.6283950805664,63.9696998596191,75.7165374755859
0,0,0,0,0,0,NaN,0,0,0,0,0,0,0,4.74466776631544e-12,0.0189647562801838,5.06611967086792,18.3136291503906,32.4265403747559,49.8310241699219,69.6583404541016,77.1882171630859,57.341869354248,35.8933753967285,33.8808555603027,39.1853446960449,40.219554901123,50.5560150146484,64.1777038574219,76.198127746582
0,0,0,0,0,0,NaN,0,0,0,0,0,0,0,3.18709711399912e-11,0.0883478820323944,5.93333435058594,18.1224040985107,31.3638744354248,48.9065780639648,69.0321197509766,77.3887252807617,58.6884918212891,35.6735649108887,33.6267280578613,38.2008323669434,39.9600486755371,50.4747276306152,64.3505477905273,76.677978515625
0,0,0,0,0,NaN,0,0,0,0,0,0,0,0,1.65939295637685e-09,0.26397117972374,7.25480175018311,18.4697647094727,30.3879165649414,48.2567939758301,68.3553466796875,77.700927734375,59.9265327453613,35.8904571533203,33.4796524047852,37.3315315246582,39.704719543457,50.3557014465332,64.5112915039063,77.1036529541016
0,0,0,0,0,NaN,NaN,0,0,0,0,0,0,0,1.72034309020574e-09,0.73503714799881,9.06091213226318,18.9488983154297,30.246374130249,47.7613677978516,68.0742797851563,77.8884582519531,61.3567886352539,36.2477912902832,33.4300003051758,36.5767936706543,39.4167594909668,50.2520332336426,64.687126159668,77.4185562133789
0,0,0,0,0,NaN,0,0,0,0,0,0,0,0,4.88884654981092e-10,1.04949748516083,11.2749195098877,19.4395179748535,30.2695388793945,47.8656578063965,68.1088714599609,78.0565338134766,63.0081253051758,36.8456077575684,33.406005859375,35.9401817321777,39.1205291748047,50.090747833252,64.8163528442383,77.7293090820313
0,0,0,0,0,0,0,0,0,0,0,0,0,0,3.19064913378853e-11,0.981521248817444,12.007495880127,19.6207847595215,30.4676628112793,47.8778419494629,68.5704650878906,78.2196960449219,64.3943099975586,38.2514610290527,33.3154335021973,35.3307762145996,38.8156433105469,49.9218978881836,64.9183959960938,78.0225372314453
0,0,0,0,0,0,0,0,0,0,0,0,0,0,8.44473891314056e-15,0.449746787548065,8.92019081115723,18.979700088501,30.4749908447266,48.0502052307129,69.2481536865234,78.4157943725586,65.7387924194336,40.0358657836914,33.0982208251953,34.7814712524414,38.4297180175781,49.774543762207,65.007453918457,78.2558822631836
0,0,0,0,0,0,0,0,0,0,0,0,0,0,5.55335181950213e-17,0.058611273765564,3.60890889167786,16.6084480285645,30.8006286621094,48.2754364013672,69.9313125610352,78.809326171875,67.0496139526367,42.267520904541,32.7423439025879,34.2282257080078,38.1176910400391,49.5755805969238,65.0982818603516,78.4840774536133
0,0,0,0,0,0,0,0,0,0,0,0,0,0,3.06691600926946e-22,0.000109431792225223,0.566570162773132,13.1505069732666,30.8539543151855,48.582576751709,70.6665344238281,79.2685775756836,68.394287109375,44.7615585327148,32.3968772888184,33.6807098388672,37.7399940490723,49.3617134094238,65.1656494140625,78.7112579345703
0,0,0,0,0,0,0,0,0,0,0,0,0,0,0,1.55240389432265e-08,0.0260237138718367,10.2930736541748,30.68630027771,48.9334754943848,71.343505859375,79.885986328125,69.8137435913086,47.0155334472656,32.193675994873,33.1211280822754,37.3598556518555,49.2583122253418,65.2054672241211,78.9266815185547
0,0,0,0,0,0,0,0,0,0,0,0,0,0,0,9.4992911106595e-12,0.000396730814827606,8.51664924621582,30.2974472045898,49.5809860229492,72.2092819213867,80.5017929077148,71.3077926635742,49.0311965942383,32.1812019348145,32.5545921325684,36.9638710021973,49.2199554443359,65.0955047607422,79.1068344116211
0,0,0,0,0,NaN,0,0,0,0,0,0,0,0,0,7.35535724006171e-16,4.52038220828399e-05,7.36710739135742,30.2346706390381,50.4920310974121,73.1332778930664,81.1124496459961,72.6718292236328,50.8757286071777,32.3753890991211,31.8984756469727,36.5285987854004,49.2132987976074,64.9860153198242,79.2843170166016
0,NaN,0,0,0,NaN,0,0,0,0,0,0,0,0,0,2.77067484013844e-15,1.92186525964644e-05,6.62796115875244,30.3435020446777,51.3961143493652,74.2057723999023,81.7678451538086,73.9873580932617,52.4490585327148,32.644115447998,31.2458248138428,36.086498260498,49.2242164611816,64.9025192260742,79.4647216796875
0,NaN,NaN,0,0,NaN,0,0,NaN,0,0,0,0,0,0,2.54528928315956e-14,1.0650070180418e-05,6.10119342803955,31.0397872924805,52.2808952331543,75.1008834838867,82.3758544921875,75.1317520141602,53.8976058959961,32.8415374755859,30.6650161743164,35.743782043457,49.0933074951172,64.8221588134766,79.6517028808594
0,NaN,NaN,0,0,NaN,0,NaN,NaN,0,0,0,0,0,0,4.14813379500702e-14,1.51046979226521e-05,5.74614906311035,31.9400272369385,53.3449935913086,75.8823547363281,82.9037094116211,76.0889739990234,55.1049957275391,33.0632400512695,30.077018737793,35.4383125305176,49.0190391540527,64.6725006103516,79.8778533935547
NaN,NaN,NaN,0,0,NaN,0,NaN,NaN,NaN,0,0,0,0,0,1.02742182708608e-13,2.51758174272254e-05,5.67566108703613,32.9699783325195,54.4204406738281,76.7743148803711,83.2185897827148,76.8840942382813,56.2548751831055,33.2949447631836,29.4955997467041,35.1110038757324,48.9854049682617,64.4983825683594,80.1181106567383
NaN,NaN,NaN,NaN,NaN,NaN,NaN,NaN,NaN,NaN,0,0,0,0,0,1.54885883307289e-13,6.33260206086561e-05,5.99176454544067,34.6101531982422,55.7614822387695,77.6972198486328,83.4429397583008,77.4594802856445,57.3858261108398,33.3289337158203,28.8973388671875,34.8263092041016,48.9162635803223,64.3941345214844,80.36376953125
NaN,NaN,NaN,NaN,NaN,NaN,NaN,NaN,NaN,NaN,0,0,0,0,0,2.0256818344575e-14,0.000293344084639102,6.63999080657959,36.3880882263184,57.3001403808594,78.8598861694336,83.6879653930664,78.0376129150391,58.2546691894531,33.3479385375977,28.1959533691406,34.5496788024902,48.8532485961914,64.3262481689453,80.6058044433594
NaN,NaN,NaN,NaN,NaN,NaN,NaN,NaN,NaN,NaN,0,0,0,0,0,1.11982668418113e-13,0.00103098968975246,7.75817346572876,38.6889457702637,59.0352363586426,79.9384384155273,84.048942565918,78.4792098999023,59.2319602966309,33.2686195373535,27.3966274261475,34.2748184204102,48.8684997558594,64.1589050292969,80.7052917480469
NaN,NaN,NaN,NaN,NaN,NaN,NaN,NaN,NaN,NaN,0,0,0,0,3.25979041564041e-17,4.12932681754727e-13,0.0041754674166441,9.18404197692871,41.1486053466797,60.9879837036133,81.1453094482422,84.4214630126953,78.9511642456055,60.1448593139648,33.1467132568359,26.6285953521729,34.0159950256348,48.9032821655273,64.0146408081055,80.7308731079102
NaN,NaN,NaN,NaN,NaN,NaN,NaN,NaN,NaN,NaN,NaN,0,0,0,3.43919857870301e-11,1.02061448181701e-09,0.0192471798509359,11.1205158233643,43.7883186340332,63.4315414428711,82.3563461303711,84.7553482055664,79.4137115478516,60.9678802490234,33.1417922973633,25.9638690948486,33.6259498596191,48.9597244262695,63.8368606567383,80.7667694091797
NaN,NaN,NaN,NaN,NaN,NaN,NaN,NaN,NaN,NaN,NaN,0,0,9.05534111236839e-13,3.00129454444686e-06,1.49895295180613e-05,0.114122115075588,13.6257467269897,46.4762229919434,66.3568115234375,83.4713973999023,85.0493621826172,79.9371871948242,61.7056617736816,33.156307220459,25.3478965759277,33.216251373291,49.05517578125,63.6640777587891,80.8125915527344
NaN,NaN,NaN,NaN,NaN,NaN,NaN,NaN,NaN,NaN,NaN,0,0,5.33580912787102e-09,0.00871038530021906,0.0226277206093073,0.54724246263504,16.5085716247559,49.0201644897461,69.4671478271484,84.6417694091797,85.3058090209961,80.4011154174805,62.3840942382813,33.1417846679688,24.9373950958252,32.8515167236328,49.1451148986816,63.6058807373047,80.8613510131836
NaN,NaN,NaN,NaN,NaN,NaN,NaN,NaN,NaN,NaN,NaN,0,0,2.37593962992833e-06,0.332132995128632,0.99935781955719,2.22391748428345,19.7100601196289,51.5054397583008,72.9079360961914,85.5844573974609,85.5572357177734,80.8803024291992,62.9916954040527,33.1444969177246,24.6159915924072,32.5917930603027,49.120719909668,63.6120491027832,80.9130554199219
0,NaN,NaN,NaN,NaN,NaN,NaN,NaN,NaN,NaN,0,0,0,0.000111270870547742,1.54891633987427,3.9971821308136,5.4161581993103,23.1043586730957,53.9518013000488,76.4675674438477,86.3389358520508,85.861457824707,81.3749923706055,63.6093254089355,33.0990943908691,24.2545776367188,32.4043006896973,49.059497833252,63.6782112121582,80.9686279296875
0,NaN,NaN,NaN,NaN,NaN,NaN,NaN,NaN,NaN,0,0,0,0.0010114184115082,2.96986484527588,6.52919483184814,8.97680282592773,26.7109546661377,56.4092178344727,79.5988311767578,86.9674835205078,86.1588439941406,81.855354309082,64.0298767089844,33.2560882568359,23.9959869384766,32.2241477966309,49.0825004577637,63.8045425415039,81.048957824707
NaN,NaN,NaN,NaN,NaN,NaN,NaN,NaN,NaN,NaN,0,0,2.39371386816973e-18,0.00838085915893316,4.1833553314209,9.40269184112549,13.7981090545654,30.2998924255371,58.7874717712402,82.0053253173828,87.4948120117188,86.4748992919922,82.3612060546875,64.5651245117188,33.278564453125,23.8070049285889,32.0410652160645,49.2378082275391,63.8468017578125,81.1427764892578
0,NaN,NaN,NaN,NaN,NaN,NaN,NaN,NaN,NaN,0,0,1.02832442539467e-14,0.055015716701746,5.71855211257935,14.0901651382446,18.7359504699707,34.5969085693359,60.7866287231445,83.6961441040039,87.9465789794922,86.7629241943359,82.8272552490234,65.0223617553711,33.4870796203613,23.6494522094727,31.9353542327881,49.3881607055664,63.9714775085449,81.2413177490234
0,NaN,NaN,NaN,NaN,NaN,NaN,NaN,NaN,NaN,0,0,4.87435309129425e-12,0.244327962398529,7.94376754760742,18.4539070129395,25.7144088745117,40.190128326416,62.5480842590332,84.7933349609375,88.2958831787109,87.0645217895508,83.2875442504883,65.652961730957,33.6115837097168,23.4519786834717,31.9401741027832,49.5321464538574,64.1268768310547,81.349853515625
0,0,NaN,NaN,NaN,NaN,NaN,NaN,NaN,NaN,0,0,1.93754901012255e-09,0.659056007862091,10.6723976135254,24.9206562042236,34.9078521728516,44.8133850097656,64.3459167480469,86.061279296875,88.6073837280273,87.3470458984375,83.7294464111328,66.1620407104492,33.7704582214355,23.3243160247803,31.9928016662598,49.6817398071289,64.3076400756836,81.5137329101563
0,NaN,NaN,NaN,NaN,NaN,NaN,NaN,NaN,NaN,0,0,1.52954248733295e-06,1.47463870048523,13.4208250045776,33.1216163635254,41.2019309997559,48.7830200195313,66.7259368896484,87.3687362670898,88.8875579833984,87.6134872436523,84.1306533813477,66.7742004394531,33.8199768066406,23.3920135498047,32.0248565673828,49.8630523681641,64.3989715576172,81.6880722045898
0,NaN,NaN,NaN,NaN,NaN,NaN,NaN,NaN,NaN,0,0,0.000443253840785474,2.83982610702515,16.512544631958,39.1791725158691,46.5771446228027,53.2939186096191,70.5848388671875,88.4594650268555,89.1189727783203,87.8710556030273,84.5315246582031,67.401481628418,33.9578819274902,23.4979076385498,32.1627731323242,50.0585441589355,64.4700698852539,81.8282470703125
0,NaN,NaN,NaN,NaN,NaN,NaN,NaN,NaN,NaN,0,3.25671750816567e-21,0.0363010317087173,5.24740123748779,20.747257232666,44.0646591186523,52.6507453918457,59.2142715454102,76.8202133178711,89.1709289550781,89.2797088623047,88.1390838623047,84.8957748413086,68.0816955566406,34.3218421936035,23.6296348571777,32.3683929443359,50.3055267333984,64.5435485839844,81.9186401367188
0,NaN,NaN,NaN,NaN,NaN,NaN,NaN,NaN,NaN,0,1.71212291640839e-17,0.277213990688324,8.24066162109375,25.7292518615723,48.9361000061035,59.2724075317383,68.9464950561523,83.4189071655273,89.7240371704102,89.3978424072266,88.4141998291016,85.2828598022461,68.8292083740234,34.7899284362793,23.9244594573975,32.6023101806641,50.6129035949707,64.5817108154297,81.886474609375
0,NaN,NaN,NaN,NaN,NaN,NaN,NaN,NaN,NaN,0,1.51439983024236e-15,0.598325073719025,11.5474920272827,30.8125114440918,53.2683181762695,66.373046875,79.5738067626953,87.1646194458008,90.0472946166992,89.5420074462891,88.6812210083008,85.6758728027344,69.4428405761719,35.4759979248047,24.3766384124756,32.900993347168,51.0836372375488,64.780632019043,81.8555221557617
0,NaN,NaN,NaN,NaN,NaN,NaN,NaN,NaN,0,0,4.56045334010441e-15,0.824589729309082,15.100378036499,35.9780235290527,57.3172073364258,73.1886749267578,85.6440124511719,88.835319519043,90.1446304321289,89.7212066650391,88.9273834228516,86.0965728759766,70.3571472167969,35.9455642700195,25.016918182373,33.2639808654785,51.7384414672852,65.0090484619141,81.8258209228516
NaN,NaN,NaN,NaN,NaN,NaN,NaN,NaN,NaN,0,0,2.98915182699293e-14,0.84959602355957,17.8501987457275,41.0520210266113,61.026538848877,78.5220642089844,88.0045013427734,89.4737701416016,90.1396179199219,89.8970565795898,89.1494369506836,86.5103149414063,71.1195907592773,36.888916015625,25.8060283660889,33.5317192077637,52.4749755859375,65.2146377563477,81.7981033325195
NaN,NaN,NaN,NaN,NaN,NaN,NaN,NaN,NaN,0,0,2.73370600245224e-14,0.909673810005188,19.5466175079346,45.692699432373,64.4219131469727,82.1406097412109,89.1513290405273,89.767204284668,90.2233734130859,90.0578765869141,89.3551559448242,86.8742294311523,72.2143783569336,37.8901634216309,26.7592754364014,34.2805023193359,52.6000099182129,65.438835144043,81.7737197875977
NaN,NaN,NaN,NaN,NaN,NaN,NaN,NaN,NaN,0,0,7.76362684535258e-14,1.03770315647125,20.3376388549805,49.3974876403809,67.0906066894531,84.6638031005859,89.9364166259766,90.0282287597656,90.3958282470703,90.2414627075195,89.5470199584961,87.2297134399414,73.3243713378906,38.9610786437988,27.5601539611816,35.2968978881836,52.7315788269043,65.6623382568359,81.7511138916016
NaN,NaN,NaN,NaN,NaN,NaN,NaN,NaN,NaN,0,0,1.37967735109809e-13,1.0329304933548,20.858325958252,51.5533332824707,69.2562255859375,86.5084686279297,90.4678192138672,90.3232421875,90.6058883666992,90.4419631958008,89.7358627319336,87.5463790893555,74.5013275146484,40.702766418457,28.7555122375488,36.1304473876953,53.2637672424316,65.8662414550781,81.7310943603516
NaN,NaN,NaN,NaN,NaN,NaN,NaN,NaN,NaN,0,0,4.49770944229919e-13,0.900626540184021,21.1803665161133,52.5824851989746,71.2306289672852,87.8924865722656,90.8456649780273,90.6632614135742,90.8027267456055,90.6398162841797,89.9069900512695,87.8409271240234,75.9033050537109,42.6002311706543,30.5341396331787,36.7698516845703,54.230712890625,66.0600433349609,81.7179794311523
NaN,NaN,NaN,NaN,NaN,NaN,NaN,NaN,NaN,0,0,2.94605458734873e-13,0.753448367118835,21.7594318389893,53.019458770752,72.9754638671875,88.9958190917969,91.2213592529297,91.002067565918,90.9710845947266,90.8030548095703,90.079216003418,88.1474990844727,77.2551803588867,45.3557815551758,32.0190963745117,38.3765602111816,54.6967506408691,66.3092727661133,81.7081298828125
NaN,NaN,NaN,NaN,NaN,NaN,NaN,NaN,NaN,0,0,1.0377315326493e-12,0.817088305950165,22.3883953094482,52.8605804443359,74.383544921875,89.722053527832,91.615608215332,91.3098449707031,91.1221466064453,90.9336013793945,90.2420959472656,88.3973159790039,78.7113265991211,48.0423278808594,34.5238151550293,40.2822570800781,54.8438262939453,66.5787963867188,81.717041015625
NaN,NaN,NaN,NaN,NaN,NaN,NaN,NaN,NaN,0,0,2.31119962577908e-12,1.1004890203476,22.4835052490234,52.2485427856445,75.2505111694336,90.2399063110352,91.9564819335938,91.5831527709961,91.2647705078125,91.0381469726563,90.3996353149414,88.6720886230469,79.8844757080078,51.5031204223633,37.4964866638184,41.6176147460938,55.2422943115234,66.8344116210938,81.7416534423828
NaN,NaN,NaN,NaN,NaN,NaN,NaN,NaN,NaN,0,0,1.69006284661544e-11,1.67284369468689,22.4602108001709,50.8778381347656,75.2646789550781,90.6276626586914,92.2748184204102,91.8376617431641,91.3864974975586,91.1375885009766,90.562629699707,88.9204711914063,81.2945404052734,55.0236587524414,40.3750305175781,43.4352645874023,55.8233261108398,67.0473098754883,81.7982177734375
NaN,NaN,NaN,NaN,NaN,NaN,NaN,NaN,NaN,NaN,0,3.33606420266364e-10,2.08398485183716,22.8882427215576,49.3449974060059,74.5485687255859,90.8775482177734,92.5620269775391,92.1051406860352,91.5165710449219,91.2273025512695,90.7265777587891,89.1694946289063,82.2768783569336,58.0709800720215,43.8886756896973,45.3635292053223,56.1820640563965,67.084846496582,81.8098602294922
NaN,NaN,NaN,NaN,NaN,NaN,NaN,NaN,NaN,NaN,0,4.31044799853453e-09,1.57152247428894,23.0841083526611,48.040355682373,74.0277328491211,91.0075454711914,92.8146362304688,92.3892135620117,91.698127746582,91.312858581543,90.8892593383789,89.3837051391602,83.4855804443359,61.8482818603516,47.139274597168,46.8781967163086,56.096736907959,67.1061935424805,81.7935791015625
NaN,NaN,NaN,NaN,NaN,NaN,NaN,NaN,NaN,NaN,0,8.4066859029619e-10,0.566645264625549,20.8592491149902,47.2708930969238,74.3644943237305,91.1865768432617,93.0818634033203,92.6548843383789,91.9083404541016,91.4285736083984,91.038200378418,89.5625915527344,84.2316360473633,64.4850311279297,51.0029907226563,49.0590667724609,56.4124641418457,67.2645874023438,81.77734375
NaN,NaN,NaN,NaN,NaN,NaN,NaN,NaN,NaN,NaN,0,3.55775131577474e-11,0.0394545197486877,14.5066623687744,46.4492492675781,75.555549621582,91.3369674682617,93.4028091430664,92.9165267944336,92.1420593261719,91.5832595825195,91.1916046142578,89.7239151000977,85.0959243774414,67.7783203125,53.1675796508789,50.8893547058105,57.1959381103516,67.6596069335938,81.7611312866211
NaN,NaN,NaN,NaN,NaN,NaN,NaN,NaN,NaN,NaN,0,9.79134714930094e-14,0.000729376799426973,6.15848731994629,44.2963714599609,76.829948425293,91.6743316650391,93.7732849121094,93.183708190918,92.4252395629883,91.778190612793,91.3495330810547,89.8747406005859,85.5888442993164,70.5070419311523,56.5259208679199,51.4762878417969,57.7217712402344,68.0611724853516,81.7449645996094
NaN,NaN,NaN,NaN,NaN,NaN,NaN,NaN,NaN,0,0,1.31042548210692e-16,1.09689699456794e-06,1.1356360912323,37.6390533447266,78.1914367675781,91.9828491210938,94.1181335449219,93.4754104614258,92.7461242675781,92.0076370239258,91.4917907714844,90.0237884521484,86.2150268554688,72.7818145751953,58.720760345459,53.7913398742676,57.6895523071289,68.5824279785156,81.7288208007813
NaN,NaN,NaN,NaN,NaN,NaN,NaN,NaN,NaN,0,0,0,3.57945539875004e-09,0.0254359934478998,29.0384197235107,79.1893692016602,92.3986892700195,94.3721923828125,93.7882690429688,93.0765838623047,92.2633514404297,91.6368179321289,90.1867752075195,86.6093673706055,75.4777984619141,60.2888565063477,56.0311012268066,58.1526222229004,68.895133972168,81.7127151489258
NaN,NaN,NaN,NaN,NaN,NaN,NaN,NaN,NaN,0,0,0,0,4.541626185528e-05,36.5196418762207,79.8111114501953,92.5847549438477,94.4814529418945,94.1030197143555,93.4032287597656,92.5359420776367,91.7892532348633,90.3264923095703,87.0659713745117,76.7649688720703,63.8275566101074,56.0701026916504,60.080940246582,68.8703689575195,81.696647644043
NaN,NaN,NaN,NaN,NaN,NaN,NaN,NaN,NaN,0,0,0,NaN,NaN,44.5799217224121,80.1600036621094,92.0172119140625,94.4340438842773,94.3553161621094,93.7080154418945,92.8154144287109,91.9507293701172,90.4552307128906,87.44384765625,79.4028091430664,64.2160797119141,57.7207679748535,61.775218963623,68.8456420898438,81.6806106567383
NaN,NaN,NaN,NaN,NaN,NaN,NaN,NaN,NaN,0,0,0,NaN,NaN,40.8273086547852,78.5021057128906,88.6352310180664,94.2402420043945,94.5071716308594,93.987060546875,93.0884323120117,92.1021270751953,90.6401901245117,87.7219848632813,79.971435546875,67.183464050293,60.4961624145508,61.7683639526367,68.8209457397461,81.6646194458008
NaN,NaN,NaN,NaN,NaN,NaN,NaN,NaN,NaN,0,0,0,NaN,NaN,38.3330268859863,75.1676406860352,78.7595367431641,93.8023681640625,94.5549926757813,94.2460861206055,93.3538970947266,92.2608184814453,90.767707824707,88.1457061767578,82.3980484008789,69.1739654541016,60.5120468139648,61.7609252929688,68.7962875366211,81.6486511230469
NaN,NaN,NaN,NaN,NaN,NaN,NaN,NaN,NaN,0,0,0,0,NaN,25.2191867828369,71.8923416137695,62.2225875854492,92.8641815185547,94.5129776000977,94.4835739135742,93.6145935058594,92.4251937866211,90.883171081543,88.2721099853516,82.4329452514648,69.198112487793,60.5203628540039,61.7534942626953,68.7716522216797,81.6327133178711
NaN,NaN,NaN,NaN,NaN,NaN,NaN,NaN,NaN,0,0,0,0,NaN,27.2384796142578,46.8049697875977,2.87049317359924,92.672233581543,94.4101333618164,94.6843414306641,93.8931427001953,92.6629257202148,91.1117401123047,88.7312850952148,84.3682098388672,73.5803451538086,64.4435195922852,65.4843063354492,70.1334686279297,80.1060104370117
NaN,NaN,NaN,NaN,NaN,NaN,NaN,NaN,NaN,0,0,0,0,0,18.3797645568848,11.2090148925781,0.0669970884919167,92.7405014038086,94.2476654052734,94.8130722045898,94.1250915527344,92.8516540527344,91.2317123413086,88.8233489990234,84.3634414672852,73.5575180053711,64.4360809326172,65.4855117797852,70.151496887207,80.1305618286133
NaN,NaN,NaN,NaN,NaN,NaN,NaN,NaN,NaN,0,0,0,0,0,7.51377630233765,0.730941414833069,0.00237996247597039,92.3542709350586,93.9966201782227,94.8630905151367,94.3395233154297,93.0363235473633,91.3563613891602,89.112434387207,85.4805145263672,74.9933471679688,64.4349365234375,65.4867172241211,70.1695404052734,80.1551818847656
NaN,NaN,NaN,NaN,NaN,NaN,NaN,NaN,NaN,0,0,0,NaN,0,0.294522881507874,0.019068393856287,3.44676303863525,82.6142654418945,93.645263671875,94.8199310302734,94.5307312011719,93.2144546508789,91.5550384521484,89.2816925048828,85.6900863647461,77.2405624389648,67.0119552612305,65.4882583618164,70.1876220703125,80.1798706054688
NaN,NaN,NaN,NaN,NaN,NaN,NaN,NaN,0,0,0,NaN,NaN,1.11382230478727e-13,0.00179055461194366,0.00026115047512576,28.7387466430664,72.4257507324219,93.1598815917969,94.6994476318359,94.6916961669922,93.4058685302734,91.6862640380859,89.4584426879883,86.367301940918,77.3181915283203,68.7325592041016,66.3859939575195,70.2057189941406,80.2046203613281
NaN,NaN,NaN,NaN,NaN,NaN,NaN,NaN,0,0,0,0,0,3.12020129175704e-15,1.94216772797517e-06,3.53340880110409e-07,54.2221603393555,80.9669342041016,92.3565826416016,94.4758682250977,94.8160552978516,93.5795669555664,91.8156585693359,89.6891708374023,86.6766510009766,79.3471908569336,68.7154388427734,67.7133407592773,70.2238311767578,80.2294464111328
NaN,NaN,NaN,NaN,NaN,NaN,NaN,0,0,0,0,0,0,8.84630539482489e-18,2.48495141130789e-10,2.11527583643401e-11,57.117057800293,82.5314483642578,90.8006439208984,94.1268310546875,94.89892578125,93.7293930053711,91.9863510131836,89.8193359375,87.09326171875,80.3646545410156,70.2330780029297,68.1534729003906,70.5519104003906,80.2543334960938
NaN,NaN,NaN,NaN,NaN,NaN,NaN,0,0,NaN,0,NaN,NaN,1.70257085005239e-22,6.60759221318176e-15,2.70198682086322e-15,65.0432739257813,80.9642105102539,88.1535491943359,93.5343246459961,94.9504165649414,93.8644256591797,92.1202697753906,90.0403060913086,87.4378814697266,80.9191741943359,72.2773284912109,68.1582260131836,70.8386688232422,80.279296875
NaN,NaN,NaN,NaN,NaN,NaN,NaN,NaN,0,NaN,0,NaN,0,0,3.00483180279661e-19,66.4127655029297,69.637451171875,76.7722473144531,87.9617538452148,93.0915145874023,94.9493789672852,93.9984512329102,92.2548751831055,90.1790237426758,87.7018661499023,82.3757019042969,72.8975219726563,68.7724914550781,70.9970321655273,80.3043212890625
NaN,NaN,NaN,NaN,NaN,NaN,NaN,NaN,0,NaN,NaN,NaN,0,2.69839629262523e-22,1.3460155897065e-17,61.4545097351074,72.7643280029297,77.1387481689453,86.1925048828125,93.0016784667969,94.8899459838867,94.1039886474609,92.3938598632813,90.3548278808594,88.0638275146484,83.0421295166016,73.8455429077148,69.6948623657227,71.2606353759766,80.3294219970703
NaN,NaN,NaN,NaN,NaN,NaN,NaN,NaN,0,0,NaN,NaN,0,9.62646906136041e-18,9.54262642754826e-14,47.7863960266113,75.3605804443359,80.4752883911133,86.6263580322266,93.4847030639648,94.7837448120117,94.1856079101563,92.5232391357422,90.504524230957,88.3536529541016,83.6805725097656,75.2131271362305,70.4032745361328,71.5030822753906,80.3545761108398
NaN,NaN,NaN,NaN,NaN,NaN,NaN,0,0,0,NaN,0,0,5.08849367942274e-15,2.78257861197062e-09,15.1475238800049,69.8977584838867,84.2933883666992,89.7788238525391,93.4066009521484,94.6397018432617,94.2666473388672,92.6699142456055,90.699348449707,88.6897583007813,84.4933319091797,76.329719543457,70.8798828125,71.497688293457,80.3798065185547
NaN,NaN,NaN,NaN,NaN,NaN,NaN,0,0,0,NaN,0,0,8.81172101973617e-14,0.00015967310173437,0.00126278551761061,74.7411041259766,86.1553115844727,90.6878204345703,92.8423538208008,94.470703125,94.3467788696289,92.8095474243164,90.8773803710938,88.9795989990234,85.1010131835938,77.3856964111328,71.4144897460938,71.5110931396484,80.1923217773438
NaN,NaN,NaN,NaN,NaN,NaN,NaN,NaN,0,0,NaN,NaN,NaN,2.28954801352686e-14,0.0579519271850586,4.98992776870728,79.6792526245117,86.8348999023438,90.5735778808594,91.4189147949219,94.2913436889648,94.4149017333984,92.9860076904297,91.0985565185547,89.2384719848633,85.5037841796875,78.294075012207,72.028678894043,71.6689453125,79.6088790893555
NaN,NaN,NaN,NaN,NaN,NaN,NaN,NaN,0,0,NaN,NaN,0,1.88605065538829e-14,0.0937604457139969,29.3564014434814,79.6195068359375,84.7682571411133,89.3728103637695,89.2219696044922,94.1100387573242,94.4662551879883,93.183235168457,91.2620162963867,89.5395126342773,86.0580902099609,79.051139831543,72.4838027954102,71.7583618164063,79.113151550293
NaN,NaN,NaN,NaN,NaN,NaN,NaN,NaN,0,0,NaN,0,0,3.85939603927667e-16,0.0192348137497902,39.2464370727539,80.1954879760742,83.5595092773438,85.9902648925781,87.8287963867188,93.9214553833008,94.4729385375977,93.3302612304688,91.4731292724609,89.7381134033203,86.5287628173828,80.0200653076172,72.8568878173828,71.8955078125,78.7703704833984
NaN,NaN,NaN,NaN,NaN,NaN,NaN,NaN,0,0,0,0,0,5.37934842195119e-17,0.00586052285507321,29.1724796295166,76.7540817260742,86.6935348510742,83.5981521606445,88.1278610229492,93.6788635253906,94.3553085327148,93.4670791625977,91.6229476928711,90.0406036376953,86.8072814941406,80.8782424926758,73.4164886474609,72.0604934692383,78.6316146850586
NaN,NaN,NaN,NaN,NaN,NaN,NaN,0,0,0,0,0,0,7.15299223467372e-18,0.00210394128225744,12.8941431045532,80.0351181030273,86.9946975708008,82.197624206543,90.4311981201172,93.4273147583008,94.1130065917969,93.5254821777344,91.8126068115234,90.2200317382813,87.2576904296875,81.348876953125,74.2640762329102,72.2423324584961,78.523567199707
NaN,NaN,NaN,NaN,NaN,NaN,NaN,0,0,0,0,0,0,3.25303846083263e-19,0.000465030781924725,0.912505209445953,80.7161636352539,84.5160369873047,82.4344024658203,91.7748489379883,93.144645690918,93.7360610961914,93.510856628418,91.9425048828125,90.452995300293,87.58935546875,81.9519729614258,74.9273529052734,72.5187911987305,78.5218963623047
NaN,NaN,NaN,NaN,NaN,NaN,NaN,0,0,0,0,0,0,2.72215203730328e-21,1.58498241944471e-05,0.00896588619798422,77.6647491455078,81.0311889648438,76.302131652832,92.1078567504883,92.6585845947266,93.2026519775391,93.3967971801758,92.0674896240234,90.6281585693359,87.8425521850586,82.7261276245117,75.3728179931641,73.1032791137695,78.5418853759766
NaN,NaN,NaN,NaN,NaN,NaN,NaN,0,0,0,0,0,0,1.78301118588439e-22,7.84684516474954e-07,1.90042210306274e-05,73.159553527832,79.8454055786133,80.1636428833008,92.1633758544922,92.0330505371094,92.7324523925781,93.1896133422852,92.1305923461914,90.7911987304688,88.1880187988281,83.3568344116211,75.8917388916016,73.6872253417969,78.5677185058594
NaN,NaN,NaN,NaN,NaN,NaN,NaN,0,0,0,0,0,NaN,NaN,1.51410706195065e-09,4.86274166178191e-06,71.4817352294922,77.1981506347656,81.4740142822266,92.0231552124023,91.8097534179688,92.5827026367188,92.9460144042969,92.1986846923828,90.954475402832,88.4708023071289,83.7538528442383,76.7725601196289,74.1725540161133,78.6259765625
NaN,NaN,NaN,NaN,NaN,NaN,NaN,NaN,0,0,0,0,0,0,2.87177608082612e-11,0.032382570207119,48.3420181274414,73.1571273803711,79.275390625,91.5942993164063,92.3290939331055,92.4910736083984,92.6642532348633,92.204963684082,91.0838165283203,88.7188110351563,84.308219909668,77.6208343505859,74.5806198120117,78.6979827880859
NaN,NaN,NaN,NaN,NaN,NaN,NaN,0,0,0,0,0,0,0,7.51755255268272e-12,0.440564006567001,39.2432098388672,70.9721984863281,73.7362289428711,91.1604309082031,92.135871887207,92.3746490478516,92.3284072875977,92.1767959594727,91.204345703125,88.986701965332,84.8478851318359,78.3535842895508,74.8953704833984,78.7721176147461
NaN,NaN,NaN,NaN,NaN,NaN,NaN,0,0,0,0,0,0,0,1.12195040584406e-12,2.25113439559937,27.353343963623,69.7736892700195,74.0694732666016,89.3737411499023,92.7561264038086,91.9180526733398,92.0302734375,92.0940551757813,91.3254165649414,89.26220703125,85.345832824707,78.9886245727539,75.1636123657227,78.8484191894531
0,0,NaN,NaN,NaN,NaN,NaN,NaN,0,0,NaN,NaN,0,NaN,4.93899532884767e-15,6.06381034851074,6.82186412811279,69.7160873413086,73.2739105224609,87.9103698730469,93.702392578125,92.1226425170898,91.7226867675781,92.0135040283203,91.4093627929688,89.4827270507813,85.7673721313477,79.6297302246094,75.6130065917969,79.0345077514648
0,0,0,NaN,NaN,NaN,NaN,NaN,0,0,NaN,0,0,0,1.78802621580293e-12,0.334321200847626,0.139633268117905,69.0664443969727,74.2113037109375,87.1728057861328,NaN,91.8496475219727,91.5108184814453,91.9439239501953,91.5044479370117,89.6880264282227,86.1258773803711,80.1757583618164,76.0945358276367,79.3067016601563
0,0,0,0,NaN,NaN,NaN,NaN,NaN,0,0,0,0,0,2.6304215750006e-11,0.00189535552635789,8.21413516998291,65.3441696166992,73.2676696777344,NaN,NaN,92.3478698730469,91.530387878418,91.9003219604492,91.5724411010742,89.9310684204102,86.4610061645508,80.6602096557617,76.4785003662109,79.538932800293
0,0,0,0,NaN,NaN,NaN,NaN,NaN,0,0,0,0,0,1.8460649675589e-12,1.59424530465913e-07,22.6195621490479,58.9150238037109,71.2836532592773,NaN,NaN,93.623176574707,92.0070114135742,91.9178085327148,91.6153564453125,90.116096496582,86.8475494384766,81.0978622436523,76.8043670654297,79.7439041137695
0,0,0,0,0,NaN,NaN,NaN,0,0,0,0,0,0,7.81040808857065e-17,NaN,22.6004791259766,42.1554794311523,47.0262603759766,NaN,94.9372253417969,94.2821578979492,92.0239639282227,91.9437713623047,91.6616058349609,90.2685852050781,87.2001495361328,81.5450286865234,77.0705108642578,79.8798980712891
0,0,0,0,0,NaN,NaN,NaN,0,0,0,0,0,0,0,2.00673148356145e-05,14.7647514343262,24.7443428039551,26.2718372344971,NaN,94.4996032714844,94.4093704223633,91.9961776733398,91.9801483154297,91.6981658935547,90.4512634277344,87.4400100708008,82.0493469238281,77.3299102783203,80.0089492797852
0,0,0,0,0,NaN,NaN,0,0,0,0,0,NaN,0,0,0.000635612930636853,3.64912700653076,14.406421661377,18.264928817749,NaN,93.1926422119141,94.4806289672852,92.1071319580078,91.9941635131836,91.7668228149414,90.609619140625,87.6851806640625,82.4893341064453,77.5686645507813,80.1382141113281
0,0,0,0,0,0,NaN,0,0,0,0,0,NaN,0,0,0.00214078766293824,0.223154112696648,8.45621967315674,24.7812824249268,44.5084800720215,91.9817657470703,NaN,92.1365966796875,91.9678115844727,91.8430328369141,90.7195129394531,87.9694442749023,82.8113861083984,77.9082107543945,80.2556686401367
0,0,0,0,0,0,0,0,0,0,0,NaN,0,0,0,0.000280481210211292,0.000386361527489498,7.62507390975952,23.1888465881348,51.0311126708984,84.9991607666016,NaN,92.0815658569336,91.9127807617188,91.8858489990234,90.8527297973633,88.2385101318359,83.078857421875,78.2361907958984,80.3451080322266
0,0,0,0,NaN,0,0,0,0,0,0,NaN,0,0,0,1.11768713395577e-07,7.78426638703422e-08,20.8732738494873,20.8723754882813,52.9370956420898,87.7819747924805,NaN,92.1015472412109,91.8117523193359,91.9221572875977,90.9847946166992,88.4377365112305,83.3982162475586,78.5241241455078,80.4348754882813
0,0,0,0,NaN,0,0,NaN,NaN,0,0,NaN,0,0,0,9.7879343519125e-12,3.70664696852652e-12,38.72998046875,21.4399681091309,56.421875,95.3572158813477,NaN,91.6865615844727,91.7423934936523,91.9514846801758,91.0920867919922,88.6287002563477,83.7379455566406,78.7607498168945,80.5262603759766
0,0,0,0,0,0,0,NaN,NaN,0,0,NaN,NaN,0,0,1.46063062873691e-16,5.70260273057748e-16,NaN,NaN,55.3711051940918,94.7557525634766,NaN,91.7656631469727,91.6982498168945,91.9568099975586,91.2032623291016,88.8334274291992,84.0346450805664,78.9334869384766,80.6192626953125
0,0,0,0,0,0,0,0,0,0,0,NaN,NaN,0,0,7.32703790644501e-23,9.43504307909975e-20,NaN,NaN,NaN,94.0779876708984,NaN,92.0012741088867,91.7159729003906,91.9671783447266,91.3167190551758,89.0281448364258,84.301887512207,79.0880966186523,80.7115936279297
0,0,0,0,0,0,0,0,0,0,NaN,NaN,NaN,0,0,NaN,2.00260604108336e-24,NaN,NaN,NaN,93.490478515625,NaN,91.9759063720703,91.9222793579102,91.9766387939453,91.4306793212891,89.2207412719727,84.5496978759766,79.2359313964844,80.7961883544922
0,0,0,0,0,0,0,0,0,0,NaN,NaN,NaN,0,0,0,0,NaN,NaN,NaN,93.4467086791992,NaN,92.3319549560547,91.9198226928711,91.9687728881836,91.521125793457,89.4098358154297,84.8082275390625,79.3904647827148,80.8406982421875
0,0,0,0,0,0,0,0,0,0,0,NaN,NaN,0,0,0,0,0,NaN,NaN,NaN,NaN,NaN,91.794563293457,91.9570770263672,91.5998458862305,89.5755386352539,85.0357284545898,79.5669937133789,80.8827667236328
0,0,0,0,0,0,0,0,0,0,0,NaN,NaN,0,0,0,0,0,NaN,NaN,NaN,NaN,91.7313537597656,91.8241806030273,91.9564743041992,91.6722564697266,89.7339096069336,85.2417068481445,79.7012710571289,80.9263153076172
0,0,0,0,0,0,0,0,0,0,0,NaN,NaN,0,0,0,0,0,0,NaN,NaN,NaN,NaN,91.8100128173828,91.9631042480469,91.7340850830078,89.8829956054688,85.4204406738281,79.8179931640625,80.9710083007813
NaN,NaN,0,0,0,0,0,0,0,0,NaN,NaN,0,0,0,0,0,0,0,NaN,NaN,NaN,NaN,91.6529922485352,91.9760208129883,91.7645950317383,90.0533142089844,85.5886611938477,79.9187088012695,81.0096817016602
NaN,NaN,0,0,0,0,0,0,0,0,NaN,NaN,0,0,0,0,0,0,0,1.842773709234e-14,NaN,NaN,NaN,91.6315765380859,91.9781341552734,91.7864685058594,90.2117385864258,85.7599563598633,79.971794128418,81.0187149047852
NaN,NaN,0,0,0,0,0,0,0,NaN,NaN,NaN,0,0,0,0,0,0,1.39404252325194e-17,8.07941441614141e-13,NaN,NaN,NaN,91.4595413208008,91.9766082763672,91.8187637329102,90.3227386474609,85.9749145507813,80.0186920166016,81.0256042480469
NaN,NaN,0,0,0,0,0,0,0,NaN,NaN,0,0,0,0,0,0,0,1.40588411002901e-16,3.63622953969411e-09,NaN,NaN,NaN,91.5243530273438,91.9431381225586,91.8691329956055,90.4229888916016,86.1822128295898,80.0653076171875,81.0339279174805
NaN,0,0,0,0,NaN,0,0,0,NaN,NaN,0,0,0,0,0,0,0,8.93659231088629e-15,3.08102880808292e-06,NaN,NaN,NaN,91.557731628418,91.8936538696289,91.9179000854492,90.5285415649414,86.3663940429688,80.1555786132813,81.0411224365234
NaN,0,0,0,NaN,NaN,NaN,NaN,NaN,NaN,NaN,0,0,0,0,0,0,0,5.55443074889451e-14,0.000482675444800407,1.47451519966125,NaN,NaN,91.5152359008789,91.8300247192383,91.9614944458008,90.6327362060547,86.5026397705078,80.3159027099609,81.0330429077148
NaN,0,0,NaN,NaN,NaN,NaN,NaN,NaN,NaN,0,0,0,0,0,0,0,0,2.87439646737275e-12,0.192207038402557,3.5868444442749,NaN,NaN,91.4960632324219,91.7509078979492,92.0069961547852,90.7271499633789,86.619499206543,80.4762649536133,81.027717590332
0,0,0,NaN,NaN,NaN,NaN,NaN,NaN,NaN,0,0,0,0,0,0,0,0,4.01418655260333e-11,0.529083609580994,7.31469488143921,NaN,NaN,91.534553527832,91.6610488891602,92.0549545288086,90.806999206543,86.7333984375,80.5949859619141,81.0249176025391
0,0,0,0,NaN,NaN,NaN,NaN,0,0,0,0,0,0,0,0,0,0,NaN,0.602647483348846,12.0612258911133,NaN,NaN,91.490104675293,91.5769348144531,92.1046981811523,90.8538131713867,86.8768844604492,80.6932067871094,81.0233917236328
0,0,0,0,NaN,0,0,NaN,0,0,0,0,0,0,0,0,0,NaN,NaN,0.490282237529755,12.9632396697998,13.3987474441528,NaN,91.4675674438477,91.5013580322266,92.1411361694336,90.9134674072266,87.0082473754883,80.7841033935547,81.0234756469727
0,0,0,0,0,0,0,NaN,0,0,0,0,0,0,0,0,0,NaN,NaN,0.102535784244537,9.76795673370361,13.6294040679932,91.6937255859375,91.4440994262695,91.4308395385742,92.1618194580078,90.9778213500977,87.1308898925781,80.8624801635742,81.0247802734375
0,0,0,NaN,0,0,NaN,0,0,0,0,0,0,0,0,0,0,NaN,NaN,0.0140858059749007,6.27481031417847,10.9631576538086,91.6937255859375,91.3827438354492,91.3620452880859,92.1791229248047,91.0332489013672,87.2470016479492,80.8937454223633,81.0272369384766
0,0,0,0,0,0,NaN,0,0,0,0,0,0,0,0,0,0,NaN,NaN,0.000444682140368968,0.00103314977604896,9.33523464202881,91.4930953979492,91.2901382446289,91.2895889282227,92.1906204223633,91.0842056274414,87.3500900268555,80.9566268920898,81.0327072143555
0,0,0,0,0,0,NaN,0,0,0,0,0,0,0,0,0,0,NaN,NaN,NaN,NaN,10.3374862670898,91.75732421875,91.2770538330078,91.2138977050781,92.1972808837891,91.1189270019531,87.4484100341797,81.040657043457,81.0253524780273
0,0,0,0,0,0,0,0,0,0,0,0,0,0,0,0,0,NaN,NaN,NaN,NaN,9.31991863250732,81.1865081787109,91.2702026367188,91.1435317993164,92.181396484375,91.1430358886719,87.5423126220703,81.1350173950195,81.0045623779297
0,0,0,0,0,0,0,0,0,0,0,0,0,0,0,0,0,NaN,NaN,NaN,NaN,8.62742233276367,57.0527496337891,91.1860198974609,91.0740585327148,92.1569976806641,91.1517562866211,87.6211395263672,81.2920761108398,80.9743881225586
0,0,0,0,0,0,0,0,0,0,0,0,0,0,0,0,0,NaN,NaN,NaN,NaN,10.4284763336182,79.8764419555664,91.0402069091797,91.0073547363281,92.1331024169922,91.1484146118164,87.7008209228516,81.4662857055664,80.9410171508789
0,0,0,0,0,0,0,0,0,0,0,0,0,0,0,0,0,NaN,NaN,NaN,NaN,90.9671401977539,90.2956085205078,90.8893508911133,90.9471130371094,92.1073684692383,91.1469802856445,87.7599105834961,81.6367645263672,80.9083251953125
0,0,0,0,0,0,0,0,0,0,0,0,0,0,0,0,NaN,NaN,NaN,NaN,NaN,90.9671401977539,90.555046081543,90.7057113647461,90.8936233520508,92.0809936523438,91.1373825073242,87.8234252929688,81.8067398071289,80.8763122558594
0,0,0,0,0,0,0,0,0,0,0,0,0,0,0,0,NaN,NaN,NaN,NaN,NaN,NaN,90.6234741210938,90.5920562744141,90.8597564697266,92.0427322387695,91.1300048828125,87.875244140625,81.9659423828125,80.8449935913086
0,0,0,0,0,0,0,0,0,0,0,0,0,0,0,NaN,NaN,NaN,NaN,NaN,NaN,NaN,90.7419052124023,90.5084533691406,90.842903137207,91.9996795654297,91.1262969970703,87.9202194213867,82.1128997802734,80.8069381713867
0,0,0,0,0,0,0,0,0,0,0,0,0,0,NaN,NaN,NaN,NaN,NaN,NaN,NaN,NaN,90.8515777587891,90.4483184814453,90.8443069458008,91.9542846679688,91.1225280761719,87.9678573608398,82.2650451660156,80.7509765625
0,0,0,0,0,0,0,0,1.71450551533781e-07,1.16304431685421e-06,0,0,NaN,NaN,NaN,NaN,NaN,NaN,NaN,NaN,NaN,NaN,90.8191223144531,90.4668121337891,90.8754196166992,91.9042358398438,91.1251068115234,88.0015029907227,82.415657043457,80.6926879882813
0,0,0,0,0,0,0,0,0.00239326758310199,9.21240997314453,0,0,NaN,NaN,NaN,NaN,NaN,NaN,NaN,NaN,NaN,NaN,91.0753173828125,90.4533386230469,90.921875,91.8636703491211,91.1086349487305,88.0490875244141,82.560432434082,80.6331024169922
0,0,0,0,0,0,NaN,NaN,0.000948740518651903,0.513739466667175,0,0,NaN,NaN,NaN,NaN,NaN,NaN,NaN,NaN,NaN,NaN,91.4477615356445,90.4795913696289,90.9824371337891,91.828727722168,91.0901260375977,88.0930099487305,82.6989974975586,80.5722274780273
0,0,0,0,0,NaN,NaN,NaN,7.65826407823043e-14,1.13885453818736e-15,0,0,NaN,NaN,NaN,NaN,NaN,NaN,NaN,NaN,NaN,94.1797790527344,92.0963134765625,90.5783081054688,91.0741424560547,91.8034515380859,91.062629699707,88.1361770629883,82.8361206054688,80.5106430053711
0,0,0,0,NaN,NaN,NaN,NaN,NaN,0,0,NaN,NaN,NaN,NaN,NaN,NaN,NaN,NaN,NaN,NaN,94.1797790527344,91.666748046875,90.6972274780273,91.1298294067383,91.7841339111328,91.0363159179688,88.1741561889648,82.9546813964844,80.4498825073242
0,0,0,NaN,NaN,NaN,NaN,NaN,NaN,NaN,NaN,NaN,NaN,NaN,NaN,NaN,NaN,NaN,NaN,NaN,NaN,NaN,91.5327453613281,90.7613220214844,91.1441802978516,91.7723083496094,91.0082778930664,88.2080230712891,83.0507965087891,80.3894653320313
0,0,NaN,NaN,NaN,NaN,NaN,NaN,NaN,NaN,NaN,NaN,NaN,NaN,NaN,NaN,NaN,NaN,NaN,NaN,NaN,NaN,91.9050598144531,90.8383102416992,91.1315765380859,91.7610855102539,90.9777145385742,88.2387008666992,83.1576385498047,80.3170394897461
0,NaN,NaN,NaN,NaN,NaN,NaN,NaN,NaN,NaN,NaN,NaN,NaN,NaN,NaN,NaN,NaN,NaN,NaN,NaN,NaN,NaN,92.1778717041016,90.8616027832031,91.0900726318359,91.7497787475586,90.9610977172852,88.2559509277344,83.2644500732422,80.2372055053711
0,NaN,NaN,NaN,NaN,NaN,NaN,NaN,NaN,NaN,NaN,NaN,NaN,NaN,NaN,NaN,NaN,NaN,NaN,NaN,NaN,NaN,92.04443359375,90.7615356445313,91.0611190795898,91.7383728027344,90.944221496582,88.272331237793,83.3709411621094,80.1539764404297
0,NaN,NaN,NaN,NaN,NaN,NaN,NaN,NaN,NaN,NaN,NaN,NaN,NaN,NaN,NaN,NaN,NaN,NaN,NaN,NaN,NaN,NaN,90.6342620849609,91.0401458740234,91.724739074707,90.9402160644531,88.2713470458984,83.4569320678711,80.0673599243164
0,NaN,NaN,NaN,NaN,NaN,NaN,NaN,NaN,NaN,NaN,NaN,NaN,NaN,NaN,NaN,NaN,NaN,NaN,NaN,NaN,NaN,NaN,90.5680694580078,91.0144958496094,91.7103805541992,90.9353332519531,88.2689895629883,83.5430908203125,79.9775238037109
0,NaN,NaN,NaN,NaN,NaN,NaN,NaN,NaN,NaN,NaN,NaN,NaN,NaN,NaN,NaN,NaN,NaN,NaN,NaN,NaN,NaN,NaN,90.4909362792969,90.9777603149414,91.6883087158203,90.9311752319336,88.2671203613281,83.6257553100586,79.8823928833008
0,0,NaN,NaN,NaN,NaN,NaN,NaN,NaN,NaN,NaN,NaN,NaN,NaN,NaN,NaN,NaN,NaN,NaN,NaN,NaN,NaN,NaN,90.4632339477539,90.9419479370117,91.6623916625977,90.9232406616211,88.2661285400391,83.6871490478516,79.8120803833008
0,0,0,0,NaN,NaN,NaN,NaN,NaN,NaN,NaN,NaN,NaN,NaN,NaN,NaN,NaN,NaN,NaN,NaN,NaN,NaN,NaN,90.3882141113281,90.9287109375,91.6364440917969,90.9090881347656,88.2590789794922,83.7510528564453,79.7646255493164
0,0,0,0,0,0,NaN,NaN,NaN,NaN,NaN,NaN,NaN,NaN,NaN,NaN,NaN,NaN,NaN,NaN,NaN,NaN,NaN,90.3479461669922,90.8788070678711,91.6065368652344,90.8900680541992,88.2461700439453,83.8216552734375,79.7142791748047
0,0,0,0,0,0,NaN,NaN,NaN,NaN,NaN,NaN,NaN,NaN,NaN,NaN,NaN,NaN,NaN,NaN,NaN,NaN,NaN,90.3871688842773,90.8276519775391,91.5765075683594,90.8630523681641,88.2560806274414,83.8842010498047,79.6456756591797
0,0,0,0,0,0,NaN,NaN,NaN,NaN,NaN,NaN,NaN,NaN,NaN,NaN,NaN,NaN,NaN,NaN,NaN,NaN,NaN,90.3101806640625,90.8279495239258,91.5468063354492,90.8284606933594,88.2620162963867,83.9414749145508,79.5529632568359
0,0,0,0,0,0,NaN,NaN,NaN,NaN,NaN,NaN,NaN,NaN,NaN,NaN,NaN,NaN,NaN,NaN,NaN,NaN,NaN,90.1838531494141,90.8565673828125,91.5125885009766,90.7869033813477,88.274772644043,83.99267578125,79.4625244140625
0,0,0,0,0,0,NaN,NaN,NaN,NaN,NaN,NaN,NaN,NaN,NaN,NaN,NaN,NaN,NaN,NaN,NaN,NaN,NaN,90.2855834960938,90.9379272460938,91.4779510498047,90.7433776855469,88.274040222168,84.0160751342773,79.4347686767578
0,0,0,0,0,0,0,NaN,NaN,NaN,NaN,NaN,NaN,NaN,NaN,NaN,NaN,NaN,NaN,NaN,NaN,NaN,NaN,90.6718826293945,91.0257110595703,91.4455795288086,90.6878509521484,88.2824020385742,84.0992584228516,79.4286117553711
0,0,0,0,0,0,0,NaN,NaN,NaN,NaN,NaN,NaN,NaN,NaN,NaN,NaN,NaN,NaN,NaN,NaN,NaN,NaN,90.8181457519531,91.1086654663086,91.4142913818359,90.6454772949219,88.2551040649414,84.2162094116211,79.4247817993164
0,0,0,0,0,0,0,0,NaN,NaN,NaN,NaN,NaN,NaN,NaN,NaN,NaN,NaN,NaN,NaN,NaN,NaN,NaN,90.9640884399414,91.1839752197266,91.3883438110352,90.572624206543,88.2466278076172,84.2629547119141,79.4209594726563
0,0,0,0,0,0,0,0,0,NaN,NaN,NaN,NaN,NaN,NaN,NaN,NaN,NaN,NaN,NaN,NaN,NaN,NaN,91.0873565673828,91.2456359863281,91.337028503418,90.5462417602539,88.2027359008789,84.2641754150391,79.4171524047852
0,0,0,0,0,0,0,0,0,NaN,NaN,NaN,NaN,NaN,NaN,NaN,NaN,NaN,NaN,NaN,NaN,NaN,NaN,91.0867233276367,91.283821105957,91.2965087890625,90.4508666992188,88.1464385986328,84.2708282470703,79.4133529663086
0,0,0,0,0,0,0,0,0,NaN,NaN,NaN,NaN,NaN,NaN,NaN,NaN,NaN,NaN,NaN,NaN,NaN,NaN,91.1140441894531,91.2832336425781,91.2589340209961,90.4406890869141,88.1495132446289,84.277473449707,79.4095687866211
0,0,0,0,0,0,0,0,0,NaN,NaN,NaN,NaN,NaN,NaN,NaN,NaN,NaN,NaN,NaN,NaN,NaN,NaN,90.9538650512695,91.2244491577148,91.1735305786133,90.3428497314453,87.998779296875,84.5913238525391,80.5590896606445
0,0,0,0,0,0,0,0,0,NaN,NaN,NaN,NaN,NaN,NaN,NaN,NaN,NaN,NaN,NaN,NaN,NaN,NaN,90.752799987793,91.1359405517578,91.1244964599609,90.3313369750977,87.9958190917969,84.5859680175781,80.5616607666016
0,0,0,0,0,0,0,0,0,NaN,NaN,NaN,NaN,NaN,NaN,NaN,NaN,NaN,NaN,NaN,NaN,NaN,NaN,90.5429534912109,91.0134811401367,91.0677490234375,90.2511978149414,87.902458190918,84.5806045532227,80.5642395019531
0,0,0,0,0,0,0,0,0,NaN,0,NaN,NaN,NaN,NaN,NaN,NaN,NaN,NaN,NaN,NaN,NaN,NaN,90.3874206542969,90.8753280639648,90.9765625,90.209114074707,87.7820510864258,84.5543060302734,80.5668258666992
0,0,0,0,0,0,0,0,0,0,5.60450519326849e-10,0,NaN,NaN,NaN,NaN,NaN,NaN,NaN,NaN,NaN,NaN,NaN,90.0028839111328,90.7130813598633,90.8974609375,90.1100387573242,87.7334671020508,84.5711669921875,80.5694198608398
0,0,0,0,0,0,0,0,0,0,5.43579626083374,0,NaN,NaN,NaN,NaN,NaN,NaN,NaN,NaN,NaN,NaN,NaN,89.8429183959961,90.5152053833008,90.8106689453125,90.0183944702148,87.5912322998047,84.6645584106445,80.5720291137695
0,0,0,0,0,0,0,0,0,0,4.30463218688965,NaN,3.68208784493618e-05,NaN,NaN,NaN,NaN,NaN,NaN,NaN,NaN,47.4662055969238,37.7372627258301,89.5259094238281,90.2845001220703,90.6934967041016,89.9035186767578,87.4931488037109,84.7392349243164,80.6243667602539
0,0,0,0,0,0,0,0,0,1.95386914113305e-12,9.53644048422575e-05,17.105712890625,0.00875011458992958,0,NaN,NaN,NaN,NaN,NaN,NaN,NaN,47.4662055969238,40.7282638549805,89.2400894165039,90.0165710449219,90.569091796875,89.7760238647461,87.3749160766602,84.7130813598633,80.9124069213867
0,0,0,0,NaN,0,0,0,0,1.3133632636303e-12,4.27756968734982e-10,0.0118828024715185,4.00045519199921e-06,0,NaN,NaN,NaN,NaN,NaN,NaN,NaN,NaN,46.4680480957031,89.1417236328125,89.7044830322266,90.4076690673828,89.6395797729492,87.2645950317383,84.7056274414063,81.1118545532227
0,0,0,0,NaN,0,0,0,0,0,0,4.05323348218189e-08,3.33620076009566e-10,0,0,2.34647234261591e-18,2.36883372291021e-18,7.4994650026501e-21,4.29073850227724e-07,NaN,NaN,28.464391708374,66.7372665405273,88.9115905761719,89.3819198608398,90.2458724975586,89.4972534179688,87.1286163330078,84.7332305908203,81.2741851806641
0,0,0,0,NaN,0,0,0,0,0,0,0,0,0,9.4439289944518e-17,5.81356240925146e-10,3.68583252807753e-09,95.8644104003906,3.31919873133302e-05,7.39884602915611e-18,NaN,31.0058555603027,71.7975463867188,88.5075302124023,89.1055068969727,90.0680847167969,89.3258361816406,87.0228729248047,84.7473983764648,81.3464660644531
0,0,0,0,NaN,NaN,0,0,0,0,0,0,0,0,4.03145410655023e-16,8.72591158440628e-07,0.0748293548822403,41.739559173584,0.868759572505951,5.89703086362192e-09,NaN,33.2124328613281,75.0542449951172,88.090950012207,88.8800430297852,89.8595581054688,89.173454284668,86.9037399291992,84.7722702026367,81.3461685180664
0,0,0,0,NaN,NaN,0,0,0,0,0,0,0,0,4.21419389456338e-15,2.06938921110122e-06,0.0634700059890747,3.78927803039551,0.0192898772656918,6.53079510470889e-08,6.59148466407986e-17,61.9620513916016,75.7852172851563,87.6553268432617,88.6671600341797,89.6644134521484,89.00048828125,86.7790069580078,84.8084030151367,81.3458938598633
0,0,0,0,0,NaN,0,0,0,0,0,0,0,0,1.81383320996403e-17,4.29835100845821e-09,0.00219369423575699,0.085655614733696,0.000374653958715498,1.06968496282889e-08,3.48412899754485e-15,38.3120346069336,71.8684310913086,87.2517013549805,88.4593353271484,89.4537887573242,88.8411407470703,86.663444519043,84.8101043701172,81.4117965698242
0,0,0,0,0,NaN,0,0,0,0,0,0,0,0,2.91717166049873e-20,1.8866004244944e-11,7.54994543967769e-05,0.0026780751068145,5.89755245528067e-06,7.32064409092459e-12,3.7656702554762e-16,23.9726161956787,61.9552268981934,86.7248916625977,88.2597045898438,89.2422409057617,88.6850280761719,86.5506591796875,84.778190612793,81.5449676513672
0,0,0,0,0,0,0,0,0,0,0,0,0,0,1.27702602926117e-25,5.26193231510912e-14,3.78811478185526e-07,5.88503426115494e-05,3.26598161848324e-08,7.36004884967743e-14,1.09313903182353e-16,14.9325656890869,47.0756072998047,85.9012908935547,88.066032409668,89.0248260498047,88.5088424682617,86.4322967529297,84.7429809570313,81.5472412109375
0,0,0,0,0,0,0,0,0,0,0,0,0,0,0,1.28687238104975e-15,4.09930756006815e-09,6.38585447632067e-07,1.75462322449249e-09,8.72394860700548e-16,4.6338150330727e-13,7.50593709945679,32.8318405151367,84.760139465332,87.8413696289063,88.7947769165039,88.3471145629883,86.2934722900391,84.6874618530273,81.4907455444336
0,0,0,0,0,0,0,0,0,0,0,0,0,0,0,1.1049005475173e-17,7.24091758774748e-11,6.39595043594454e-09,1.45072157411996e-11,6.77335521100067e-17,8.0546358471878e-10,1.92108047008514,24.6542892456055,82.302978515625,87.5466232299805,88.5615768432617,88.1303405761719,86.184440612793,84.5692138671875,81.435302734375
0,0,0,0,0,0,0,0,0,0,0,0,0,0,0,2.13644838689178e-21,3.50253083914592e-13,6.26850099605392e-11,5.13318059662104e-14,6.28645633312937e-19,1.1418539997976e-06,0.927608072757721,20.1532516479492,79.5373458862305,87.1156311035156,88.2947082519531,87.924430847168,86.0391311645508,84.4496078491211,81.3809280395508
0,0,0,0,0,0,0,0,0,0,0,0,0,0,0,0,7.00972915170374e-15,1.48638859467226e-13,3.38004950651362e-16,1.09247445924821e-21,1.97700296666881e-06,1.12851917743683,17.6984329223633,76.7091522216797,86.5852432250977,88.0308380126953,87.6891555786133,85.9063415527344,84.3396987915039,81.2994689941406
0,0,0,0,0,0,0,0,0,0,0,0,0,0,0,0,1.38744732951e-17,5.73921784730491e-16,3.57536101874128e-19,7.29511907960682e-21,1.53275664160901e-07,2.57566833496094,17.676887512207,75.6847991943359,86.1971817016602,87.8043670654297,87.477165222168,85.7805328369141,84.1909332275391,81.1190338134766
0,0,0,0,0,0,0,0,0,0,0,0,0,0,0,0,3.34802342477957e-21,1.69222864881994e-19,2.49407217637319e-18,5.57668095975408e-17,8.47410058790743e-11,3.80883550643921,20.0084095001221,76.7667541503906,86.0695190429688,87.6071472167969,87.2798233032227,85.6709594726563,84.0288925170898,80.9187622070313
0,0,0,0,0,0,0,0,0,0,0,0,0,0,0,0,0,3.67366626466438e-19,4.83487549787233e-15,3.07452766587848e-13,0.0014359358465299,4.22850036621094,22.7283382415771,77.6729431152344,86.0065841674805,87.4047012329102,87.0769882202148,85.5607299804688,83.8521347045898,80.539306640625
0,0,0,0,0,0,0,0,0,0,0,0,0,0,0,0,0,6.19522941646449e-17,6.41706045939605e-12,7.33878646741459e-09,0.0259853955358267,4.76186370849609,26.0432090759277,77.9126052856445,85.9166717529297,87.1708755493164,86.8814849853516,85.449089050293,83.6278839111328,80.1222229003906
0,0,0,0,0,0,0,0,0,0,0,0,0,0,0,0,0,3.67790076765616e-17,1.84149229198738e-09,2.93454831989948e-05,0.131636455655098,5.86648511886597,29.7923469543457,78.2088928222656,85.8154525756836,86.9199295043945,86.6535720825195,85.3541793823242,83.3266677856445,79.7162857055664
0,0,0,0,0,0,0,0,0,0,0,0,0,0,0,0,0,1.33944479779262e-17,1.85253171025579e-07,0.042896956205368,0.89026540517807,8.58466053009033,34.5087814331055,78.6118087768555,85.7225570678711,86.6257934570313,86.4267654418945,85.2567520141602,82.9708633422852,79.3214874267578
0,0,0,0,0,0,0,0,0,0,0,0,0,0,0,0,0,1.44211144448528e-16,8.21532523787027e-07,0.484470456838608,3.63457727432251,13.921854019165,39.4409141540527,79.153938293457,85.6314392089844,86.3124694824219,86.172248840332,85.1626968383789,82.6091842651367,78.9290618896484
0,0,0,0,0,0,0,0,0,0,0,0,0,0,0,0,0,1.20302211798538e-17,3.3209296361747e-06,1.34276986122131,6.92955780029297,19.6436710357666,43.2896728515625,79.3263244628906,85.5173873901367,85.9518966674805,85.9436874389648,85.066780090332,82.2911834716797,78.4092407226563
0,0,0,0,0,0,0,0,0,0,0,0,0,0,0,0,0,2.01384590600942e-19,1.76489479031261e-07,1.81921195983887,9.73460865020752,21.6283931732178,44.4142990112305,79.0684661865234,85.3310089111328,85.553466796875,85.7136688232422,84.9715118408203,81.9831314086914,77.8365783691406
0,0,0,0,0,0,0,0,0,0,0,0,0,0,0,0,0,6.70300286093832e-23,1.46394441014053e-09,1.30172836780548,11.4306545257568,19.8178749084473,42.6694068908691,78.6023101806641,85.0206680297852,85.1641159057617,85.4946441650391,84.8779678344727,81.6715240478516,77.2594604492188
